,reflection_BB,emission_BB,reflection_depth,emission_depth
0,76626768.96170108,8.194754511572294e-17,148.0701092197184,1.583517368667547e-22
1,77009165.6079889,9.131900827370801e-17,148.0701092197184,1.7558449597747086e-22
2,77391125.76243947,1.017241788788516e-16,148.0701092197184,1.9462580662171964e-22
3,77772637.60243185,1.1327283876230354e-16,148.0701092197184,2.156583873739855e-22
4,78153689.39151375,1.260859727033947e-16,148.0701092197184,2.3888269248224775e-22
5,78534269.47971514,1.4029686443289069e-16,148.0701092197184,2.645185621180047e-22
6,78914366.30384834,1.5605229516199396e-16,148.0701092197184,2.9280701944250876e-22
7,79293968.38779396,1.735138537799412e-16,148.0701092197184,3.240122269411484e-22
8,79673064.34277157,1.9285936863741703e-16,148.0701092197184,3.584236154810219e-22
9,80051642.86759792,2.142844716695953e-16,148.0701092197184,3.9635820062662893e-22
10,80429692.748931,2.3800430651590996e-16,148.0701092197184,4.381631019104263e-22
11,80807202.86150004,2.642553932685099e-16,148.0701092197184,4.842182820042926e-22
12,81184162.16832294,2.9329766353363486e-16,148.0701092197184,5.349395240819379e-22
13,81560559.72091033,3.2541668062493376e-16,148.0701092197184,5.907816671064205e-22
14,81936384.65945572,3.609260609316891e-16,148.0701092197184,6.522421203292685e-22
15,82311626.21301392,4.0017011382440697e-16,148.0701092197184,7.198646799554888e-22
16,82686273.6996666,4.4352671888198814e-16,148.0701092197184,7.942436727195763e-22
17,83060316.5266741,4.914104607569477e-16,148.0701092197184,8.760284530414245e-22
18,83433744.19061635,5.442760436447834e-16,148.0701092197184,9.659282824948808e-22
19,83806546.27752092,6.026220091005537e-16,148.0701092197184,1.064717622538026e-21
20,84178712.46297887,6.669947828575045e-16,148.0701092197184,1.1732418738303675e-21
21,84550232.51224868,7.37993078360469e-16,148.0701092197184,1.2924235980119908e-21
22,84921096.28034908,8.162726869403595e-16,148.0701092197184,1.4232692605535827e-21
23,85291293.71213938,9.025516869355593e-16,148.0701092197184,1.56687653621519e-21
24,85660814.84238869,9.97616106626124e-16,148.0701092197184,1.7244422217938507e-21
25,86029649.79583493,1.1023260785957073e-15,148.0701092197184,1.8972708042025823e-21
26,86397788.78723033,1.2176225260917018e-15,148.0701092197184,2.0867837355281396e-21
27,86765222.12137872,1.3445344251277495e-15,148.0701092197184,2.2945294705732457e-21
28,87131940.19316015,1.4841866894801984e-15,148.0701092197184,2.5221943265190447e-21
29,87497933.48754527,1.6378087293889749e-15,148.0701092197184,2.771614228765225e-21
30,87863192.57960007,1.8067437386992456e-15,148.0701092197184,3.0447874117352885e-21
31,88227708.13447908,1.992458769390776e-15,148.0701092197184,3.3438881484917974e-21
32,88591470.90740892,2.196555656961232e-15,148.0701092197184,3.671281588420265e-21
33,88954471.74366252,2.4207828649712888e-15,148.0701092197184,4.029539788021491e-21
34,89316701.57852209,2.6670483222518825e-15,148.0701092197184,4.4214590260358056e-21
35,89678151.43723305,2.9374333318374455e-15,148.0701092197184,4.8500785007286484e-21
36,90038812.43494931,3.234207636648892e-15,148.0701092197184,5.318700514223618e-21
37,90398675.77666731,3.559845733333012e-15,148.0701092197184,5.830912256305622e-21
38,90757732.75715218,3.917044532499954e-15,148.0701092197184,6.390609308164567e-21
39,91115974.76085407,4.308742470915512e-15,148.0701092197184,7.00202099513948e-21
40,91473393.26181598,4.738140189032575e-15,148.0701092197184,7.669737726688795e-21
41,91829979.82357271,5.208722895622012e-15,148.0701092197184,8.398740471595074e-21
42,92185726.09904037,5.724284550219196e-15,148.0701092197184,9.194432526843505e-21
43,92540623.83039859,6.288954003677388e-15,148.0701092197184,1.0062673749735466e-20
44,92894664.84896286,6.907223247358474e-15,148.0701092197184,1.1009817434663644e-20
45,93247841.07505065,7.583977932427104e-15,148.0701092197184,1.2042750028610303e-20
46,93600144.5178371,8.324530332402955e-15,148.0701092197184,1.3168933892905139e-20
47,93951567.27520399,9.134654934606174e-15,148.0701092197184,1.439645333312657e-20
48,94302101.53358154,1.0020626859458354e-14,148.0701092197184,1.5734064134314847e-20
49,94651739.56778044,1.0989263320825831e-14,148.0701092197184,1.7191246854937052e-20
50,95000473.74081899,1.2047968355779966e-14,148.0701092197184,1.877826415037698e-20
51,95348296.50374006,1.3204781068339493e-14,148.0701092197184,2.0506222415151424e-20
52,95695200.3954229,1.4468427649042084e-14,148.0701092197184,2.238713805268047e-20
53,96041178.04238698,1.5848377450616492e-14,148.0701092197184,2.4434008702313317e-20
54,96386222.1585885,1.73549034196615e-14,148.0701092197184,2.6660889775499578e-20
55,96730325.5452103,1.89991472051799e-14,148.0701092197184,2.9082976676612603e-20
56,97073481.09044579,2.0793189287112858e-14,148.0701092197184,3.171669310901128e-20
57,97415681.76927418,2.2750124491778918e-14,148.0701092197184,3.4579785893593035e-20
58,97756920.64323239,2.4884143286438963e-14,148.0701092197184,3.7691426755443947e-20
59,98097190.86017689,2.7210619272126948e-14,148.0701092197184,4.107232156426244e-20
60,98436485.65404207,2.974620332258471e-14,148.0701092197184,4.474482754623013e-20
61,98774798.34459157,3.2508924847641294e-14,148.0701092197184,4.8733079018930065e-20
62,99112122.33716376,3.551830069185426e-14,148.0701092197184,5.306312223696208e-20
63,99448451.12241037,3.879545221375199e-14,148.0701092197184,5.7763059974135e-20
64,99783778.27603085,4.236323112774919e-14,148.0701092197184,6.28632065087154e-20
65,100118097.45850064,4.624635472983938e-14,148.0701092197184,6.839625372125712e-20
66,100451402.41479328,5.047155116965758e-14,148.0701092197184,7.439744906019571e-20
67,100783686.9740972,5.506771547560751e-14,148.0701092197184,8.090478617883112e-20
68,101114945.04952885,6.006607708657224e-14,148.0701092197184,8.795920909863779e-20
69,101445170.6378381,6.550037969346589e-14,148.0701092197184,9.560483080824958e-20
70,101774357.81911062,7.140707424673524e-14,148.0701092197184,1.0388916726516787e-19
71,102102500.7564647,7.782552604194464e-14,148.0701092197184,1.128633878282668e-19
72,102429593.69574265,8.479823685512054e-14,148.0701092197184,1.225825832139284e-19
73,102755630.96519846,9.237108316266236e-14,148.0701092197184,1.3310605213714667e-19
74,103080606.97518009,1.0059357154759551e-13,148.0701092197184,1.4449760787148296e-19
75,103404516.2178082,1.095191124650038e-13,148.0701092197184,1.5682590603858893e-19
76,103727353.26664914,1.1920531361476943e-13,148.0701092197184,1.7016479501925977e-19
77,104049112.77638482,1.2971429424960686e-13,148.0701092197184,1.8459369046400165e-19
78,104369789.48247804,1.411130218310087e-13,148.0701092197184,2.001979754721056e-19
79,104689378.20083377,1.534736725353496e-13,148.0701092197184,2.1706942810440275e-19
80,105007873.8274561,1.6687401720739315e-13,148.0701092197184,2.3530667799666723e-19
81,105325271.33810212,1.8139783445903527e-13,148.0701092197184,2.550156939482112e-19
82,105641565.7879314,1.9713535271763299e-13,148.0701092197184,2.7631030447394512e-19
83,105956752.31115179,2.1418372314096946e-13,148.0701092197184,2.993127534282815e-19
84,106270826.12066206,2.326475254353042e-13,148.0701092197184,3.2415429293632836e-19
85,106583782.50769144,2.526393087391826e-13,148.0701092197184,3.509758160018895e-19
86,106895616.8414342,2.7428016986922633e-13,148.0701092197184,3.799285313034203e-19
87,107206324.56868255,2.9770037136544225e-13,148.0701092197184,4.1117468283870917e-19
88,107515901.21345645,3.2304000192302176e-13,148.0701092197184,4.44888317237053e-19
89,107824342.37662868,3.5044968195530385e-13,148.0701092197184,4.812561017240668e-19
90,108131643.7355485,3.800913171998139e-13,148.0701092197184,5.204781959005851e-19
91,108437801.04366161,4.121389034554572e-13,148.0701092197184,5.627691806824182e-19
92,108742810.13012853,4.4677938572528944e-13,148.0701092197184,6.08359047943468e-19
93,109046666.899438,4.8421357523627e-13,148.0701092197184,6.574942546114112e-19
94,109349367.33101964,5.246571280151513e-13,148.0701092197184,7.104388451826888e-19
95,109650907.47885366,5.683415889190917e-13,148.0701092197184,7.674756468530597e-19
96,109951283.47107814,6.155155052513731e-13,148.0701092197184,8.289075417020896e-19
97,110250491.50959298,6.664456143369229e-13,148.0701092197184,8.950588206247064e-19
98,110548527.86966266,7.214181096904337e-13,148.0701092197184,9.662766239717568e-19
99,110845388.89951718,7.807399906818786e-13,148.0701092197184,1.042932474144364e-18
100,111141071.01994891,8.447405008913249e-13,148.0701092197184,1.125423905685119e-18
101,111435570.72390938,9.137726606475516e-13,148.0701092197184,1.2141761987229221e-18
102,111728884.57610375,9.882148995639864e-13,148.0701092197184,1.3096442219587692e-18
103,112021009.2125819,1.0684727952216837e-12,148.0701092197184,1.4123143917275379e-18
104,112311941.34032947,1.1549809245038719e-12,148.0701092197184,1.5227067540374683e-18
105,112601677.73685695,1.2482048344593746e-12,148.0701092197184,1.6413771968735413e-18
106,112890215.2497858,1.348643139965786e-12,148.0701092197184,1.768919800456637e-18
107,113177550.7964342,1.4568297558777354e-12,148.0701092197184,1.905969333576958e-18
108,113463681.3634011,1.573336271781518e-12,148.0701092197184,2.0532039045683474e-18
109,113748604.00614835,1.698774477936106e-12,148.0701092197184,2.2113477759610408e-18
110,114032315.84858246,1.8337990514645907e-12,148.0701092197184,2.3811743523470095e-18
111,114314814.08263335,1.979110412368498e-12,148.0701092197184,2.5635093515128677e-18
112,114596095.96783361,2.1354577594715013e-12,148.0701092197184,2.7592341694414702e-18
113,114876158.8308957,2.3036422969634153e-12,148.0701092197184,2.969289450360675e-18
114,115155000.06528857,2.4845206628061226e-12,148.0701092197184,3.1946788736205436e-18
115,115432617.1308119,2.6790085708859032e-12,148.0701092197184,3.4364731698156495e-18
116,115709007.55317186,2.888084679450802e-12,148.0701092197184,3.695814379235449e-18
117,115984168.92355312,3.1127946990596738e-12,148.0701092197184,3.973920366426216e-18
118,116258098.89819221,3.354255753991852e-12,148.0701092197184,4.272089605382025e-18
119,116530795.19794941,3.6136610118259402e-12,148.0701092197184,4.591706250653998e-18
120,116802255.60787886,3.89228459669397e-12,148.0701092197184,4.934245510476491e-18
121,117072477.97679989,4.191486802554574e-12,148.0701092197184,5.301279338857544e-18
122,117341460.21686666,4.512719623709145e-12,148.0701092197184,5.694482464472797e-18
123,117609200.30313706,4.857532620707032e-12,148.0701092197184,6.115638775134585e-18
124,117875696.27314192,5.227579140757903e-12,148.0701092197184,6.566648077591139e-18
125,118140946.22645295,5.624622912783962e-12,148.0701092197184,7.049533253434964e-18
126,118404948.32425088,6.050545038313361e-12,148.0701092197184,7.56644783297787e-18
127,118667700.78889383,6.507351400536842e-12,148.0701092197184,8.119684010080327e-18
128,118929201.9034835,6.997180515023847e-12,148.0701092197184,8.711681122105634e-18
129,119189450.01143341,7.522311846824334e-12,148.0701092197184,9.345034620406549e-18
130,119448443.5160351,8.085174619977266e-12,148.0701092197184,1.0022505558055406e-17
131,119706180.88002639,8.688357146799127e-12,148.0701092197184,1.0747030622886782e-17
132,119962660.62515676,9.334616705743704e-12,148.0701092197184,1.1521732745345836e-17
133,120217881.33175494,1.0026889998114372e-11,148.0701092197184,1.234993231213039e-17
134,120471841.63829653,1.076830421546608e-11,148.0701092197184,1.3235159018174718e-17
135,120724540.2409699,1.1562188751166719e-11,148.0701092197184,1.4181164391158762e-17
136,120975975.89324391,1.2412087591298259e-11,148.0701092197184,1.519193502443887e-17
137,121226147.40543565,1.3321772421867572e-11,148.0701092197184,1.6271706556086735e-17
138,121475053.64427698,1.4295256491169251e-11,148.0701092197184,1.7424978433594977e-17
139,121722693.53248382,1.5336809268109617e-11,148.0701092197184,1.8656529505773263e-17
140,121969066.04832335,1.6450971939348307e-11,148.0701092197184,1.9971434485402552e-17
141,122214170.2251827,1.7642573790268203e-11,148.0701092197184,2.1375081328365245e-17
142,122458005.15113832,1.891674951702987e-11,148.0701092197184,2.2873189577207734e-17
143,122700569.96852493,2.027895751931634e-11,148.0701092197184,2.4471829719433678e-17
144,122941863.87350611,2.1734999225842013e-11,148.0701092197184,2.617744361328545e-17
145,123181886.11564426,2.3291039507260827e-11,148.0701092197184,2.799686603631974e-17
146,123420635.99747124,2.4953628233803856e-11,148.0701092197184,2.9937347414765313e-17
147,123658112.87406078,2.6729723037790217e-11,148.0701092197184,3.2006577794449317e-17
148,123894316.15260081,2.8626713344089953e-11,148.0701092197184,3.42127121169956e-17
149,124129245.29196528,3.065244573468142e-11,148.0701092197184,3.656439686804053e-17
150,124362899.80228879,3.281525071667054e-11,148.0701092197184,3.907079816741636e-17
151,124595279.24454126,3.5123970966476356e-11,148.0701092197184,4.174163137456292e-17
152,124826383.23010218,3.758799112638647e-11,148.0701092197184,4.4587192285898726e-17
153,125056211.42033702,4.0217269233356134e-11,148.0701092197184,4.7618390004524374e-17
154,125284763.5261751,4.302236986372502e-11,148.0701092197184,5.084678156639507e-17
155,125512039.30768566,4.601449908151968e-11,148.0701092197184,5.4284608411059724e-17
156,125738038.57365747,4.920554128216292e-11,148.0701092197184,5.794483478917286e-17
157,125962761.18117933,5.260809802775691e-11,148.0701092197184,6.184118820329187e-17
158,126186207.03521883,5.623552897463012e-11,148.0701092197184,6.598820198294805e-17
159,126408376.0882056,6.010199499856657e-11,148.0701092197184,7.04012600996546e-17
160,126629268.33961307,6.422250362806118e-11,148.0701092197184,7.509664433239067e-17
161,126848883.83554325,6.861295690108423e-11,148.0701092197184,8.009158389917703e-17
162,127067222.66831063,7.329020176620743e-11,148.0701092197184,8.540430767567207e-17
163,127284284.97602822,7.827208315450484e-11,148.0701092197184,9.105409912720286e-17
164,127500070.94219568,8.357749985450829e-11,148.0701092197184,9.706135408645071e-17
165,127714580.79528686,8.922646332853344e-11,148.0701092197184,1.0344764151496715e-16
166,127927814.80833948,9.524015961501408e-11,148.0701092197184,1.1023576739293478e-16
167,128139773.29854602,1.0164101446813047e-10,148.0701092197184,1.1744984188816125e-16
168,128350456.62684622,1.0845276189280289e-10,148.0701092197184,1.2511534996197717e-16
169,128559865.19751945,1.1570051624033946e-10,148.0701092197184,1.3325922557684373e-16
170,128767999.45778017,1.23410848037444e-10,148.0701092197184,1.4190992967778317e-16
171,128974859.89737378,1.3161186372907298e-10,148.0701092197184,1.5109753212743241e-16
172,129180447.04817389,1.4033328952365137e-10,148.0701092197184,1.608537977824188e-16
173,129384761.48378074,1.496065595376464e-10,148.0701092197184,1.7121227690714215e-16
174,129587803.819122,1.5946490844517317e-10,148.0701092197184,1.8220840012958842e-16
175,129789574.71005364,1.699434688474528e-10,148.0701092197184,1.9387957815282794e-16
176,129990074.85296312,1.810793735863986e-10,148.0701092197184,2.0626530644516392e-16
177,130189304.98437408,1.9291186323648706e-10,148.0701092197184,2.1940727514164439e-16
178,130387265.8805522,2.0548239901927992e-10,148.0701092197184,2.333494843997083e-16
179,130583958.35711193,2.188347813956746e-10,148.0701092197184,2.4813836546229953e-16
180,130779383.26862648,2.3301527460200616e-10,148.0701092197184,2.638229076926591e-16
181,130973541.50823742,2.480727374076798e-10,148.0701092197184,2.8045479185641057e-16
182,131166434.00726728,2.640587603839976e-10,148.0701092197184,2.980885299383505e-16
183,131358061.7348326,2.8102780998623367e-10,148.0701092197184,3.1678161179357264e-16
184,131548425.69745958,2.990373797640998e-10,148.0701092197184,3.3659465894546056e-16
185,131737526.93870066,3.1814814902904155e-10,148.0701092197184,3.575915858561817e-16
186,131925366.53875268,3.384241493208095e-10,148.0701092197184,3.798397690091143e-16
187,132111945.61407702,3.599329390304328e-10,148.0701092197184,4.03410224157138e-16
188,132297265.31702174,3.827457865515305e-10,148.0701092197184,4.2837779210527957e-16
189,132481326.83544402,4.0693786234773837e-10,148.0701092197184,4.548213334118545e-16
190,132664131.39233544,4.325884403402632e-10,148.0701092197184,4.828239324082367e-16
191,132845680.24544963,4.5978110903645967e-10,148.0701092197184,5.124731109540446e-16
192,133025974.68692902,4.886039928376955e-10,148.0701092197184,5.438610523616548e-16
193,133205016.04293586,5.191499839832271e-10,148.0701092197184,5.77084835942168e-16
194,133382805.67328428,5.515169856054714e-10,148.0701092197184,6.122466826433583e-16
195,133559344.97107276,5.858081663916843e-10,148.0701092197184,6.49454212269509e-16
196,133734635.36232084,6.221322273674485e-10,148.0701092197184,6.888207127931421e-16
197,133908678.30560493,6.606036813383526e-10,148.0701092197184,7.30465422289391e-16
198,134081475.29169784,7.013431455481596e-10,148.0701092197184,7.745138240453638e-16
199,134253027.84320888,7.444776481344237e-10,148.0701092197184,8.210979554192556e-16
200,134423337.51422697,7.901409489859765e-10,148.07010921971838,8.703567310471139e-16
201,134592405.889964,8.384738756311334e-10,148.0701092197184,9.224362810193295e-16
202,134760234.58640113,8.896246748107e-10,148.0701092197184,9.77490304673821e-16
203,134926825.24993697,9.4374938041601e-10,148.07010921971843,1.0356804406787557e-15
204,135092179.55703643,1.001012198499397e-09,148.0701092197184,1.0971766541045192e-15
205,135256299.21388304,1.061585910092651e-09,148.0701092197184,1.16215764121246e-15
206,135419185.95603144,1.1256522925979503e-09,148.0701092197184,1.2308112527165975e-15
207,135580841.54806292,1.1934025605463243e-09,148.0701092197184,1.303334936304727e-15
208,135741267.78324264,1.2650378265494126e-09,148.0701092197184,1.3799361992357255e-15
209,135900466.48317784,1.340769583303121e-09,148.0701092197184,1.4608330918624465e-15
210,136058439.49747902,1.420820207535032e-09,148.07010921971838,1.5462547129624636e-15
211,136215188.7034224,1.5054234868223571e-09,148.07010921971843,1.6364417377936297e-15
212,136370716.00561425,1.5948251702426517e-09,148.0701092197184,1.7316469698264512e-15
213,136525023.33565775,1.689283543857272e-09,148.0701092197184,1.832135917142813e-15
214,136678112.65182042,1.7890700320660002e-09,148.0701092197184,1.938187394528742e-15
215,136829985.93870455,1.89446982591016e-09,148.0701092197184,2.050094152327398e-15
216,136980645.20691943,2.0057825394442734e-09,148.0701092197184,2.1681635331610724e-15
217,137130092.4927553,2.1233228953375586e-09,148.0701092197184,2.292718157671855e-15
218,137278329.8578588,2.2474214409114028e-09,148.07010921971843,2.424096640475247e-15
219,137425359.3889104,2.3784252958644607e-09,148.0701092197184,2.562654337566248e-15
220,137571183.19730538,2.516698932983794e-09,148.0701092197184,2.708764126463937e-15
221,137715803.41883367,2.6626249931899035e-09,148.0701092197184,2.8628172204299366e-15
222,137859222.2133645,2.816605136313109e-09,148.0701092197184,3.0252240181453107e-15
223,138001441.76453146,2.9790609290517016e-09,148.0701092197184,3.1964149902834816e-15
224,138142464.27941927,3.1504347716154496e-09,148.0701092197184,3.376841604469598e-15
225,138282291.98825356,3.3311908646140847e-09,148.0701092197184,3.566977290172736e-15
226,138420927.14409238,3.521816217807768e-09,148.0701092197184,3.7673184451345995e-15
227,138558372.0225182,3.722821702396402e-09,148.0701092197184,3.978385484998245e-15
228,138694628.9213336,3.934743148585221e-09,148.0701092197184,4.200723937860695e-15
229,138829700.1602578,4.158142490228279e-09,148.07010921971843,4.434905585537713e-15
230,138963588.08062643,4.39360895841665e-09,148.0701092197184,4.681529653394036e-15
231,139096295.04509094,4.6417603259463265e-09,148.0701092197184,4.9412240506609025e-15
232,139227823.4373223,4.903244204669464e-09,148.0701092197184,5.2146466632310814e-15
233,139358175.6617148,5.178739397805768e-09,148.0701092197184,5.502486700995345e-15
234,139487354.14309406,5.468957309366219e-09,148.0701092197184,5.805466101859711e-15
235,139615361.32642376,5.774643412914674e-09,148.07010921971838,6.124340994656546e-15
236,139742199.6765167,6.096578781977202e-09,148.0701092197184,6.459903223247185e-15
237,139867871.67774826,6.435581684486393e-09,148.0701092197184,6.8129819341915416e-15
238,139992379.8337686,6.792509243735178e-09,148.0701092197184,7.184445230448222e-15
239,140115726.66722047,7.168259168400911e-09,148.0701092197184,7.575201893654971e-15
240,140237914.71945673,7.563771554290027e-09,148.0701092197184,7.98620317762995e-15
241,140358946.5502604,7.980030760546904e-09,148.0701092197184,8.418444675828186e-15
242,140478824.7375663,8.418067363166651e-09,148.0701092197184,8.872968265584502e-15
243,140597551.87718597,8.878960188748615e-09,148.0701092197184,9.350864132072202e-15
244,140715130.58253187,9.363838431530898e-09,148.0701092197184,9.853272875011601e-15
245,140831563.4843465,9.873883856850007e-09,148.07010921971838,1.038138770126698e-14
246,140946853.23043108,1.0410333094278e-08,148.0701092197184,1.0936456706580693e-14
247,141061002.48537785,1.0974480023801969e-08,148.0701092197184,1.1519785249806512e-14
248,141174013.93030247,1.1567678258522744e-08,148.0701092197184,1.213273842311834e-14
249,141285890.26258022,1.2191343727473112e-08,148.0701092197184,1.2776743621795158e-14
250,141396634.19558272,1.2846957362270337e-08,148.0701092197184,1.3453293217299662e-14
251,141506248.45841768,1.3536067891453523e-08,148.0701092197184,1.416394733750585e-14
252,141614735.79566896,1.4260294746474275e-08,148.0701092197184,1.491033675805085e-14
253,141722098.96714,1.5021331083451644e-08,148.0701092197184,1.5694165908931018e-14
254,141828340.74759874,1.5820946924937518e-08,148.0701092197184,1.651721600060056e-14
255,141933463.92652395,1.6660992426073875e-08,148.0701092197184,1.7381348273968516e-14
256,142037471.3078539,1.7543401269679358e-08,148.07010921971843,1.8288507378849214e-14
257,142140365.7097367,1.8470194194944462e-08,148.0701092197184,1.9240724885566367e-14
258,142242149.96428266,1.9443482664571716e-08,148.0701092197184,2.0240122934571495e-14
259,142342826.9173184,2.0465472675356323e-08,148.0701092197184,2.1288918029100087e-14
260,142442399.42814294,2.153846871736748e-08,148.0701092197184,2.2389424976057985e-14
261,142540870.36928532,2.2664877887055838e-08,148.0701092197184,2.3544060980499577e-14
262,142638242.6262642,2.3847214159787164e-08,148.0701092197184,2.475534989923888e-14
263,142734519.09735015,2.5088102827483217e-08,148.07010921971843,2.6025926659320152e-14
264,142829702.69332775,2.6390285107229625e-08,148.0701092197184,2.7358541847259206e-14
265,142923796.33726275,2.7756622926901223e-08,148.0701092197184,2.8756066475161724e-14
266,143016802.96426675,2.9190103894051513e-08,148.0701092197184,3.0221496930028894e-14
267,143108725.5212677,3.069384645450826e-08,148.07010921971838,3.1757960112759756e-14
268,143199566.96678033,3.227110524732506e-08,148.07010921971843,3.336871877357665e-14
269,143289330.27067843,3.3925276662951204e-08,148.0701092197184,3.5057177050818276e-14
270,143378018.41396883,3.5659904611690764e-08,148.0701092197184,3.6826886220261525e-14
271,143465634.38856837,3.747868650976224e-08,148.0701092197184,3.8681550662381307e-14
272,143552181.1970811,3.9385479490475946e-08,148.0701092197184,4.062503405517278e-14
273,143637661.85257792,4.138430684830151e-08,148.0701092197184,4.266136580042337e-14
274,143722079.37837887,4.347936472383435e-08,148.0701092197184,4.479474769156893e-14
275,143805436.80783555,4.5675029037908446e-08,148.0701092197184,4.702956083151657e-14
276,143887737.18411624,4.79758626833772e-08,148.0701092197184,4.9370372809101774e-14
277,143968983.55999354,5.0386622983329904e-08,148.0701092197184,5.182194514310404e-14
278,144049178.99763176,5.2912269424791715e-08,148.0701092197184,5.438924100303885e-14
279,144128326.56837785,5.555797167722553e-08,148.0701092197184,5.707743321622466e-14
280,144206429.3525533,5.8329117905446715e-08,148.0701092197184,5.989191257093146e-14
281,144283490.43924826,6.123132338684412e-08,148.0701092197184,6.283829642571229e-14
282,144359512.9261165,6.42704394431062e-08,148.0701092197184,6.592243763534041e-14
283,144434499.9191729,6.745256269696619e-08,148.0701092197184,6.915043380410439e-14
284,144508454.53259283,7.078404466478038e-08,148.0701092197184,7.252863687752986e-14
285,144581379.88851193,7.427150169609429e-08,148.0701092197184,7.606366308395572e-14
286,144653279.11682928,7.792182527167321e-08,148.0701092197184,7.976240323773015e-14
287,144724155.35501143,8.174219267183011e-08,148.0701092197184,8.363203341616901e-14
288,144794011.74789736,8.574007802721133e-08,148.0701092197184,8.768002602276623e-14
289,144862851.4475069,8.992326376459771e-08,148.0701092197184,9.191416124956222e-14
290,144930677.61284962,9.429985246059428e-08,148.0701092197184,9.634253895191586e-14
291,144997493.40973476,9.887827911653064e-08,148.07010921971838,1.0097359094939733e-13
292,145063302.0105855,1.036673238682221e-07,148.0701092197184,1.0581609376686773e-13
293,145128106.59425068,1.0867612514465821e-07,148.0701092197184,1.1087918183026034e-13
294,145191910.34582326,1.1391419329013713e-07,148.0701092197184,1.1617236113204663e-13
295,145254716.45645496,1.1939142466469877e-07,148.0701092197184,1.2170552338174438e-13
296,145316528.12317762,1.2511811623823704e-07,148.0701092197184,1.2748896065736853e-13
297,145377348.54872233,1.3110498069402848e-07,148.0701092197184,1.3353338057412578e-13
298,145437180.9413425,1.3736316205792931e-07,148.07010921971838,1.398499219871892e-13
299,145496028.5146373,1.4390425186992052e-07,148.0701092197184,1.4645017124585889e-13
300,145553894.48737767,1.5074030591516858e-07,148.0701092197184,1.533461790169301e-13
301,145610782.08333275,1.5788386153225844e-07,148.0701092197184,1.605504776956235e-13
302,145666694.53109866,1.65347955516748e-07,148.0701092197184,1.6807609942295405e-13
303,145721635.06392956,1.7314614263872057e-07,148.0701092197184,1.7593659472898962e-13
304,145775606.9195682,1.812925147935117e-07,148.0701092197184,1.8414605182198889e-13
305,145828613.3400802,1.8980172080534613e-07,148.0701092197184,1.927191165440087e-13
306,145880657.5716887,1.986889869041621e-07,148.0701092197184,2.0167101301416156e-13
307,145931742.86461097,2.0797013789646309e-07,148.0701092197184,2.110175649813122e-13
308,145981872.47289565,2.176616190516213e-07,148.0701092197184,2.2077521790863639e-13
309,146031049.65426382,2.2778051872563734e-07,148.0701092197184,2.3096106181309265e-13
310,146079277.66994864,2.3834459174497782e-07,148.0701092197184,2.4159285488353874e-13
311,146126559.7845383,2.4937228357373563e-07,148.0701092197184,2.526890479018902e-13
312,146172899.2658206,2.6088275528796974e-07,148.0701092197184,2.6426880949239887e-13
313,146218299.3846284,2.7289590938175367e-07,148.0701092197184,2.763520522248573e-13
314,146262763.41468582,2.854324164301363e-07,148.0701092197184,2.889594595982782e-13
315,146306294.632458,2.9851374263487646e-07,148.0701092197184,3.0211251393230963e-13
316,146348896.31700075,3.1216217827948987e-07,148.0701092197184,3.158335251944081e-13
317,146390571.7498114,3.2640086712094114e-07,148.0701092197184,3.3014566079164735e-13
318,146431324.21468255,3.4125383674597107e-07,148.07010921971838,3.4507297635677145e-13
319,146471156.9975565,3.567460299207947e-07,148.0701092197184,3.6064044755892945e-13
320,146510073.38638026,3.729033369637312e-07,148.07010921971838,3.768740029704337e-13
321,146548076.6709635,3.8975262917105027e-07,148.0701092197184,3.938005580216831e-13
322,146585170.14283776,4.073217933271648e-07,148.07010921971838,4.114480500773341e-13
323,146621357.0951152,4.256397673310437e-07,148.0701092197184,4.298454746676388e-13
324,146656640.8223513,4.4473657697167757e-07,148.0701092197184,4.490229229099031e-13
325,146691024.6204074,4.6464337388615413e-07,148.0701092197184,4.690116201558659e-13
326,146724511.78631455,4.853924747348754e-07,148.0701092197184,4.898439659018592e-13
327,146757105.61814085,5.070174016293077e-07,148.0701092197184,5.1155357499957e-13
328,146788809.4148561,5.295529238485263e-07,148.0701092197184,5.341753202062333e-13
329,146819626.47620252,5.530351008818384e-07,148.0701092197184,5.577453761141719e-13
330,146849560.10256293,5.775013268356735e-07,148.0701092197184,5.823012645006763e-13
331,146878613.59483328,6.029903762439079e-07,148.07010921971843,6.078819011402712e-13
332,146906790.2542938,6.295424513217863e-07,148.0701092197184,6.345276441225741e-13
333,146934093.38248417,6.571992307046699e-07,148.0701092197184,6.622803437201171e-13
334,146960526.28107798,6.860039197138056e-07,148.0701092197184,6.911833938516366e-13
335,146986092.25175893,7.160013021924419e-07,148.0701092197184,7.212817851875831e-13
336,147010794.59609964,7.472377939567265e-07,148.0701092197184,7.526221599458618e-13
337,147034636.6154395,7.797614979067802e-07,148.0701092197184,7.852528684269503e-13
338,147057621.6107663,8.136222608447418e-07,148.0701092197184,8.192240273390573e-13
339,147079752.8825973,8.488717320474984e-07,148.07010921971843,8.54587579965106e-13
340,147101033.730862,8.855634236430113e-07,148.0701092197184,8.9139735822467e-13
341,147121467.4547871,9.23752772840681e-07,148.0701092197184,9.297091466856949e-13
342,147141057.35278106,9.634972060669334e-07,148.0701092197184,9.69580748581782e-13
343,147159806.7223217,1.0048562050588997e-06,148.0701092197184,1.011072053892649e-12
344,147177718.85984346,1.0478913749700647e-06,148.0701092197184,1.0542451095466272e-12
345,147194797.06062785,1.092666514543393e-06,148.0701092197184,1.0991641918058371e-12
346,147211044.61869246,1.139247688408202e-06,148.0701092197184,1.1458958808957095e-12
347,147226464.82668325,1.1877033015593053e-06,148.0701092197184,1.1945091379429298e-12
348,147241060.97576797,1.2381041760774435e-06,148.0701092197184,1.2450753842866377e-12
349,147254836.3555293,1.290523630152032e-06,148.0701092197184,1.297668583229957e-12
350,147267794.25386137,1.345037559468581e-06,148.0701092197184,1.3523653243004574e-12
351,147279937.95686474,1.401724521024435e-06,148.0701092197184,1.4092449100897483e-12
352,147291270.74874547,1.4606658194382947e-06,148.0701092197184,1.4683894457443937e-12
353,147301795.911713,1.5219455958203034e-06,148.0701092197184,1.529883931182011e-12
354,147311516.7258809,1.585650919271262e-06,148.0701092197184,1.5938163561083834e-12
355,147320436.46916723,1.6518718810808152e-06,148.0701092197184,1.6602777979130476e-12
356,147328558.41719797,1.7207016916965482e-06,148.0701092197184,1.729362522523132e-12
357,147335885.84320965,1.7922367805373208e-06,148.0701092197184,1.8011680882969907e-12
358,147342422.01795357,1.8665768987256966e-06,148.0701092197184,1.8757954530409437e-12
359,147348170.20960248,1.9438252248167824e-06,148.07010921971843,1.953349084235236e-12
360,147353133.6836573,2.0240884736014923e-06,148.0701092197184,2.033937072556375e-12
361,147357315.70285407,2.1074770080653013e-06,148.0701092197184,2.1176712487863985e-12
362,147360719.52707443,2.194104954584296e-06,148.0701092197184,2.2046673042006414e-12
363,147363348.41325483,2.284090321442779e-06,148.0701092197184,2.2950449145285133e-12
364,147365205.6152976,2.377555120758653e-06,148.0701092197184,2.388927867584027e-12
365,147366294.38398385,2.474625493904694e-06,148.0701092197184,2.4864441946651197e-12
366,147366617.96688685,2.575431840515399e-06,148.0701092197184,2.5877263058228246e-12
367,147366179.6082857,2.6801089511716143e-06,148.0701092197184,2.6929111291042334e-12
368,147364982.549082,2.788796143857633e-06,148.07010921971838,2.802140253876083e-12
369,147363030.0267152,2.9016374042860422e-06,148.0701092197184,2.915560078336912e-12
370,147360325.2750814,3.018781530189682e-06,148.0701092197184,3.0333219613301232e-12
371,147356871.52445012,3.14038227968032e-06,148.0701092197184,3.155582378571188e-12
372,147352672.00138626,3.2665985237781497e-06,148.0701092197184,3.282503083406938e-12
373,147347729.92866912,3.397594403216127e-06,148.0701092197184,3.4142512722256215e-12
374,147342048.52521455,3.5335394896268778e-06,148.0701092197184,3.550999754640326e-12
375,147335631.00599748,3.67460895122233e-06,148.0701092197184,3.692927128571479e-12
376,147328480.58197626,3.820983723077834e-06,148.0701092197184,3.840217960356242e-12
377,147320600.46001577,3.972850682135603e-06,148.0701092197184,3.9930629700162744e-12
378,147311993.8428149,4.130402827044728e-06,148.0701092197184,4.151659221818188e-12
379,147302663.9288323,4.29383946295706e-06,148.0701092197184,4.316210320263885e-12
380,147292613.9122128,4.463366391401459e-06,148.0701092197184,4.486926611651615e-12
381,147281846.9827185,4.639196105361649e-06,148.0701092197184,4.664025391351814e-12
382,147270366.32565567,4.8215479896844575e-06,148.0701092197184,4.8477311169444655e-12
383,147258175.12180677,5.010648526949281e-06,148.0701092197184,5.03827562736877e-12
384,147245276.5473613,5.2067315089317735e-06,148.07010921971843,5.235898368239323e-12
385,147231673.77384806,5.410038253797874e-06,148.0701092197184,5.4408466234864916e-12
386,147217369.96806777,5.620817829165919e-06,148.0701092197184,5.653375753481149e-12
387,147202368.29202852,5.83932728117995e-06,148.0701092197184,5.873749439809923e-12
388,147186671.90287998,6.065831869737969e-06,148.07010921971838,6.102239936868736e-12
389,147170283.95284855,6.300605310022709e-06,148.0701092197184,6.339128330446786e-12
390,147153207.5891758,6.543930020486667e-06,148.0701092197184,6.584704803478094e-12
391,147135445.9540551,6.7960973774442325e-06,148.0701092197184,6.839268909139942e-12
392,147117002.1845701,7.057407976427991e-06,148.0701092197184,7.103129851482285e-12
393,147097879.412635,7.3281719004710135e-06,148.0701092197184,7.376606773777944e-12
394,147078080.7649338,7.608708995477186e-06,148.0701092197184,7.660029054784682e-12
395,147057609.36286223,7.89934915284603e-06,148.0701092197184,7.953736613115279e-12
396,147036468.3224696,8.200432599525468e-06,148.0701092197184,8.258080219919969e-12
397,147014660.75440177,8.512310195662499e-06,148.07010921971838,8.573421820082868e-12
398,146992189.76384395,8.835343740032089e-06,148.0701092197184,8.900134862145583e-12
399,146969058.45046648,9.169906283423448e-06,148.0701092197184,9.238604637170706e-12
400,146945269.90836975,9.516382450169502e-06,148.0701092197184,9.589228626766094e-12
401,146920827.2260295,9.875168768006785e-06,148.0701092197184,9.952416860493012e-12
402,146895733.48624513,1.0246674006459285e-05,148.0701092197184,1.0328592282888491e-11
403,146869991.76608673,1.0631319523939966e-05,148.0701092197184,1.0718191130334116e-11
404,146843605.13684335,1.102953962377193e-05,148.0701092197184,1.1121663318012355e-11
405,146816576.66397336,1.1441781919331772e-05,148.0701092197184,1.153947283719348e-11
406,146788909.40705377,1.1868507708522919e-05,148.0701092197184,1.1972098163102846e-11
407,146760606.41973087,1.2310192357790965e-05,148.07010921971838,1.2420032673623463e-11
408,146731670.7496731,1.2767325695897256e-05,148.0701092197184,1.2883785079094357e-11
409,146702105.43852282,1.324041241767085e-05,148.0701092197184,1.3363879863470753e-11
410,146671913.5218486,1.3729972497961707e-05,148.0701092197184,1.3860857737115972e-11
411,146641098.02910095,1.4236541616027439e-05,148.0701092197184,1.4375276101505427e-11
412,146609661.9835661,1.4760671590582772e-05,148.0701092197184,1.4907709526122347e-11
413,146577608.4023207,1.530293082575216e-05,148.0701092197184,1.5458750237836756e-11
414,146544940.29618967,1.5863904768167634e-05,148.0701092197184,1.6029008623062427e-11
415,146511660.66970193,1.6444196375456885e-05,148.0701092197184,1.6619113742991826e-11
416,146477772.52104765,1.704442659637439e-05,148.0701092197184,1.722971386221745e-11
417,146443278.8420379,1.766523486283429e-05,148.0701092197184,1.786147699105595e-11
418,146408182.61806267,1.830727959410069e-05,148.0701092197184,1.8515091441890347e-11
419,146372486.82805097,1.8971238713406835e-05,148.0701092197184,1.9191266399862563e-11
420,146336194.44443113,1.965781017727045e-05,148.0701092197184,1.9890732508246504e-11
421,146299308.43309164,2.0367712517785685e-05,148.0701092197184,2.0614242468846782e-11
422,146261831.75334424,2.1101685398167665e-05,148.0701092197184,2.1362571657765266e-11
423,146223767.35788396,2.186049018183917e-05,148.0701092197184,2.2136518756894033e-11
424,146185118.19275466,2.2644910515353115e-05,148.0701092197184,2.2936906401497654e-11
425,146145887.197312,2.3455752925444124e-05,148.0701092197184,2.3764581844251312e-11
426,146106077.30418703,2.42938474305134e-05,148.07010921971838,2.4620417636112987e-11
427,146065691.43925247,2.5160048166856e-05,148.07010921971843,2.5505312324414862e-11
428,146024732.5215883,2.6055234029943913e-05,148.0701092197184,2.642019116856627e-11
429,145983203.4634471,2.6980309331083544e-05,148.0701092197184,2.736600687376774e-11
430,145941107.1702228,2.7936204469773742e-05,148.0701092197184,2.8343740343144258e-11
431,145898446.54041693,2.892387662209582e-05,148.0701092197184,2.935440144871572e-11
432,145855224.46560696,2.9944310445469777e-05,148.0701092197184,3.0399029821625476e-11
433,145811443.8304166,3.0998518800127624e-05,148.07010921971843,3.14786956620679e-11
434,145767107.51248375,3.208754348764193e-05,148.0701092197184,3.2594500569346225e-11
435,145722218.38243118,3.321245600687348e-05,148.0701092197184,3.374757839251886e-11
436,145676779.30383757,3.437435832769782e-05,148.0701092197184,3.493909610209149e-11
437,145630793.13320836,3.557438368287758e-05,148.07010921971843,3.61702546832226e-11
438,145584262.71994781,3.681369737845526e-05,148.0701092197184,3.744229005091935e-11
439,145537190.90633157,3.809349762305018e-05,148.0701092197184,3.875647398771343e-11
440,145489580.52747995,3.941501637644173e-05,148.0701092197184,4.0114115104307296e-11
441,145441434.4113306,4.077952021784313e-05,148.0701092197184,4.1516559823706874e-11
442,145392755.37861428,4.2188311234257215e-05,148.0701092197184,4.296519338934532e-11
443,145343546.24282813,4.36427279293269e-05,148.0701092197184,4.446144089772931e-11
444,145293809.81021205,4.5144146153097674e-05,148.07010921971838,4.6006768356144235e-11
445,145243548.87972385,4.6693980053111875e-05,148.0701092197184,4.760268376596261e-11
446,145192766.24301633,4.8293683047265883e-05,148.0701092197184,4.9250738232112674e-11
447,145141464.68441346,4.994474881886166e-05,148.0701092197184,5.0952527099269526e-11
448,145089646.9808886,5.1648712334311624e-05,148.0701092197184,5.270969111536052e-11
449,145037315.9020428,5.340715088393314e-05,148.0701092197184,5.45239176229583e-11
450,144984474.21008167,5.522168514629598e-05,148.0701092197184,5.6396941779165833e-11
451,144931124.6597965,5.709398027659961e-05,148.0701092197184,5.833054780461278e-11
452,144877269.99854296,5.9025747019543986e-05,148.0701092197184,6.032657026217602e-11
453,144822912.96622092,6.101874284718057e-05,148.0701092197184,6.238689536606206e-11
454,144768056.29525527,6.30747731222404e-05,148.07010921971843,6.451346232190309e-11
455,144712702.7105777,6.519569228742692e-05,148.0701092197184,6.670826469851313e-11
456,144656854.92960718,6.73834050811896e-05,148.0701092197184,6.897335183198543e-11
457,144600515.66223297,6.963986778049796e-05,148.0701092197184,7.131083026281545e-11
458,144543687.61079684,7.196708947112438e-05,148.0701092197184,7.372286520673116e-11
459,144486373.4700761,7.436713334598397e-05,148.0701092197184,7.621168205995396e-11
460,144428575.9272672,7.684211803206517e-05,148.0701092197184,7.877956793960388e-11
461,144370297.66196993,7.939421894650645e-05,148.0701092197184,8.142887325998908e-11
462,144311541.3461718,8.202566968237156e-05,148.0701092197184,8.416201334552159e-11
463,144252309.64423245,8.473876342469026e-05,148.0701092197184,8.698147008101951e-11
464,144192605.21287018,8.753585439735603e-05,148.0701092197184,8.988979360018509e-11
465,144132430.70114696,9.041935934145244e-05,148.0701092197184,9.288960401303555e-11
466,144071788.75045466,9.339175902560054e-05,148.0701092197184,9.598359317308506e-11
467,144010681.99450245,9.645559978895355e-05,148.0701092197184,9.917452648511877e-11
468,143949113.05930373,9.961349511742857e-05,148.0701092197184,1.024652447543665e-10
469,143887084.56316328,0.00010286812725381438,148.0701092197184,1.058586660779398e-10
470,143824599.1166659,0.00010622224884239,148.0701092197184,1.0935778777939419e-10
471,143761659.3226648,0.00010967868460868648,148.07010921971838,1.1296568838728553e-10
472,143698267.77627042,0.00011324033307505088,148.0701092197184,1.1668552965861827e-10
473,143634427.06483954,0.00011691016831269259,148.0701092197184,1.2052055864811264e-10
474,143570139.7679656,0.00012069124173085623,148.0701092197184,1.2447410982418482e-10
475,143505408.45746776,0.0001245866839038247,148.0701092197184,1.2854960723260378e-10
476,143440235.69738293,0.00012859970643645037,148.0701092197184,1.327505667087826e-10
477,143374624.04395577,0.00013273360386891294,148.0701092197184,1.3708059813967705e-10
478,143308576.0456297,0.0001369917556214071,148.0701092197184,1.4154340777626691e-10
479,143242094.2430398,0.00014137762797952308,148.0701092197184,1.4614280059766636e-10
480,143175181.1690041,0.0001458947761210186,148.0701092197184,1.5088268272785208e-10
481,143107839.34851596,0.00015054684618475702,148.0701092197184,1.557670639060786e-10
482,143040071.29873776,0.00015533757738256845,148.0701092197184,1.6080006001203898e-10
483,142971879.52899352,0.00016027080415478742,148.0701092197184,1.659858956468356e-10
484,142903266.54076222,0.000165350458370278,148.0701092197184,1.7132890677088768e-10
485,142834234.82767323,0.00017058057157172705,148.0701092197184,1.768335433998773e-10
486,142764786.87549904,0.0001759652772670055,148.0701092197184,1.8250437235986987e-10
487,142694925.16215056,0.00018150881326742306,148.0701092197184,1.8834608010276736e-10
488,142624652.15767303,0.0001872155240737187,148.0701092197184,1.9436347558328464e-10
489,142553970.32424027,0.00019308986331061095,148.0701092197184,2.005614931986289e-10
490,142482882.11615068,0.00019913639621076495,148.07010921971838,2.0694519579209703e-10
491,142411389.9798242,0.00020535980214905468,148.0701092197184,2.1351977772183968e-10
492,142339496.35379785,0.00021176487722799538,148.0701092197184,2.20290567996048e-10
493,142267203.66872287,0.0002183565369152298,148.0701092197184,2.2726303347582904e-10
494,142194514.34736207,0.0002251398187339861,148.0701092197184,2.344427821470834e-10
495,142121430.804587,0.00023211988500741808,148.0701092197184,2.4183556646270105e-10
496,142047955.44737568,0.0002393020256577538,148.0701092197184,2.4944728675641133e-10
497,141974090.67481086,0.00024669166106121754,148.0701092197184,2.572839947296736e-10
498,141899838.87807903,0.0002542943449596534,148.0701092197184,2.6535189701296696e-10
499,141825202.44046748,0.0002621157674298409,148.0701092197184,2.736573588029135e-10
500,141750183.73736528,0.00027016175791148557,148.07010921971838,2.82206907576657e-10
501,141674785.13626185,0.00027843828829487733,148.0701092197184,2.9100723688495974e-10
502,141599008.9967459,0.0002869514760692258,148.0701092197184,3.000652102254904e-10
503,141522857.6705068,0.0002957075875327136,148.0701092197184,3.093878649978192e-10
504,141446333.50133386,0.000304713041065282,148.0701092197184,3.1898241654163034e-10
505,141369438.82511696,0.000313974410465244,148.0701092197184,3.288562622597431e-10
506,141292175.9698477,0.00032349842835074005,148.0701092197184,3.390169858274634e-10
507,141214547.2556205,0.00033329198962715945,148.0701092197184,3.49472361489914e-10
508,141136554.99463394,0.00034336215502163073,148.0701092197184,3.60230358448977e-10
509,141058201.49119213,0.00035371615468564636,148.0701092197184,3.712991453414555e-10
510,140979489.04170743,0.00036436139186701085,148.0701092197184,3.8268709481019626e-10
511,140900419.9347021,0.00037530544665220766,148.0701092197184,3.9440278816983836e-10
512,140820996.45081055,0.0003865560797803457,148.0701092197184,4.0645502016892254e-10
513,140741220.86278334,0.0003981212365299309,148.0701092197184,4.188528038501939e-10
514,140661095.4354888,0.00041000905067952364,148.0701092197184,4.316053755107681e-10
515,140580622.4259169,0.0004222278485436068,148.0701092197184,4.4472219976408894e-10
516,140499804.08318344,0.000434786153084814,148.0701092197184,4.5821297470545864e-10
517,140418642.64853293,0.00044769268810379727,148.0701092197184,4.720876371830616e-10
518,140337140.35534286,0.0004609563825079458,148.0701092197184,4.863563681763398e-10
519,140255299.4291284,0.000474586374660246,148.0701092197184,5.010295982836755e-10
520,140173122.08754703,0.0004885920168095999,148.0701092197184,5.161180133213793e-10
521,140090610.5404023,0.0005029828796038361,148.0701092197184,5.316325600359154e-10
522,140007766.9896502,0.0005177687566867932,148.07010921971838,5.475844519314323e-10
523,139924593.62940362,0.0005329596693807651,148.0701092197184,5.639851752146284e-10
524,139841092.64593834,0.0005485658714556917,148.0701092197184,5.808464948590594e-10
525,139757266.2176983,0.0005645978539864813,148.07010921971843,5.981804607910263e-10
526,139673116.51530185,0.0005810663502997983,148.0701092197184,6.159994141991408e-10
527,139588645.70154786,0.0005979823410117124,148.0701092197184,6.343159939697395e-10
528,139503855.93142202,0.0006153570591577728,148.07010921971838,6.53143143250516e-10
529,139418749.3521041,0.0006332019954167397,148.0701092197184,6.724941161443956e-10
530,139333328.1029737,0.000651528903429589,148.0701092197184,6.923824845361149e-10
531,139247594.3156182,0.0006703498052151838,148.0701092197184,7.128221450537207e-10
532,139161550.11383998,0.0006896769966841497,148.0701092197184,7.33827326167397e-10
533,139075197.6136631,0.0007095230532524624,148.0701092197184,7.554125954280069e-10
534,138988538.92334196,0.0007299008355562244,148.0701092197184,7.775928668476946e-10
535,138901576.14336875,0.0007508234952692921,148.07010921971838,8.003834084251486e-10
536,138814311.36648133,0.0007723044810251387,148.0701092197184,8.237998498178114e-10
537,138726746.67767194,0.0007943575444448146,148.0701092197184,8.478581901638586e-10
538,138638884.15419543,0.0008169967462723056,148.07010921971838,8.725748060561985e-10
539,138550725.86557794,0.0008402364626191276,148.0701092197184,8.979664596713161e-10
540,138462273.87362555,0.0008640913913197499,148.0701092197184,9.240503070555533e-10
541,138373530.23243412,0.0008885765583994548,148.0701092197184,9.508439065714388e-10
542,138284496.98839736,0.0009137073246563967,148.0701092197184,9.783652275068911e-10
543,138195176.18021706,0.0009394993923595061,148.0701092197184,1.006632658849964e-09
544,138105569.8389127,0.0009659688120640063,148.0701092197184,1.0356650182320058e-09
545,138015679.9878305,0.000993131989546266,148.0701092197184,1.0654815610420369e-09
546,137925508.6426539,0.001021005692859746,148.0701092197184,1.096101989715221e-09
547,137835057.81141412,0.0010496070595138283,148.07010921971843,1.1275464631983495e-09
548,137744329.4944992,0.0010789536037773345,148.0701092197184,1.1598356065953243e-09
549,137653325.68466544,0.0011090632241086355,148.07010921971843,1.192990520995692e-09
550,137562048.36704773,0.0011399542107140507,148.0701092197184,1.2270327934891445e-09
551,137470499.5191705,0.001171645253236495,148.0701092197184,1.261984507369158e-09
552,137378681.11095786,0.0012041554485762525,148.0701092197184,1.297868252528906e-09
553,137286595.10474595,0.0012375043088458872,148.0701092197184,1.3347071360527042e-09
554,137194243.45529324,0.0012717117694609952,148.0701092197184,1.3725247930059983e-09
555,137101628.10979193,0.0013067981973689286,148.0701092197184,1.4113453974273304e-09
556,137008751.00788027,0.001342784399417476,148.0701092197184,1.4511936735255973e-09
557,136915614.0816536,0.0013796916308653885,148.0701092197184,1.492094907085868e-09
558,136822219.25567606,0.0014175416040368718,148.0701092197184,1.5340749570872564e-09
559,136728568.44699314,0.0014563564971219575,148.0701092197184,1.577160267536152e-09
560,136634663.56514362,0.001496158963125073,148.0701092197184,1.6213778795186025e-09
561,136540506.51217145,0.0015369721389635754,148.0701092197184,1.6667554434750392e-09
562,136446099.18263873,0.001578819654718593,148.0701092197184,1.7133212317011812e-09
563,136351443.46363807,0.0016217256430402388,148.07010921971838,1.7611041510787038e-09
564,136256541.23480472,0.0016657147487092801,148.0701092197184,1.8101337560392858e-09
565,136161394.36833033,0.0017108121383576458,148.0701092197184,1.8604402617659747e-09
566,136066004.72897497,0.001757043510349717,148.0701092197184,1.912054557635426e-09
567,135970374.1740809,0.001804435104826753,148.0701092197184,1.965008220904952e-09
568,135874504.5535854,0.001853013713916841,148.0701092197184,2.019333530648466e-09
569,135778397.71003434,0.0019028066921123632,148.0701092197184,2.07506348194494e-09
570,135682055.47859493,0.001953841966817476,148.07010921971838,2.132231800323615e-09
571,135585479.68707028,0.0020061480490678567,148.0701092197184,2.1908729564699094e-09
572,135488672.15591258,0.0020597540444251567,148.0701092197184,2.2510221811962774e-09
573,135391634.6982363,0.0021146896640483162,148.0701092197184,2.3127154806819297e-09
574,135294369.11983335,0.002170985235944422,148.07010921971843,2.3759896519859147e-09
575,135196877.2191858,0.0022286717164012823,148.0701092197184,2.4408822988376304e-09
576,135099160.78748137,0.0022877807016042162,148.0701092197184,2.5074318477090787e-09
577,135001221.608626,0.0023483444394398656,148.0701092197184,2.575677564173697e-09
578,134903061.4592599,0.0024103958414888457,148.0701092197184,2.6456595695553793e-09
579,134804682.10877058,0.0024739684952103775,148.0701092197184,2.7174188578729615e-09
580,134706085.31930828,0.002539096676321176,148.0701092197184,2.7909973130843495e-09
581,134607272.84580046,0.0026058153613712494,148.0701092197184,2.8664377266350552e-09
582,134508246.43596604,0.002674160240519033,148.07010921971838,2.9437838153156187e-09
583,134409007.83033097,0.0027441677305087104,148.07010921971838,3.02308023943287e-09
584,134309558.76224285,0.002815874987852308,148.0701092197184,3.1043726212998082e-09
585,134209900.95788546,0.0028893199222190945,148.0701092197184,3.187707564048784e-09
586,134110036.13629475,0.002964541210035258,148.0701092197184,3.2731326707731702e-09
587,134009966.00937392,0.0030415783082962055,148.0701092197184,3.3606965640021324e-09
588,133909692.28190765,0.0031204714685945352,148.0701092197184,3.4504489055138737e-09
589,133809216.65157905,0.003201261751366719,148.0701092197184,3.542440416492666e-09
590,133708540.80898409,0.003283991040360421,148.0701092197184,3.6367228980339872e-09
591,133607666.43764755,0.003368702057326126,148.0701092197184,3.733349252003836e-09
592,133506595.21403863,0.003455438376935807,148.0701092197184,3.832373502257439e-09
593,133405328.80758642,0.003544244441931073,148.0701092197184,3.933850816222193e-09
594,133303868.8806962,0.003635165578504239,148.0701092197184,4.037837526850873e-09
595,133202217.08876488,0.0037282480119147387,148.0701092197184,4.1443911549500485e-09
596,133100375.08019702,0.003823538882344604,148.0701092197184,4.253570431890082e-09
597,132998344.49642122,0.003921086260995113,148.0701092197184,4.365435322701378e-09
598,132896126.97190574,0.004020939166428319,148.0701092197184,4.480047049563365e-09
599,132793724.13417521,0.004123147581156175,148.0701092197184,4.59746811569157e-09
600,132691137.60382631,0.004227762468480562,148.0701092197184,4.7177623296289486e-09
601,132588368.99454425,0.004334835789586905,148.0701092197184,4.840994829946875e-09
602,132485419.91311966,0.0044444205208953565,148.0701092197184,4.967232110362695e-09
603,132382291.95946455,0.004556570671671541,148.0701092197184,5.0965420452786935e-09
604,132278986.72662854,0.004671341301901019,148.0701092197184,5.22899391574962e-09
605,132175505.80081636,0.004788788540430708,148.0701092197184,5.36465843588496e-09
606,132071850.76140365,0.0049089696033794315,148.0701092197184,5.503607779691154e-09
607,131968023.18095398,0.0050319428128220624,148.0701092197184,5.645915608361345e-09
608,131864024.62523583,0.005157767615750407,148.0701092197184,5.7916570980189245e-09
609,131759856.65323907,0.005286504603313306,148.0701092197184,5.9409089679204825e-09
610,131655520.81719168,0.005418215530340414,148.0701092197184,6.0937495091259224e-09
611,131551018.66257742,0.005552963335152199,148.0701092197184,6.25025861364142e-09
612,131446351.72815207,0.005690812159660293,148.0701092197184,6.410517804042878e-09
613,131341521.54596065,0.0058318273697611075,148.0701092197184,6.574610263585967e-09
614,131236529.64135501,0.0059760755760266,148.0701092197184,6.742620866810158e-09
615,131131377.53301027,0.006123624654695195,148.0701092197184,6.914636210643207e-09
616,131026066.73294233,0.006274543768967232,148.0701092197184,7.090744646013983e-09
617,130920598.74652503,0.006428903390607648,148.0701092197184,7.2710363099798996e-09
618,130814975.07250772,0.006586775321860106,148.0701092197184,7.455603158376806e-09
619,130709197.20303199,0.0067482327176757815,148.0701092197184,7.644538998998243e-09
620,130603266.62364982,0.006913350108261068,148.0701092197184,7.837939525312014e-09
621,130497184.8133403,0.007082203421947054,148.0701092197184,8.035902350720767e-09
622,130390953.24452738,0.007254870008385549,148.0701092197184,8.23852704337518e-09
623,130284573.38309735,0.007431428662074176,148.0701092197184,8.445915161546111e-09
624,130178046.68841662,0.007611959646215708,148.0701092197184,8.65817028956496e-09
625,130071374.61334857,0.0077965447169140835,148.0701092197184,8.875398074338586e-09
626,129964558.60427192,0.00798526714771256,148.0701092197184,9.09770626244841e-09
627,129857600.10109825,0.008178211754475735,148.0701092197184,9.325204737839334e-09
628,129750500.53728916,0.008375464920621615,148.0701092197184,9.558005560109209e-09
629,129643261.3398745,0.008577114622706434,148.0701092197184,9.796223003405468e-09
630,129535883.92947018,0.008783250456366338,148.0701092197184,1.0039973595937498e-08
631,129428369.7202952,0.008993963662619498,148.0701092197184,1.028937616011262e-08
632,129320720.12019047,0.009209347154534333,148.0701092197184,1.054455185330585e-08
633,129212936.53063604,0.00942949554426614,148.0701092197184,1.0805624209270207e-08
634,129105020.34676886,0.009654505170467013,148.0701092197184,1.1072719180196963e-08
635,128996972.95740126,0.00988447412607299,148.0701092197184,1.1345965179434341e-08
636,128888795.74503833,0.010119502286473112,148.0701092197184,1.1625493124874242e-08
637,128780490.0858958,0.010359691338063666,148.0701092197184,1.1911436483014743e-08
638,128672057.3499188,0.010605144807193065,148.0701092197184,1.2203931313708786e-08
639,128563498.90079908,0.010855968089500151,148.0701092197184,1.25031163156067e-08
640,128454816.09599282,0.011112268479651485,148.0701092197184,1.2809132872303088e-08
641,128346010.28673981,0.011374155201481717,148.0701092197184,1.312212509919701e-08
642,128237082.81808028,0.011641739438540442,148.0701092197184,1.3442239891074214e-08
643,128128035.0288738,0.011915134365051617,148.0701092197184,1.3769626970422449e-08
644,128018868.25181694,0.012194455177287731,148.0701092197184,1.4104438936487222e-08
645,127909583.81346153,0.012479819125366075,148.0701092197184,1.4446831315080931e-08
646,127800183.03423285,0.012771345545468861,148.0701092197184,1.4796962609152105e-08
647,127690667.2284475,0.013069155892492766,148.0701092197184,1.5154994350125913e-08
648,127581037.70433196,0.013373373773133823,148.0701092197184,1.5521091150027587e-08
649,127471295.76404071,0.013684124979409391,148.0701092197184,1.589542075439554e-08
650,127361442.70367374,0.014001537522624714,148.0701092197184,1.6278154095998044e-08
651,127251479.81329589,0.01432574166778663,148.0701092197184,1.6669465349360924e-08
652,127141408.37695423,0.01465686996847031,148.0701092197184,1.7069531986118774e-08
653,127031229.67269625,0.014995057302142999,148.0701092197184,1.7478534831198908e-08
654,126920944.97258885,0.015340440905951125,148.0701092197184,1.7896658119850803e-08
655,126810555.54273586,0.015693160412971963,148.0701092197184,1.8324089555527767e-08
656,126700062.64329636,0.01605335788893947,148.0701092197184,1.8761020368637224e-08
657,126589467.52850339,0.01642117786944557,148.0701092197184,1.9207645376166427e-08
658,126478771.4466819,0.01679676739762284,148.0701092197184,1.9664163042196176e-08
659,126367975.64026673,0.017180276062313805,148.0701092197184,2.0130775539314078e-08
660,126257081.3458216,0.017571856036731764,148.0701092197184,2.0607688810938502e-08
661,126146089.79405695,0.01797166211761824,148.0701092197184,2.1095112634565215e-08
662,126035002.20984797,0.018379851764900305,148.0701092197184,2.159326068594596e-08
663,125923819.81225355,0.018796585141856868,148.0701092197184,2.2102350604215472e-08
664,125812543.81453404,0.019222025155793725,148.0701092197184,2.2622604057972744e-08
665,125701175.42416975,0.019656337499237578,148.0701092197184,2.3154246812334278e-08
666,125589715.84287913,0.02009969069165051,148.0701092197184,2.3697508796967275e-08
667,125478166.26663731,0.02055225612167182,148.0701092197184,2.425262417511679e-08
668,125366527.88569413,0.021014208089891222,148.0701092197184,2.481983141363806e-08
669,125254801.88459267,0.021485723852162367,148.0701092197184,2.5399373354050446e-08
670,125142989.44218701,0.021966983663455505,148.0701092197184,2.5991497284618347e-08
671,125031091.73166136,0.022458170822259257,148.0701092197184,2.659645501347679e-08
672,124919109.9205478,0.022959471715538398,148.0701092197184,2.7214502942816822e-08
673,124807045.17074437,0.0234710758642467,148.0701092197184,2.784590214413597e-08
674,124694898.63853377,0.023993175969406585,148.0701092197184,2.8490918434574145e-08
675,124582671.47460163,0.024525967958757246,148.0701092197184,2.9149822454343966e-08
676,124470364.82405454,0.025069651033978464,148.0701092197184,2.982288974527085e-08
677,124357979.82643825,0.025624427718494748,148.0701092197184,3.051040083045524e-08
678,124245517.61575618,0.026190503905867385,148.0701092197184,3.1212641295072786e-08
679,124132979.32048781,0.02676808890877442,148.0701092197184,3.192990186831991e-08
680,124020366.06360613,0.027357395508592484,148.0701092197184,3.266247850652843e-08
681,123907678.96259664,0.027958640005579984,148.0701092197184,3.3410672477455474e-08
682,123794919.12947564,0.028572042269668425,148.0701092197184,3.417479044576468e-08
683,123682087.67080744,0.029197825791868363,148.0701092197184,3.495514455971371e-08
684,123569185.68772371,0.029836217736296723,148.0701092197184,3.575205253906321e-08
685,123456214.27594113,0.030487448992830932,148.0701092197184,3.656583776422183e-08
686,123343174.52577955,0.03115175423039166,148.0701092197184,3.73968293666371e-08
687,123230067.52218015,0.0318293719508653,148.0701092197184,3.8245362320452984e-08
688,123116894.34472358,0.032520544543671925,148.0701092197184,3.9111777535449096e-08
689,123003656.06764862,0.03322551834098005,148.0701092197184,3.999642195127087e-08
690,122890353.75986919,0.033944543673577396,148.0701092197184,4.0899648632970585e-08
691,122776988.48499356,0.03467787492740385,148.0701092197184,4.182181686787357e-08
692,122663561.30134204,0.035425770600752596,148.0701092197184,4.2763292263786055e-08
693,122550073.26196451,0.03618849336214243,148.0701092197184,4.372444684855659e-08
694,122436525.41465943,0.03696631010887338,148.0701092197184,4.470565917101321e-08
695,122322918.80199148,0.03775949202626338,148.0701092197184,4.570731440328318e-08
696,122209254.46130909,0.03856831464758159,148.0701092197184,4.6729804444522566e-08
697,122095533.42476343,0.03939305791467643,148.0701092197184,4.777352802606123e-08
698,121981756.71932535,0.040234006239311046,148.0701092197184,4.8838890817988925e-08
699,121867925.3668042,0.04109144856520482,148.0701092197184,4.992630553718824e-08
700,121754040.38386557,0.04196567843079631,148.0701092197184,5.1036192056843074e-08
701,121640102.78204869,0.0428569940327283,148.0701092197184,5.2168977517432686e-08
702,121526113.567785,0.04376569829005869,148.0701092197184,5.3325096439224084e-08
703,121412073.74241564,0.04469209890921311,148.0701092197184,5.450499083629257e-08
704,121297984.30221012,0.0456365084496751,148.0701092197184,5.570911033207392e-08
705,121183846.23838276,0.046599244390427466,148.0701092197184,5.693791227647559e-08
706,121069660.5371115,0.04758062919714915,148.0701092197184,5.819186186456028e-08
707,120955428.1795558,0.04858099039017085,148.0701092197184,5.9471432256816514e-08
708,120841150.14187403,0.04960066061320135,148.0701092197184,6.077710470104112e-08
709,120726827.3952411,0.05063997770283073,148.0701092197184,6.210936865585041e-08
710,120612460.90586685,0.05169928475881018,148.0701092197184,6.346872191582972e-08
711,120498051.63501294,0.05277893021512206,148.0701092197184,6.485567073834936e-08
712,120383600.53901137,0.05387926791184554,148.0701092197184,6.627072997206231e-08
713,120269108.56928164,0.055000657167824374,148.0701092197184,6.771442318710359e-08
714,120154576.67234826,0.05614346285413862,148.0701092197184,6.918728280700319e-08
715,120040005.78985892,0.05730805546839627,148.0701092197184,7.068985024234301e-08
716,119925396.85860182,0.058494811209843824,148.0701092197184,7.222267602616765e-08
717,119810750.81052293,0.05970411205530404,148.0701092197184,7.378631995117025e-08
718,119696068.57274394,0.06093634583595489,148.0701092197184,7.538135120868099e-08
719,119581351.06757985,0.06219190631494255,148.0701092197184,7.700834852946113e-08
720,119466599.21255584,0.06347119326584981,148.0701092197184,7.866790032634072e-08
721,119351813.9204256,0.06477461255201863,148.0701092197184,8.036060483870809e-08
722,119236996.0991881,0.06610257620673528,148.0701092197184,8.208707027887545e-08
723,119122146.65210517,0.067455502514285,148.0701092197184,8.384791498033885e-08
724,119007266.47771898,0.06883381609188517,148.0701092197184,8.564376754795623e-08
725,118892356.46986951,0.07023794797250318,148.0701092197184,8.747526701006316e-08
726,118777417.51771158,0.07166833568856304,148.0701092197184,8.934306297254328e-08
727,118662450.505732,0.073125423356551,148.0701092197184,9.124781577487835e-08
728,118547456.3137676,0.0746096617625292,148.0701092197184,9.319019664820039e-08
729,118432435.81702176,0.07612150844855918,148.0701092197184,9.517088787536277e-08
730,118317389.88608159,0.07766142780004585,148.0701092197184,9.719058295305416e-08
731,118202319.38693571,0.07922989113400979,148.0701092197184,9.924998675597781e-08
732,118087225.18099095,0.080827376788293,148.0701092197184,1.0134981570311672e-07
733,117972108.12508932,0.08245437021170413,148.0701092197184,1.0349079792610412e-07
734,117856969.07152544,0.08411136405512008,148.0701092197184,1.056736734397333e-07
735,117741808.86806354,0.08579885826353302,148.0701092197184,1.0789919431460672e-07
736,117626628.35795455,0.08751736016906991,148.0701092197184,1.1016812485197173e-07
737,117511428.37995246,0.08926738458498064,148.0701092197184,1.124812417607517e-07
738,117396209.76833221,0.09104945390060308,148.0701092197184,1.1483933433679493e-07
739,117280973.35290605,0.09286409817731488,148.0701092197184,1.1724320464436998e-07
740,117165719.95904055,0.09471185524547969,148.0701092197184,1.19693667699929e-07
741,117050450.40767336,0.09659327080239576,148.0701092197184,1.2219155165816392e-07
742,116935165.51533015,0.09850889851124695,148.0701092197184,1.2473769800036966e-07
743,116819866.09414151,0.10045930010107804,148.0701092197184,1.2733296172515535e-07
744,116704552.9518596,0.10244504546778807,148.0701092197184,1.29978211541512e-07
745,116589226.89187455,0.10446671277615639,148.0701092197184,1.3267433006426827e-07
746,116473888.71323182,0.10652488856290883,148.0701092197184,1.3542221401195784e-07
747,116358539.21064846,0.10862016784083048,148.0701092197184,1.3822277440712364e-07
748,116243179.17452952,0.11075315420392831,148.0701092197184,1.4107693677907665e-07
749,116127809.39098507,0.11292445993366378,148.0701092197184,1.4398564136914934e-07
750,116012430.64184667,0.11513470610625252,148.0701092197184,1.469498433384571e-07
751,115897043.70468354,0.11738452270103088,148.0701092197184,1.4997051297818188e-07
752,115781649.35281938,0.11967454870992741,148.0701092197184,1.530486359224417e-07
753,115666248.35534897,0.12200543224801336,148.0701092197184,1.561852133637294e-07
754,115550841.47715393,0.12437783066515588,148.0701092197184,1.5938126227096763e-07
755,115435429.47891977,0.1267924106587855,148.0701092197184,1.6263781561020827e-07
756,115320013.11715204,0.1292498483877764,148.0701092197184,1.6595592256799365e-07
757,115204593.14419222,0.13175082958745013,148.0701092197184,1.6933664877740787e-07
758,115089170.30823469,0.13429604968571904,148.0701092197184,1.7278107654685517e-07
759,114973745.35334246,0.13688621392036054,148.0701092197184,1.7629030509157262e-07
760,114858319.01946333,0.13952203745744615,148.0701092197184,1.7986545076792313e-07
761,114742892.04244655,0.14220424551092856,148.0701092197184,1.835076473104894e-07
762,114627465.15405838,0.14493357346338875,148.0701092197184,1.872180460719911e-07
763,114512039.08199842,0.14771076698795582,148.0701092197184,1.909978162660563e-07
764,114396614.54991575,0.15053658217141194,148.0701092197184,1.9484814521288206e-07
765,114281192.27742475,0.15341178563848676,148.0701092197184,1.9877023858780697e-07
766,114165772.98012106,0.15633715467733833,148.0701092197184,2.0276532067281018e-07
767,114050357.36959776,0.1593134773662539,148.0701092197184,2.0683463461099672e-07
768,113934946.1534611,0.16234155270155315,148.0701092197184,2.1097944266406649e-07
769,113819540.03534627,0.16542219072671766,148.0701092197184,2.1520102647281494e-07
770,113704139.71493319,0.16855621266275034,148.0701092197184,2.1950068732068935e-07
771,113588745.88796258,0.17174445103976876,148.0701092197184,2.2387974640042288e-07
772,113473359.24625164,0.17498774982984655,148.0701092197184,2.2833954508378613e-07
773,113357980.47770955,0.17828696458111729,148.0701092197184,2.328814451944928e-07
774,113242610.2663529,0.18164296255312512,148.0701092197184,2.3750682928425814e-07
775,113127249.29232213,0.18505662285346322,148.0701092197184,2.42217100912081e-07
776,113011898.23189649,0.18852883657567118,148.0701092197184,2.470136849267364e-07
777,112896557.75750941,0.19206050693844529,148.0701092197184,2.518980277525642e-07
778,112781228.53776483,0.19565254942613125,148.0701092197184,2.568715976785347e-07
779,112665911.2374517,0.19930589193050574,148.0701092197184,2.6193588515062245e-07
780,112550606.51756015,0.20302147489390812,148.0701092197184,2.670924030675846e-07
781,112435315.03529665,0.2068002514536591,148.0701092197184,2.723426870800847e-07
782,112320037.44409896,0.21064318758782272,148.0701092197184,2.7768829589325596e-07
783,112204774.39365211,0.2145512622623133,148.0701092197184,2.8313081157272445e-07
784,112089526.52990341,0.21852546757932997,148.0701092197184,2.8867183985409334e-07
785,111974294.49507728,0.22256680892716488,148.0701092197184,2.943130104559696e-07
786,111859078.927691,0.2266763051313666,148.0701092197184,3.0005597739652775e-07
787,111743880.4625698,0.23085498860727655,148.0701092197184,3.0590241931365783e-07
788,111628699.73086144,0.23510390551393773,148.0701092197184,3.118540397887198e-07
789,111513537.3600519,0.2394241159094121,148.0701092197184,3.17912567673969e-07
790,111398393.97398019,0.24381669390747623,148.0701092197184,3.2407975742364066e-07
791,111283270.19285312,0.24828272783573055,148.0701092197184,3.303573894287595e-07
792,111168166.63326067,0.2528233203951226,148.0701092197184,3.3674727035569575e-07
793,111053083.90819055,0.2574395888209015,148.0701092197184,3.4325123348851787e-07
794,110938022.62704317,0.2621326650449834,148.0701092197184,3.4987113907513367e-07
795,110822983.3956465,0.26690369585978607,148.0701092197184,3.5660887467732186e-07
796,110707966.81627099,0.2717538430834806,148.0701092197184,3.634663555246074e-07
797,110592973.48764382,0.2766842837267329,148.0701092197184,3.70445524872104e-07
798,110478004.00496435,0.2816962101608873,148.0701092197184,3.775483543622769e-07
799,110363058.95991823,0.2867908302876361,148.0701092197184,3.847768443907171e-07
800,110248138.94069196,0.29196936771016624,148.0701092197184,3.9213302447593316e-07
801,110133244.5319881,0.2972330619058127,148.0701092197184,3.9961895363322345e-07
802,110018376.31503907,0.3025831684001963,148.0701092197184,4.072367207526317e-07
803,109903534.86762203,0.30802095894287435,148.0701092197184,4.1498844498103844e-07
804,109788720.7640736,0.3135477216845184,148.0701092197184,4.2287627610843724e-07
805,109673934.57530348,0.3191647613556165,148.0701092197184,4.3090239495842146e-07
806,109559176.86880949,0.32487339944670596,148.0701092197184,4.3906901378290423e-07
807,109444448.20869197,0.33067497439014654,148.0701092197184,4.473783766611195e-07
808,109329749.15566769,0.33657084174346485,148.0701092197184,4.558327599029699e-07
809,109215080.26708409,0.3425623743742471,148.0701092197184,4.644344724567136e-07
810,109100442.09693363,0.348650962646604,148.0701092197184,4.7318585632104944e-07
811,108985835.19586815,0.35483801460921527,148.0701092197184,4.820892869616368e-07
812,108871260.11121288,0.36112495618496443,148.0701092197184,4.911471737320926e-07
813,108756717.3869801,0.3675132313621772,148.0701092197184,5.003619602995105e-07
814,108642207.5638839,0.3740043023874542,148.0701092197184,5.097361250745112e-07
815,108527731.17935365,0.38059964996011997,148.0701092197184,5.192721816458891e-07
816,108413288.76754813,0.38730077342830216,148.0701092197184,5.289726792198953e-07
817,108298880.85936955,0.39410919098664254,148.0701092197184,5.388402030641883e-07
818,108184507.98247735,0.4010264398756496,148.0701092197184,5.488773749564961e-07
819,108070170.66130178,0.40805407658267706,148.0701092197184,5.590868536379947e-07
820,107955869.41705824,0.4151936770446078,148.0701092197184,5.694713352715344e-07
821,107841604.7677607,0.422446836852169,148.0701092197184,5.800335539046532e-07
822,107727377.22823504,0.4298151714559224,148.0701092197184,5.907762819374557e-07
823,107613187.31013371,0.4373003163739748,148.0701092197184,6.017023305954473e-07
824,107499035.52194832,0.44490392740133683,148.0701092197184,6.128145504072672e-07
825,107384922.36902383,0.45262768082101723,148.0701092197184,6.241158316874528e-07
826,107270848.3535719,0.4604732736168178,148.0701092197184,6.356091050242277e-07
827,107156813.9746846,0.46844242368785116,148.0701092197184,6.472973417723703e-07
828,107042819.72834736,0.4765368700647699,148.0701092197184,6.591835545511805e-07
829,106928866.10745299,0.4847583731277716,148.0701092197184,6.712707977476549e-07
830,106814953.60181473,0.493108714826319,148.0701092197184,6.835621680248294e-07
831,106701082.6981796,0.5015896989006142,148.0701092197184,6.960608048353639e-07
832,106587253.88024186,0.5102031511048607,148.0701092197184,7.087698909404512e-07
833,106473467.62865604,0.518950919432292,148.0701092197184,7.216926529340527e-07
834,106359724.42105019,0.5278348743419565,148.0701092197184,7.348323617724744e-07
835,106246024.73203929,0.5368569089873322,148.0701092197184,7.481923333094188e-07
836,106132369.03323814,0.5460189394467105,148.0701092197184,7.617759288364629e-07
837,106018757.79327442,0.5553229049554049,148.0701092197184,7.755865556290679e-07
838,105905191.47780187,0.5647707681397762,148.0701092197184,7.896276674981433e-07
839,105791670.54951328,0.5743645152530676,148.0701092197184,8.039027653471876e-07
840,105678195.4681535,0.5841061564130913,148.0701092197184,8.184153977350985e-07
841,105564766.690532,0.5939977258417659,148.0701092197184,8.331691614446875e-07
842,105451384.67053622,0.6040412821064801,148.0701092197184,8.481677020568841e-07
843,105338049.8591442,0.6142389083633328,148.0701092197184,8.634147145307538e-07
844,105224762.7044374,0.6245927126022434,148.0701092197184,8.789139437893383e-07
845,105111523.6516133,0.6351048278939455,148.0701092197184,8.946691853113825e-07
846,104998333.1429983,0.6457774126388575,148.0701092197184,9.1068428572896e-07
847,104885191.61806028,0.6566126508178475,148.0701092197184,9.269631434310723e-07
848,104772099.51342161,0.6676127522449089,148.0701092197184,9.435097091732619e-07
849,104659057.26287086,0.6787799528217604,148.0701092197184,9.603279866933172e-07
850,104546065.29737633,0.6901165147943588,148.0701092197184,9.774220333330569e-07
851,104433124.04509805,0.7016247270113137,148.0701092197184,9.947959606662439e-07
852,104320233.93140005,0.7133069051842928,148.0701092197184,1.0124539351327744e-06
853,104207395.3788633,0.7251653921503581,148.0701092197184,1.0304001786790912e-06
854,104094608.80729783,0.7372025581362348,148.0701092197184,1.0486389694048718e-06
855,103981874.63375486,0.749420801024561,148.0701092197184,1.0671746422160894e-06
856,103869193.27253957,0.7618225466221321,148.0701092197184,1.086011589484497e-06
857,103756565.13522293,0.7744102489300974,148.0701092197184,1.1051542617135277e-06
858,103643990.63065405,0.7871863904161672,148.0701092197184,1.1246071682107153e-06
859,103531470.16497254,0.8001534822888015,148.0701092197184,1.1443748777666385e-06
860,103419004.14162046,0.8133140647734384,148.0701092197184,1.1644620193405121e-06
861,103306592.9613543,0.8266707073906953,148.0701092197184,1.184873282752364e-06
862,103194237.02225725,0.8402260092366429,148.0701092197184,1.2056134193819776e-06
863,103081936.71975134,0.853982599265094,148.0701092197184,1.2266872428745585e-06
864,102969692.44660883,0.8679431365718836,148.0701092197184,1.2480996298531364e-06
865,102857504.5929648,0.8821103106813222,148.0701092197184,1.2698555206379836e-06
866,102745373.54632863,0.8964868418345878,148.0701092197184,1.2919599199727772e-06
867,102633299.69159608,0.9110754812802495,148.0701092197184,1.3144178977578007e-06
868,102521283.41106081,0.9258790115668266,148.0701092197184,1.3372345897901042e-06
869,102409325.08442663,0.9409002468375066,148.0701092197184,1.3604151985108227e-06
870,102297425.08881843,0.9561420331268696,148.0701092197184,1.383964993759497e-06
871,102185583.79879482,0.9716072486597449,148.0701092197184,1.4078893135355876e-06
872,102073801.58635922,0.9872988041522271,148.0701092197184,1.4321935647672977e-06
873,101962078.8209714,1.0032196431147524,148.0701092197184,1.4568832240875755e-06
874,101850415.86955924,1.0193727421572838,148.0701092197184,1.4819638386174223e-06
875,101738813.09653023,1.0357611112967262,148.0701092197184,1.507441026756716e-06
876,101627270.86378321,1.0523877942663689,148.0701092197184,1.5333204789822977e-06
877,101515789.53071918,1.069255868827585,148.0701092197184,1.5596079586537181e-06
878,101404369.45425309,1.0863684470836132,148.0701092197184,1.5863093028263957e-06
879,101293010.98882538,1.1037286757955334,148.0701092197184,1.6134304230724196e-06
880,101181714.48641312,1.1213397367004339,148.0701092197184,1.6409773063090295e-06
881,101070480.29654104,1.1392048468317526,148.0701092197184,1.668956015634795e-06
882,100959308.76629324,1.1573272588418064,148.0701092197184,1.6973726911735405e-06
883,100848200.24032395,1.1757102613265216,148.0701092197184,1.726233550926109e-06
884,100737155.0608692,1.1943571791523655,148.0701092197184,1.7555448916299743e-06
885,100626173.56775747,1.2132713737855323,148.0701092197184,1.7853130896268578e-06
886,100515256.09842092,1.2324562436233135,148.0701092197184,1.8155446017382709e-06
887,100404402.98790655,1.2519152243276954,148.0701092197184,1.8462459661490902e-06
888,100293614.56888732,1.27165178916124,148.0701092197184,1.8774238032993061e-06
889,100182891.17167257,1.291669449325194,148.0701092197184,1.909084816783911e-06
890,100072233.12421948,1.311971754299847,148.0701092197184,1.941235794260978e-06
891,99961640.75214401,1.3325622921871465,148.0701092197184,1.9738836083680135e-06
892,99851114.37873104,1.3534446900556103,148.0701092197184,2.0070352176467014e-06
893,99740654.32494615,1.3746226142875049,148.0701092197184,2.0406976674759808e-06
894,99630260.90944566,1.3960997709283443,148.0701092197184,2.0748780910136627e-06
895,99519934.44858758,1.4178799060385898,148.0701092197184,2.1095837101464013e-06
896,99409675.25644243,1.4399668060477775,148.0701092197184,2.144821836448416e-06
897,99299483.64480384,1.4623642981108842,148.0701092197184,2.180599872148743e-06
898,99189359.92319891,1.4850762504670274,148.0701092197184,2.216925311107209e-06
899,99079304.39889926,1.5081065728004561,148.0701092197184,2.2538057397990736e-06
900,98969317.3769312,1.5314592166039989,148.0701092197184,2.2912488383086983e-06
901,98859399.1600862,1.555138175544653,148.0701092197184,2.32926238133177e-06
902,98749550.04893172,1.5791474858317338,148.0701092197184,2.3678542391867643e-06
903,98639770.3418213,1.6034912265872605,148.0701092197184,2.40703237883524e-06
904,98530060.33490492,1.628173520218664,148.0701092197184,2.4468048649111143e-06
905,98420420.32213971,1.6531985327940322,148.0701092197184,2.4871798607592933e-06
906,98310850.59529975,1.6785704744195806,148.0701092197184,2.528165629483271e-06
907,98201351.44398683,1.7042935996195685,148.0701092197184,2.5697705350020315e-06
908,98091923.15564047,1.7303722077186117,148.0701092197184,2.6120030431162687e-06
909,97982566.01554784,1.7568106432263813,148.0701092197184,2.6548717225839597e-06
910,97873280.30685446,1.7836132962247697,148.0701092197184,2.6983852462054207e-06
911,97764066.3105738,1.8107846027572991,148.0701092197184,2.742552391917627e-06
912,97654924.30559796,1.838329045221233,148.0701092197184,2.7873820438984766e-06
913,97545854.56870691,1.8662511527618726,148.0701092197184,2.8328831936803343e-06
914,97436857.37457915,1.8945555016693554,148.0701092197184,2.8790649412733226e-06
915,97327932.99580151,1.9232467157780084,148.0701092197184,2.925936496298539e-06
916,97219081.70287909,1.9523294668679732,148.0701092197184,2.9735071791308068e-06
917,97110303.7642447,1.9818084750694456,148.0701092197184,3.0217864220515522e-06
918,97001599.44626965,2.0116885092693053,148.0701092197184,3.0707837704114646e-06
919,96892969.01327269,2.041974387520206,148.0701092197184,3.1205088838031886e-06
920,96784412.72753017,2.0726709774521583,148.0701092197184,3.1709715372440774e-06
921,96675930.84928581,2.103783196686667,148.0701092197184,3.2221816223691872e-06
922,96567523.63676047,2.135316013253262,148.0701092197184,3.274149148634323e-06
923,96459191.34616138,2.1672744460085283,148.0701092197184,3.326884244529364e-06
924,96350934.2316924,2.1996635650577434,148.0701092197184,3.38039715880204e-06
925,96242752.54556318,2.2324884921789367,148.0701092197184,3.4346982616920046e-06
926,96134646.53799875,2.2657544012495294,148.0701092197184,3.4897980461754497e-06
927,96026616.4572493,2.2994665186753713,148.0701092197184,3.545707129220046e-06
928,95918662.54959956,2.3336301238225023,148.0701092197184,3.6024362530507937e-06
929,95810785.05937798,2.368250549451322,148.0701092197184,3.6599962864263366e-06
930,95702984.22896649,2.4033331821533332,148.0701092197184,3.7183982259260472e-06
931,95595260.29880996,2.4388834627904283,148.0701092197184,3.7776531972478903e-06
932,95487613.5074249,2.474906886936729,148.0701092197184,3.837772456517196e-06
933,95380044.09140964,2.5114090053230655,148.0701092197184,3.898767391606422e-06
934,95272552.28545295,2.5483954242839317,148.0701092197184,3.960649523465828e-06
935,95165138.32234353,2.585871806206997,148.0701092197184,4.023430507465179e-06
936,95057802.43297923,2.62384386998532,148.0701092197184,4.0871221347467725e-06
937,94950544.84637617,2.6623173914720675,148.0701092197184,4.1517363335895595e-06
938,94843365.78967781,2.701298203937838,148.0701092197184,4.21728517078457e-06
939,94736265.48816408,2.7407921985305514,148.0701092197184,4.2837808530216276e-06
940,94629244.16526064,2.7808053247380506,148.0701092197184,4.351235728287649e-06
941,94522302.04254752,2.8213435908531723,148.0701092197184,4.419662287276246e-06
942,94415439.33976826,2.862413064441565,148.0701092197184,4.489073164809061e-06
943,94308656.27483913,2.9040198728121065,148.0701092197184,4.559481141268704e-06
944,94201953.06385776,2.9461702034897206,148.0701092197184,4.630899144043055e-06
945,94095329.92111209,2.9888703046913108,148.0701092197184,4.703340248982092e-06
946,93988787.05908912,3.0321264858038472,148.0701092197184,4.776817681865803e-06
947,93882324.68848394,3.0759451178653285,148.0701092197184,4.8513448198843664e-06
948,93775943.01820844,3.1203326340484616,148.0701092197184,4.926935193130455e-06
949,93669642.25539982,3.1652955301467736,148.0701092197184,5.003602486103235e-06
950,93563422.60542971,3.2108403650636284,148.0701092197184,5.081360539224884e-06
951,93457284.27191249,3.2569737613036374,148.0701092197184,5.160223350368897e-06
952,93351227.45671406,3.3037024054671025,148.0701092197184,5.240205076401244e-06
953,93245252.35996069,3.3510330487467903,148.0701092197184,5.32132003473332e-06
954,93139359.18004696,3.3989725074275503,148.0701092197184,5.403582704887618e-06
955,93033548.11364508,3.4475276633886645,148.0701092197184,5.487007730075915e-06
956,92927819.35571283,3.4967054646087097,148.0701092197184,5.571609918789816e-06
957,92822173.09950224,3.5465129256733636,148.0701092197184,5.65740424640429e-06
958,92716609.536568,3.596957128285729,148.0701092197184,5.7444058567936644e-06
959,92611128.85677597,3.648045221779352,148.0701092197184,5.832630063960383e-06
960,92505731.24831133,3.699784423634099,148.0701092197184,5.922092353676891e-06
961,92400416.89768709,3.752182019994661,148.0701092197184,6.012808385140307e-06
962,92295185.98975241,3.805245366191754,148.0701092197184,6.104793992640091e-06
963,92190038.70770064,3.8589818872660757,148.0701092197184,6.198065187238867e-06
964,92084975.23307794,3.913399078495013,148.0701092197184,6.292638158466425e-06
965,91979995.74579115,3.9685045059220356,148.0701092197184,6.388529276026943e-06
966,91875100.42411608,4.024305806888943,148.0701092197184,6.485755091519681e-06
967,91770289.44470567,4.080810690570601,148.0701092197184,6.5843323401726836e-06
968,91665562.9825982,4.138026938512706,148.0701092197184,6.684277942590412e-06
969,91560921.21122497,4.195962405172192,148.0701092197184,6.7856090065147865e-06
970,91456364.30241892,4.254625018460398,148.0701092197184,6.888342828599796e-06
971,91351892.42642216,4.3140227802888145,148.0701092197184,6.992496896199614e-06
972,91247505.75189415,4.374163767117979,148.0701092197184,7.09808888917108e-06
973,91143204.4459197,4.435056130508799,148.0701092197184,7.205136681689477e-06
974,91038988.67401662,4.496708097676815,148.0701092197184,7.313658344078592e-06
975,90934858.6001439,4.559127972049133,148.0701092197184,7.423672144654549e-06
976,90830814.38670957,4.622324133824209,148.0701092197184,7.5351965515838956e-06
977,90726856.19457811,4.68630504053448,148.0701092197184,7.648250234756016e-06
978,90622984.18307863,4.751079227611601,148.0701092197184,7.76285206766942e-06
979,90519198.5100126,4.816655308954561,148.0701092197184,7.879021129332569e-06
980,90415499.33166142,4.883041977500743,148.0701092197184,7.996776706179351e-06
981,90311886.80279408,4.950248005799386,148.0701092197184,8.116138293998428e-06
982,90208361.07667485,5.018282246588364,148.0701092197184,8.237125599877959e-06
983,90104922.30507122,5.087153633373359,148.0701092197184,8.35975854416431e-06
984,90001570.63826098,5.156871181009879,148.0701092197184,8.484057262435625e-06
985,89898306.22504017,5.2274439862884154,148.0701092197184,8.610042107490663e-06
986,89795129.21273044,5.298881228522063,148.0701092197184,8.737733651352019e-06
987,89692039.74718653,5.371192170136986,148.0701092197184,8.867152687284352e-06
988,89589037.97280395,5.444386157265942,148.0701092197184,8.998320231828025e-06
989,89486124.03252625,5.518472620344401,148.0701092197184,9.131257526847575e-06
990,89383298.06785224,5.593461074709478,148.0701092197184,9.265986041595354e-06
991,89280560.21884386,5.669361121201875,148.0701092197184,9.40252747479072e-06
992,89177910.62413315,5.746182446770585,148.0701092197184,9.540903756714582e-06
993,89075349.42092966,5.823934825080189,148.0701092197184,9.681137051318962e-06
994,88972876.74502769,5.902628117121378,148.0701092197184,9.823249758352762e-06
995,88870492.73081383,5.982272271824068,148.0701092197184,9.967264515502717e-06
996,88768197.51127371,6.062877326673208,148.0701092197184,1.0113204200549896e-05
997,88665991.2179996,6.144453408327976,148.0701092197184,1.0261091933542822e-05
998,88563873.98119739,6.2270107332431355,148.0701092197184,1.0410951078985355e-05
999,88461845.92969383,6.310559608293694,148.0701092197184,1.0562805248041297e-05
1000,88359907.19094355,6.395110431402211,148.0701092197184,1.0716678300754721e-05
1001,88258057.89103612,6.4806736921691055,148.0701092197184,1.087259434828665e-05
1002,88156298.15470324,6.567259972505649,148.0701092197184,1.1030577755167648e-05
1003,88054628.10532556,6.654879947269889,148.0701092197184,1.1190653141566898e-05
1004,87953047.86493988,6.743544384905309,148.0701092197184,1.1352845385577365e-05
1005,87851557.55424611,6.833264148082695,148.0701092197184,1.1517179625518061e-05
1006,87750157.29261376,6.924050194344399,148.0701092197184,1.1683681262252122e-05
1007,87648847.1980895,7.01591357675174,148.0701092197184,1.1852375961521822e-05
1008,87547627.3874037,7.10886544453508,148.0701092197184,1.2023289656300156e-05
1009,87446497.97597717,7.202917043747119,148.0701092197184,1.2196448549159744e-05
1010,87345459.0779281,7.29807971791861,148.0701092197184,1.2371879114657848e-05
1011,87244510.80607899,7.394364908717107,148.0701092197184,1.2549608101738662e-05
1012,87143653.27196322,7.491784156608689,148.0701092197184,1.2729662536152855e-05
1013,87042886.58583178,7.590349101522432,148.0701092197184,1.2912069722894038e-05
1014,86942210.85666,7.690071483517764,148.0701092197184,1.3096857248652452e-05
1015,86841626.19215441,7.790963143454658,148.0701092197184,1.328405298428593e-05
1016,86741132.69875908,7.893036023666673,148.0701092197184,1.3473685087308248e-05
1017,86640730.48166242,7.99630216863708,148.0701092197184,1.3665782004395276e-05
1018,86540419.64480369,8.10077372567757,148.0701092197184,1.3860372473908216e-05
1019,86440200.29087973,8.20646294560983,148.0701092197184,1.4057485528434478e-05
1020,86340072.52135126,8.313382183450319,148.0701092197184,1.425715049734689e-05
1021,86240036.4364495,8.421543899097495,148.0701092197184,1.445939700937999e-05
1022,86140092.1351827,8.530960658022217,148.0701092197184,1.466425499522472e-05
1023,86040239.7153425,8.64164513196099,148.0701092197184,1.4871754690141127e-05
1024,85940479.27351035,8.753610099611636,148.0701092197184,1.5081926636588352e-05
1025,85840810.905064,8.866868447332543,148.0701092197184,1.5294801686873993e-05
1026,85741234.70418383,8.981433169844363,148.0701092197184,1.5510411005821027e-05
1027,85641750.763859,9.097317370934457,148.0701092197184,1.5728786073452863e-05
1028,85542359.1758942,9.214534264164612,148.0701092197184,1.5949958687697478e-05
1029,85443060.03091554,9.33309717358123,148.0701092197184,1.6173960967109454e-05
1030,85343853.41837688,9.453019534428629,148.0701092197184,1.6400825353611026e-05
1031,85244739.42656617,9.57431489386501,148.0701092197184,1.6630584615251434e-05
1032,85145718.14261182,9.696996911681818,148.0701092197184,1.686327184898596e-05
1033,85046789.65248825,9.821079361024948,148.0701092197184,1.709892048347224e-05
1034,84947954.04102284,9.94657612911986,148.0701092197184,1.7337564281887066e-05
1035,84849211.39190163,10.073501217999235,148.0701092197184,1.7579237344761892e-05
1036,84750561.78767526,10.201868745232645,148.0701092197184,1.7823974112835972e-05
1037,84652005.30976546,10.331692944660823,148.0701092197184,1.8071809369931635e-05
1038,84553542.03847091,10.46298816713116,148.0701092197184,1.8322778245846146e-05
1039,84455172.05297306,10.595768881236578,148.0701092197184,1.8576916219263842e-05
1040,84356895.43134253,10.730049674057813,148.0701092197184,1.883425912068868e-05
1041,84258712.25054482,10.865845251907883,148.0701092197184,1.9094843135395245e-05
1042,84160622.58644612,11.003170441079698,148.0701092197184,1.9358704806399966e-05
1043,84062626.51381962,11.142040188596312,148.0701092197184,1.9625881037451588e-05
1044,83964724.1063512,11.282469562964197,148.0701092197184,1.989640909604193e-05
1045,83866915.43664515,11.424473754929522,148.0701092197184,2.0170326616436833e-05
1046,83769200.5762301,11.568068078237014,148.0701092197184,2.0447671602726644e-05
1047,83671579.59556511,11.713267970391618,148.0701092197184,2.072848243189668e-05
1048,83574052.56404516,11.860088993423105,148.0701092197184,2.1012797856918223e-05
1049,83476619.55000694,12.008546834653803,148.0701092197184,2.1300657009860246e-05
1050,83379280.62073462,12.158657307468724,148.0701092197184,2.159209940502074e-05
1051,83282035.84246562,12.310436352088617,148.0701092197184,2.1887164942078674e-05
1052,83184885.28039646,12.463900036345997,148.0701092197184,2.2185893909266787e-05
1053,83087828.99868786,12.619064556464089,148.0701092197184,2.24883269865653e-05
1054,82990867.06047113,12.775946237838344,148.0701092197184,2.2794505248915696e-05
1055,82893999.5278531,12.934561535820821,148.0701092197184,2.310447016945571e-05
1056,82797226.46192235,13.094927036507473,148.0701092197184,2.3418263622775067e-05
1057,82700547.9227542,13.25705945752839,148.0701092197184,2.3735927888192834e-05
1058,82603963.96941659,13.42097564884068,148.0701092197184,2.4057505653055353e-05
1059,82507474.65997548,13.586692593523846,148.0701092197184,2.4383040016054865e-05
1060,82411080.05150057,13.754227408578995,148.0701092197184,2.4712574490571227e-05
1061,82314780.20007025,13.923597345729409,148.0701092197184,2.5046153008032636e-05
1062,82218575.16077767,14.094819792225247,148.0701092197184,2.5383819921299893e-05
1063,82122464.9877358,14.267912271650228,148.0701092197184,2.5725620008071046e-05
1064,82026449.7340827,14.442892444731406,148.0701092197184,2.6071598474308158e-05
1065,81930529.45198737,14.619778110151742,148.0701092197184,2.64218009576857e-05
1066,81834704.19265471,14.798587205365507,148.0701092197184,2.6776273531061136e-05
1067,81738974.00633085,14.979337807416035,148.0701092197184,2.7135062705966457e-05
1068,81643338.94230874,15.162048133757072,148.0701092197184,2.7498215436123256e-05
1069,81547799.04893318,15.34673654307623,148.0701092197184,2.7865779120978845e-05
1070,81452354.3736061,15.533421536121232,148.0701092197184,2.8237801609264502e-05
1071,81357004.9627919,15.72212175652926,148.0701092197184,2.8614331202576633e-05
1072,81261750.86202262,15.912855991659297,148.0701092197184,2.8995416658980853e-05
1073,81166592.11590305,16.105643173426042,148.0701092197184,2.9381107196636345e-05
1074,81071528.76811598,16.300502379138184,148.0701092197184,2.9771452497445736e-05
1075,80976560.86142741,16.49745283233841,148.0701092197184,3.0166502710725778e-05
1076,80881688.43769136,16.696513903645705,148.0701092197184,3.056630845690012e-05
1077,80786911.53785537,16.897705111602342,148.0701092197184,3.097092083121827e-05
1078,80692230.20196529,17.10104612352141,148.0701092197184,3.1380391407493725e-05
1079,80597644.46917048,17.306556756337898,148.0701092197184,3.179477224186652e-05
1080,80503154.37772876,17.514256977463553,148.0701092197184,3.221411587659094e-05
1081,80408759.96501137,17.724166905642548,148.0701092197184,3.2638475343842956e-05
1082,80314461.26750806,17.936306811811406,148.0701092197184,3.306790416955376e-05
1083,80220258.32083207,18.15069711996087,148.0701092197184,3.350245637726535e-05
1084,80126151.15972503,18.367358408000463,148.0701092197184,3.394218649200965e-05
1085,80032139.81806159,18.586311408626536,148.0701092197184,3.438714954421277e-05
1086,79938224.3288549,18.80757701019193,148.0701092197184,3.4837401073620725e-05
1087,79844404.7242609,19.03117625757912,148.0701092197184,3.5292997133250745e-05
1088,79750681.03558369,19.2571303530753,148.0701092197184,3.5753994293364786e-05
1089,79657053.29327983,19.485460657251448,148.0701092197184,3.622044964546982e-05
1090,79563521.52696362,19.716188689842454,148.0701092197184,3.6692420806338844e-05
1091,79470085.76541157,19.94933613063085,148.0701092197184,3.716996592205812e-05
1092,79376746.0365673,20.184924820333347,148.0701092197184,3.765314367209875e-05
1093,79283502.36754629,20.42297676148926,148.0701092197184,3.814201327341128e-05
1094,79190354.78464052,20.663514119352502,148.0701092197184,3.863663448454656e-05
1095,79097303.31332314,20.906559222785337,148.0701092197184,3.913706760979938e-05
1096,79004347.97825338,21.152134565155222,148.0701092197184,3.9643373503377606e-05
1097,78911488.80328105,21.400262805234483,148.0701092197184,4.0155613573596585e-05
1098,78818725.81145097,21.65096676810235,148.0701092197184,4.067384978709784e-05
1099,78726059.02500801,21.904269446048957,148.0701092197184,4.119814467309136e-05
1100,78633488.46540146,22.16019399948382,148.0701092197184,4.172856132762653e-05
1101,78541014.15328936,22.418763757844292,148.0701092197184,4.2265163417883415e-05
1102,78448636.10854356,22.680002220509337,148.0701092197184,4.280801518649399e-05
1103,78356354.35025398,22.9439330577136,148.0701092197184,4.335718145588468e-05
1104,78264168.89673293,23.210580111465244,148.0701092197184,4.391272763264658e-05
1105,78172079.76552004,23.479967396466673,148.0701092197184,4.44747197119314e-05
1106,78080086.97338642,23.75211910103691,148.0701092197184,4.504322428187172e-05
1107,77988190.53633903,24.02705958803635,148.07010921971838,4.5618308528026426e-05
1108,77896390.46962553,24.30481339579587,148.0701092197184,4.6200040237855065e-05
1109,77804686.78773832,24.585405239046064,148.0701092197184,4.678848780521398e-05
1110,77713079.5044189,24.86886000985089,148.0701092197184,4.738372023488176e-05
1111,77621568.63266255,25.15520277854249,148.0701092197184,4.798580714710797e-05
1112,77530154.18472245,25.44445879466034,148.0701092197184,4.859481878219185e-05
1113,77438836.17211409,25.736653487890027,148.0701092197184,4.921082600508156e-05
1114,77347614.60561942,26.031812469007843,148.0701092197184,4.9833900310006216e-05
1115,77256489.49529149,26.3299615308256,148.0701092197184,5.046411382512976e-05
1116,77165460.85045835,26.631126649137894,148.0701092197184,5.11015393172317e-05
1117,77074528.67972755,26.935333983674212,148.0701092197184,5.1746250196418734e-05
1118,76983692.99099013,27.242609879050452,148.0701092197184,5.239832052085735e-05
1119,76892953.79142517,27.55298086572414,148.0701092197184,5.30578250015354e-05
1120,76802311.08750373,27.866473660953833,148.0701092197184,5.372483900705431e-05
1121,76711764.884993,28.183115169757887,148.0701092197184,5.439943856844213e-05
1122,76621315.18896054,28.502932485877448,148.0701092197184,5.508170038399713e-05
1123,76530962.00377858,28.825952892742166,148.0701092197184,5.5771701824159123e-05
1124,76440705.33312784,29.152203864437006,148.0701092197184,5.646952093640574e-05
1125,76350545.1800018,29.481713066672395,148.0701092197184,5.7175236450177736e-05
1126,76260481.54671066,29.81450835775732,148.0701092197184,5.788892778183289e-05
1127,76170514.43488568,30.15061778957253,148.0701092197184,5.861067503962288e-05
1128,76080643.84548272,30.490069608548826,148.0701092197184,5.934055902870359e-05
1129,75990869.77878678,30.832892256646343,148.0701092197184,6.007866125616969e-05
1130,75901192.23441578,31.17911437233596,148.0701092197184,6.08250639361174e-05
1131,75811611.21132442,31.528764791583832,148.0701092197184,6.157984999473635e-05
1132,75722126.70780838,31.881872548837496,148.07010921971843,6.234310307542791e-05
1133,75632738.72150809,32.238466878015146,148.0701092197184,6.311490754395353e-05
1134,75543447.2494128,32.59857721349694,148.0701092197184,6.389534849361054e-05
1135,75454252.28786433,32.962233191117605,148.0701092197184,6.468451175043453e-05
1136,75365153.83256121,33.32946464916277,148.07010921971838,6.54824838784325e-05
1137,75276151.87856227,33.70030162936713,148.0701092197184,6.628935218484433e-05
1138,75187246.42029066,34.07477437791489,148.0701092197184,6.710520472543215e-05
1139,75098437.45153764,34.45291334644127,148.0701092197184,6.793013030979649e-05
1140,75009724.96546654,34.83474919303895,148.0701092197184,6.876421850672618e-05
1141,74921108.95461626,35.22031278326359,148.0701092197184,6.960755964957133e-05
1142,74832589.41090538,35.60963519114468,148.0701092197184,7.046024484165083e-05
1143,74744166.32563578,36.0027477001957,148.0701092197184,7.13223659616836e-05
1144,74655839.68949623,36.39968180442864,148.0701092197184,7.219401566925319e-05
1145,74567609.4925666,36.800469209370014,148.0701092197184,7.307528741029977e-05
1146,74479475.72432092,37.20514183307876,148.0701092197184,7.396627542264182e-05
1147,74391438.37363169,37.61373180716649,148.0701092197184,7.486707474152639e-05
1148,74303497.4287732,38.02627147782008,148.0701092197184,7.577778120521032e-05
1149,74215652.87742533,38.44279340682698,148.0701092197184,7.669849146057145e-05
1150,74127904.70667693,38.86333037260071,148.0701092197184,7.76293029687464e-05
1151,74040252.90303014,39.287915371210524,148.0701092197184,7.857031401080095e-05
1152,73952697.45240313,39.71658161741327,148.0701092197184,7.952162369343219e-05
1153,73865238.34013425,40.1493625456847,148.07010921971838,8.048333195469386e-05
1154,73777875.55098546,40.58629181125669,148.0701092197184,8.145553956976022e-05
1155,73690609.0691459,41.02740329115356,148.0701092197184,8.24383481567138e-05
1156,73603438.8782355,41.47273108523082,148.0701092197184,8.343186018236426e-05
1157,73516364.96130824,41.922309517218224,148.0701092197184,8.443617896810222e-05
1158,73429387.30085607,42.376173135763295,148.0701092197184,8.545140869577997e-05
1159,73342505.87881207,42.834356715474634,148.0701092197184,8.64776544136187e-05
1160,73255720.67655413,43.29689525797225,148.0701092197184,8.751502204215603e-05
1161,73169031.6749083,43.76382399293585,148.07010921971843,8.856361838021639e-05
1162,73082438.85415226,44.235178379156366,148.0701092197184,8.962355111091464e-05
1163,72995942.19401878,44.71099410559037,148.0701092197184,9.069492880769227e-05
1164,72909541.6736992,45.191307092414924,148.07010921971838,9.177786094038146e-05
1165,72823237.27184655,45.67615349208496,148.0701092197184,9.287245788130214e-05
1166,72737028.9665793,46.165569690394605,148.0701092197184,9.397883091139301e-05
1167,72650916.73548448,46.65959230753567,148.0701092197184,9.509709222636508e-05
1168,72564900.55562113,47.15825819916348,148.0701092197184,9.622735494289753e-05
1169,72478980.40352355,47.661604457461195,148.0701092197184,9.736973310485766e-05
1170,72393156.25520468,48.16966841220736,148.0701092197184,9.852434168955543e-05
1171,72307428.08615945,48.68248763184405,148.07010921971838,9.969129661402686e-05
1172,72221795.87136802,49.200099924548724,148.0701092197184,0.00010087071474135299
1173,72136259.58529887,49.722543339307336,148.0701092197184,0.0001020627138870097
1174,72050819.20191246,50.249856166987854,148.0701092197184,0.00010326741282524565
1175,71965474.69466406,50.78207694141743,148.0701092197184,0.00010448493129549726
1176,71880226.03650725,51.31924444046064,148.0701092197184,0.00010571539000883298
1177,71795073.19989695,51.86139768709953,148.0701092197184,0.00010695891065443057
1178,71710016.15679272,52.40857595051561,148.0701092197184,0.00010821561590608673
1179,71625054.87866187,52.96081874717307,148.0701092197184,0.00010948562942875796
1180,71540189.33648278,53.51816584190536,148.07010921971838,0.00011076907588513698
1181,71455419.50074784,54.080657249000375,148.0701092197184,0.00011206608094225566
1182,71370745.34146659,54.64833323329181,148.0701092197184,0.0001133767712781295
1183,71286166.82816906,55.22123431124784,148.0701092197184,0.0001147012745884255
1184,71201683.92990868,55.799401252064236,148.0701092197184,0.0001160397195931689
1185,71117296.6152654,56.38287507875855,148.0701092197184,0.00011739223604348141
1186,71033004.8523488,56.971697069266,148.0701092197184,0.00011875895472835237
1187,70948808.60880113,57.56590875753553,148.0701092197184,0.00012014000748144012
1188,70864707.85180032,58.165551934630074,148.0701092197184,0.00012153552718791143
1189,70780702.54806314,58.770668649828124,148.0701092197184,0.00012294564779131398
1190,70696792.66384794,59.38130121172339,148.0701092197184,0.00012437050430047486
1191,70612978.16495796,59.997492189330295,148.0701092197184,0.00012581023279644062
1192,70529259.01674424,60.61928441319012,148.07010921971838,0.0001272649704394495
1193,70445635.1841084,61.24672097647591,148.0701092197184,0.00012873485547593172
1194,70362106.63150577,61.87984523610348,148.0701092197184,0.00013022002724555196
1195,70278673.3229483,62.51870081384056,148.07010921971838,0.00013172062618827928
1196,70195335.22200748,63.16333159741681,148.0701092197184,0.0001332367938514893
1197,70112092.29181728,63.81378174163957,148.0701092197184,0.00013476867289710905
1198,70028944.49507701,64.4700956695087,148.0701092197184,0.000136316407108791
1199,69945891.79405417,65.13231807332924,148.0701092197184,0.00013788014139911375
1200,69862934.15058745,65.80049391583312,148.07010921971843,0.00013946002181683206
1201,69780071.52608952,66.47466843129585,148.0701092197184,0.00014105619555414837
1202,69697303.88154973,67.15488712665774,148.07010921971838,0.0001426688109540253
1203,69614631.1775372,67.84119578264625,148.07010921971838,0.00014429801751753108
1204,69532053.37420359,68.53364045489869,148.0701092197184,0.000145943965911218
1205,69449570.43128559,69.23226747508684,148.07010921971838,0.00014760680797453718
1206,69367182.30810812,69.93712345204356,148.0701092197184,0.00014928669672728778
1207,69284888.96358694,70.64825527289123,148.0701092197184,0.00015098378637710359
1208,69202690.35623123,71.36571010416803,148.0701092197184,0.00015269823232696652
1209,69120586.44414675,72.0895353929599,148.0701092197184,0.0001544301911827637
1210,69038577.18503818,72.81977886803242,148.0701092197184,0.00015617982076087796
1211,68956662.53621207,73.55648854096184,148.07010921971843,0.00015794728009580782
1212,68874842.45457938,74.29971270726979,148.0701092197184,0.00015973272944782844
1213,68793116.89665845,75.04949994756014,148.0701092197184,0.00016153633031068928
1214,68711485.81857735,75.80589912865236,148.0701092197184,0.00016335824541933785
1215,68629949.17607678,76.5689594047229,148.0701092197184,0.0001651986387576925
1216,68548506.92451265,77.33873021844079,148.0701092197184,0.00016705767556643653
1217,68467159.01885873,78.11526130210959,148.0701092197184,0.00016893552235085877
1218,68385905.41370921,78.89860267880931,148.07010921971838,0.00017083234688872724
1219,68304746.0632815,79.68880466353743,148.0701092197184,0.00017274831823819412
1220,68223680.9214186,80.48591786435217,148.07010921971838,0.00017468360674573966
1221,68142709.94159201,81.2899931835198,148.0701092197184,0.00017663838405415684
1222,68061833.07690382,82.10108181865816,148.0701092197184,0.00017861282311056392
1223,67981050.28008981,82.91923526388406,148.0701092197184,0.00018060709817445644
1224,67900361.5035217,83.74450531096151,148.0701092197184,0.00018262138482579688
1225,67819766.69920966,84.57694405045164,148.0701092197184,0.00018465585997314157
1226,67739265.81880507,85.4166038728619,148.0701092197184,0.00018671070186179926
1227,67658858.81360276,86.26353746979684,148.07010921971838,0.00018878609008202894
1228,67578545.63454385,87.11779783511027,148.0701092197184,0.000190882205577273
1229,67498326.23221785,87.97943826606081,148.0701092197184,0.0001929992306524347
1230,67418200.55686542,88.84851236446322,148.07010921971843,0.00019513734898217883
1231,67338168.55838074,89.7250740378436,148.0701092197184,0.00019729674561927668
1232,67258230.18631402,90.60917750059643,148.0701092197184,0.0001994776070029897
1233,67178385.38987377,91.50087727514175,148.0701092197184,0.00020168012096748823
1234,67098634.117929555,92.40022819308324,148.0701092197184,0.00020390447675030723
1235,67018976.31901398,93.3072853963642,148.0701092197184,0.0002061508650008331
1236,66939411.9413257,94.22210433843055,148.0701092197184,0.0002084194777888396
1237,66859940.932731,95.14474078538868,148.0701092197184,0.000210710508613051
1238,66780563.24076693,96.07525081716885,148.0701092197184,0.00021302415240974924
1239,66701278.81264336,97.01369082868577,148.0701092197184,0.00021536060556141262
1240,66622087.595245205,97.96011753100142,148.0701092197184,0.00021772006590539572
1241,66542989.53513507,98.91458795248919,148.0701092197184,0.0002201027327426459
1242,66463984.578555375,99.87715943999861,148.0701092197184,0.0002225088068464592
1243,66385072.67143073,100.84788966001989,148.0701092197184,0.00022493849047127104
1244,66306253.75937027,101.82683659984862,148.0701092197184,0.00022739198736148293
1245,66227527.78767,102.81405856875541,148.0701092197184,0.00022986950276033754
1246,66148894.70131496,103.8096141991502,148.0701092197184,0.00023237124341881772
1247,66070354.44498157,104.813562447751,148.0701092197184,0.0002348974176045923
1248,65991906.963040054,105.82596259675296,148.0701092197184,0.00023744823511099807
1249,65913552.19955631,106.8468742549976,148.0701092197184,0.00024002390726606158
1250,65835290.09829454,107.87635735914083,148.0701092197184,0.00024262464694155183
1251,65757120.602719344,108.91447217482549,148.0701092197184,0.00024525066856208224
1252,65679043.65599784,109.96127929785149,148.0701092197184,0.0002479021881142441
1253,65601059.20100202,111.01683965534608,148.0701092197184,0.0002505794231557769
1254,65523167.18031085,112.08121450693827,148.0701092197184,0.0002532825928247857
1255,65445367.53621263,113.1544654459291,148.0701092197184,0.0002560119178489862
1256,65367660.21070688,114.23665440046557,148.0701092197184,0.0002587676205549968
1257,65290045.14550678,115.32784363471373,148.0701092197184,0.0002615499248776652
1258,65212522.28204118,116.42809575003537,148.0701092197184,0.00026435905636944127
1259,65135091.561456725,117.53747368615544,148.0701092197184,0.0002671952422097675
1260,65057752.9246202,118.65604072234615,148.0701092197184,0.0002700587112145438
1261,64980506.31212045,119.78386047859567,148.0701092197184,0.00027294969384559717
1262,64903351.66427035,120.92099691678395,148.0701092197184,0.0002758684222202058
1263,64826288.92110939,122.06751434186178,148.0701092197184,0.0002788151301206662
1264,64749318.02240532,123.22347740302587,148.0701092197184,0.00028179005300389335
1265,64672438.90765638,124.38895109489383,148.0701092197184,0.00028479342801105735
1266,64595651.516093485,125.56400075868362,148.0701092197184,0.00028782549397726834
1267,64518955.78668203,126.74869208338808,148.0701092197184,0.0002908864914412912
1268,64442351.65812422,127.94309110695498,148.0701092197184,0.0002939766626553094
1269,64365839.06886093,129.14726421746332,148.0701092197184,0.00029709625159472086
1270,64289417.95707385,130.36127815430098,148.0701092197184,0.00030024550396797524
1271,64213088.260687225,131.58520000934294,148.0701092197184,0.00030342466722645334
1272,64136849.91737035,132.81909722813106,148.0701092197184,0.0003066339905743862
1273,64060702.8645392,134.06303761105207,148.0701092197184,0.0003098737249788133
1274,63984647.03935833,135.31708931451283,148.0701092197184,0.0003131441231795726
1275,63908682.37874333,136.58132085212557,148.0701092197184,0.00031644543969935163
1276,63832808.81936228,137.85580109587934,148.0701092197184,0.00031977793085374926
1277,63757026.297638014,139.14059927732455,148.0701092197184,0.0003231418547614065
1278,63681334.74975,140.4357849887529,148.0701092197184,0.0003265374713541658
1279,63605734.111636214,141.7414281843679,148.0701092197184,0.0003299650423872505
1280,63530224.31899511,143.057599181473,148.0701092197184,0.00033342483144952416
1281,63454805.30728757,144.38436866164793,148.0701092197184,0.00033691710397376303
1282,63379477.01173877,145.72180767192705,148.0701092197184,0.00034044212724697407
1283,63304239.36734005,147.06998762597692,148.0701092197184,0.0003440001704207517
1284,63229092.30885104,148.42898030527877,148.0701092197184,0.00034759150452168535
1285,63154035.77080101,149.79885786030545,148.0701092197184,0.00035121640246179903
1286,63079069.687491424,151.1796928116996,148.0701092197184,0.0003548751390490279
1287,63004193.992997155,152.57155805145476,148.0701092197184,0.00035856799099775023
1288,62929408.62116881,153.97452684408972,148.0701092197184,0.0003622952369393389
1289,62854713.50563445,155.38867282783292,148.0701092197184,0.00036605715743277996
1290,62780108.57980113,156.8140700157965,148.0701092197184,0.0003698540349753105
1291,62705593.776857115,158.25079279715243,148.0701092197184,0.00037368615401309804
1292,62631169.029773585,159.69891593831923,148.0701092197184,0.00037755380095198966
1293,62556834.2713063,161.15851458412615,148.0701092197184,0.0003814572641682503
1294,62482589.43399742,162.62966425900407,148.0701092197184,0.000385396834019404
1295,62408434.45017753,164.11244086815438,148.0701092197184,0.00038937280285506463
1296,62334369.25196706,165.60692069872667,148.0701092197184,0.00039338546502783276
1297,62260393.77127838,167.1131804209978,148.0701092197184,0.00039743511690423376
1298,62186507.93981735,168.63129708954722,148.0701092197184,0.00040152205687569244
1299,62112711.68908506,170.1613481444301,148.0701092197184,0.0004056465853695436
1300,62039004.950379714,171.70341141235585,148.0701092197184,0.00040980900486009753
1301,61965387.65479825,173.25756510786118,148.0701092197184,0.0004140096198797355
1302,61891859.733238176,174.82388783448732,148.0701092197184,0.0004182487370300575
1303,61818421.11639905,176.40245858595014,148.0701092197184,0.0004225266649930574
1304,61745071.73478455,177.99335674731765,148.0701092197184,0.0004268437145423553
1305,61671811.51870368,179.5966620961799,148.0701092197184,0.0004312001985544593
1306,61598640.398272954,181.21245480382402,148.0701092197184,0.00043559643202007754
1307,61525558.30341778,182.84081543640661,148.0701092197184,0.0004400327320554711
1308,61452565.16387421,184.4818249561214,148.0701092197184,0.00044450941791383705
1309,61379660.90919049,186.13556472237403,148.0701092197184,0.0004490268109967533
1310,61306845.468728974,187.80211649295606,148.0701092197184,0.0004535852348656621
1311,61234118.77166751,189.4815624252046,148.0701092197184,0.00045818501525336655
1312,61161480.7470011,191.17398507717834,148.0701092197184,0.00046282648007560845
1313,61088931.32354383,192.87946740882754,148.0701092197184,0.000467509959442673
1314,61016470.429929994,194.5980927831583,148.0701092197184,0.00047223578567102975
1315,60944097.994615994,196.32994496739892,148.0701092197184,0.00047700429329501696
1316,60871813.94588219,198.07510813417207,148.0701092197184,0.00048181581907858384
1317,60799618.211833745,199.83366686265356,148.0701092197184,0.0004866707020270531
1318,60727510.72040303,201.6057061397411,148.0701092197184,0.0004915692833989392
1319,60655491.39935077,203.3913113612207,148.0701092197184,0.0004965119067178153
1320,60583560.176267564,205.19056833292402,148.0701092197184,0.0005014989177842002
1321,60511716.978575684,207.00356327189382,148.0701092197184,0.0005065306646875065
1322,60439961.73353045,208.83038280755127,148.0701092197184,0.0005116074978180421
1323,60368294.368221745,210.67111398284797,148.0701092197184,0.000516729769879018
1324,60296714.809575826,212.52584425542648,148.0701092197184,0.0005218978358986194
1325,60225222.98435654,214.3946614987923,148.0701092197184,0.0005271120532421538
1326,60153818.81916692,216.2776540034542,148.0701092197184,0.0005323727816241648
1327,60082502.24045075,218.1749104780918,148.0701092197184,0.0005376803831206577
1328,60011273.17449412,220.0865200507113,148.0701092197184,0.000543035222181341
1329,59940131.547426924,222.01257226979845,148.0701092197184,0.0005484376656419076
1330,59869077.285223916,223.95315710547405,148.0701092197184,0.0005538880827363711
1331,59798110.313706964,225.9083649506479,148.0701092197184,0.0005593868451094339
1332,59727230.55854585,227.87828662216586,148.0701092197184,0.0005649343268288964
1333,59656437.94526005,229.8630133619697,148.0701092197184,0.0005705309043981352
1334,59585732.3992202,231.86263683824208,148.0701092197184,0.0005761769567685924
1335,59515113.84564934,233.87724914655263,148.0701092197184,0.000581872865352317
1336,59444582.20962455,235.90694281101102,148.0701092197184,0.0005876190140345657
1337,59374137.41607838,237.95181078541347,148.0701092197184,0.0005934157891864341
1338,59303779.38980009,240.01194645438443,148.0701092197184,0.0005992635796775263
1339,59233508.055437185,242.08744363452158,148.0701092197184,0.0006051627768886744
1340,59163323.33749697,244.17839657554137,148.0701092197184,0.000611113774724707
1341,59093225.16034766,246.28489996142193,148.0701092197184,0.000617116969627261
1342,59023213.44821994,248.40704891153732,148.0701092197184,0.000623172760587615
1343,58953288.12520848,250.54493898180175,148.0701092197184,0.0006292815491595936
1344,58883449.11527302,252.69866616580862,148.0701092197184,0.0006354437394725116
1345,58813696.34223988,254.86832689596022,148.0701092197184,0.0006416597382441358
1346,58744029.72980344,257.0540180446143,148.0701092197184,0.0006479299547937373
1347,58674449.201527365,259.255836925207,148.0701092197184,0.0006542548010551349
1348,58604954.680845916,261.473881293387,148.0701092197184,0.0006606346915898111
1349,58535546.09106542,263.70824934815784,148.0701092197184,0.0006670700436000965
1350,58466223.355365574,265.95903973299284,148.0701092197184,0.0006735612769423328
1351,58396986.39680067,268.22635153696797,148.0701092197184,0.0006801088141401304
1352,58327835.13830112,270.5102842958982,148.0701092197184,0.0006867130803976787
1353,58258769.502674535,272.8109379934441,148.0701092197184,0.0006933745036130335
1354,58189789.4126071,275.12841306225533,148.0701092197184,0.0007000935143915437
1355,58120894.790665075,277.4628103850817,148.0701092197184,0.00070687054605924
1356,58052085.559295855,279.81423129589007,148.0701092197184,0.000713706034676294
1357,57983361.640829235,282.1827775809951,148.0701092197184,0.0007206004190505555
1358,57914722.95747896,284.5685514801689,148.0701092197184,0.0007275541407510837
1359,57846169.431343764,286.97165568775955,148.0701092197184,0.0007345676441217535
1360,57777700.98440857,289.3921933538001,148.0701092197184,0.000741641376294884
1361,57709317.53854613,291.8302680851316,148.0701092197184,0.000748775787204947
1362,57641019.01551775,294.285983946504,148.0701092197184,0.0007559713296022781
1363,57572805.33697499,296.7594454616876,148.0701092197184,0.0007632284590668502
1364,57504676.42446068,299.25075761458424,148.0701092197184,0.0007705476340221062
1365,57436632.19941013,301.7600258503303,148.0701092197184,0.0007779293157488146
1366,57368672.58315244,304.2873560763984,148.0701092197184,0.0007853739683989706
1367,57300797.496911824,306.83285466370404,148.0701092197184,0.0007928820590097581
1368,57233006.86180853,309.3966284477027,148.0701092197184,0.0008004540575175422
1369,57165300.59886029,311.9787847294844,148.0701092197184,0.0008080904367718965
1370,57097678.6289834,314.579431276885,148.0701092197184,0.0008157916725497285
1371,57030140.87299396,317.1986763255615,148.0701092197184,0.0008235582435693586
1372,56962687.2516091,319.8366285800932,148.0701092197184,0.0008313906315047157
1373,56895317.68544803,322.493397215086,148.0701092197184,0.000839289320999593
1374,56828032.09503334,325.1690918762325,148.0701092197184,0.0008472547996818357
1375,56760830.400792144,327.86382268142603,148.0701092197184,0.0008552875581777188
1376,56693712.523057126,330.5777002218285,148.0701092197184,0.0008633880901262591
1377,56626678.38206787,333.31083556295954,148.0701092197184,0.0008715568921936254
1378,56559727.89797191,336.0633402457847,148.0701092197184,0.0008797944640876009
1379,56492860.99082581,338.8353262877795,148.0701092197184,0.0008881013085720342
1380,56426077.58059645,341.6269061840143,148.0701092197184,0.000896477931481389
1381,56359377.58716198,344.43819290823166,148.0701092197184,0.0009049248417353307
1382,56292760.93031316,347.2692999139132,148.0701092197184,0.0009134425513533293
1383,56226227.52975421,350.1203411353515,148.0701092197184,0.000922031575469335
1384,56159777.305104196,352.99143098872355,148.0701092197184,0.0009306924323464963
1385,56093410.175897986,355.8826843731486,148.0701092197184,0.0009394256433918996
1386,56027126.06158721,358.7942166717572,148.0701092197184,0.0009482317331713832
1387,55960924.88154162,361.72614375275674,148.0701092197184,0.0009571112294243904
1388,55894806.55505015,364.67858197047644,148.0701092197184,0.0009660646630788224
1389,55828771.00132165,367.6516481664415,148.0701092197184,0.0009750925682660244
1390,55762818.13948648,370.6454596704244,148.0701092197184,0.0009841954823357477
1391,55696947.8885971,373.6601343014834,148.0701092197184,0.000993373945871146
1392,55631160.16762947,376.69579036902974,148.0701092197184,0.0010026285027038854
1393,55565454.895484045,379.75254667387117,148.0701092197184,0.0010119596999292502
1394,55499831.99098651,382.83052250925266,148.0701092197184,0.0010213680879212932
1395,55434291.37288928,385.9298376619034,148.0701092197184,0.0010308542203480466
1396,55368832.9598723,389.0506124130771,148.0701092197184,0.0010404186541867744
1397,55303456.670544,392.19296753959276,148.0701092197184,0.0010500619497392756
1398,55238162.42344254,395.3570243148651,148.0701092197184,0.0010597846706472064
1399,55172950.13703673,398.542904509943,148.0701092197184,0.001069587383907482
1400,55107819.72972692,401.7507303945409,148.0701092197184,0.0010794706598877106
1401,55042771.119846314,404.98062473805504,148.0701092197184,0.0010894350723416309
1402,54977804.225661546,408.2327108106169,148.0701092197184,0.0010994811984247157
1403,54912918.96537413,411.5071123840883,148.0701092197184,0.0011096096187096537
1404,54848115.25712106,414.80395373308835,148.0701092197184,0.0011198209172019837
1405,54783393.01897617,418.1233596360352,148.0701092197184,0.0011301156813558091
1406,54718752.168950774,421.46545537612445,148.0701092197184,0.0011404945020894058
1407,54654192.62499479,424.83036674237087,148.0701092197184,0.0011509579738010424
1408,54589714.30499788,428.2182200306083,148.0701092197184,0.0011615066943847423
1409,54525317.12679009,431.62914204449544,148.0701092197184,0.001172141265246122
1410,54461001.008142896,435.0632600965262,148.0701092197184,0.0011828622913182861
1411,54396765.86677048,438.5207020090317,148.0701092197184,0.0011936703810777472
1412,54332611.620330244,442.0015961151716,148.0701092197184,0.0012045661465603873
1413,54268538.186423875,445.50607125994264,148.0701092197184,0.0012155502033775036
1414,54204545.48259857,449.0342568011657,148.0701092197184,0.0012266231707318473
1415,54140633.42634758,452.5862826104798,148.0701092197184,0.0012377856714337486
1416,54076801.93511131,456.1622790743198,148.0701092197184,0.0012490383319172364
1417,54013050.92627832,459.76237709492875,148.0701092197184,0.001260381782256309
1418,53949380.31718606,463.3867080913161,148.0701092197184,0.001271816656181117
1419,53885790.02512188,467.0354040002361,148.0701092197184,0.0012833435910942432
1420,53822279.96732409,470.7085972771855,148.0701092197184,0.0012949632280870934
1421,53758850.06098242,474.4064208973675,148.0701092197184,0.0013066762119562571
1422,53695500.223239414,478.12900835665135,148.0701092197184,0.0013184831912198898
1423,53632230.37119107,481.87649367256057,148.0701092197184,0.0013303848181342455
1424,53569040.42188776,485.6490113852216,148.0701092197184,0.001342381748710143
1425,53505930.292335056,489.4466965583386,148.0701092197184,0.0013544746427295658
1426,53442899.89949472,493.2696847801463,148.0701092197184,0.0013666641637622452
1427,53379949.160285525,497.11811216436405,148.0701092197184,0.0013789509791823091
1428,53317077.99158406,500.99211535115484,148.0701092197184,0.0013913357601849947
1429,53254286.31022568,504.89183150807514,148.0701092197184,0.0014038191818033874
1430,53191574.03300533,508.8173983310166,148.0701092197184,0.0014164019229251947
1431,53128941.07667836,512.7689540451514,148.0701092197184,0.001429084666309582
1432,53066387.35796148,516.7466374058815,148.0701092197184,0.0014418680986040722
1433,53003912.793533504,520.7505876997609,148.0701092197184,0.001454752910361427
1434,52941517.30003605,524.7809447454446,148.0701092197184,0.001467739796056659
1435,52879200.794074796,528.8378488946187,148.0701092197184,0.001480829454104029
1436,52816963.19221986,532.9214410329128,148.0701092197184,0.001494022586874075
1437,52754804.41100677,537.0318625808443,148.0701092197184,0.0015073199007107625
1438,52692724.3669375,541.1692554947306,148.0701092197184,0.0015207221059486027
1439,52630722.9764809,545.3337622676079,148.0701092197184,0.0015342299169298578
1440,52568800.156073794,549.5255259301447,148.0701092197184,0.0015478440520217665
1441,52506955.82212174,553.744690051564,148.0701092197184,0.0015615652336338581
1442,52445189.89099964,557.9913987405373,148.0701092197184,0.0015753941882352476
1443,52383502.27905274,562.2657966460974,148.0701092197184,0.0015893316463720252
1444,52321892.90259741,566.5680289585398,148.0701092197184,0.0016033783426846724
1445,52260361.67792175,570.8982414103276,148.0701092197184,0.001617535015925554
1446,52198908.5212865,575.2565802769633,148.0701092197184,0.0016318024089763542
1447,52137533.34892594,579.6431923779171,148.0701092197184,0.001646181268865734
1448,52076236.07704837,584.0582250774776,148.0701092197184,0.0016606723467868314
1449,52015016.62183709,588.5018262856564,148.0701092197184,0.001675276398114958
1450,51953874.8994511,592.974144459084,148.0701092197184,0.001689994182425328
1451,51892810.82602585,597.4753286018444,148.0701092197184,0.001704826463510677
1452,51831824.317674,602.005528266389,148.0701092197184,0.0017197740093991482
1453,51770915.29048613,606.5648935543989,148.0701092197184,0.0017348375923720966
1454,51710083.66053166,611.1535751176353,148.0701092197184,0.0017500179889819044
1455,51649329.34385921,615.7717241588144,148.0701092197184,0.0017653159800699405
1456,51588652.25649782,620.4194924324797,148.0701092197184,0.0017807323507845398
1457,51528052.31445734,625.0970322458334,148.0701092197184,0.0017962678905989451
1458,51467529.43372921,629.8044964596104,148.0701092197184,0.0018119233933294168
1459,51407083.53028722,634.5420384889151,148.0701092197184,0.0018276996571532883
1460,51346714.520088375,639.3098123040695,148.0701092197184,0.0018435974846271103
1461,51286422.3190733,644.1079724314674,148.0701092197184,0.0018596176827048766
1462,51226206.843167216,648.936673954386,148.0701092197184,0.0018757610627561704
1463,51166068.00828049,653.7960725138505,148.0701092197184,0.0018920284405845266
1464,51106005.730309434,658.6863243094386,148.0701092197184,0.0019084206364456747
1465,51046019.92513696,663.6075861001242,148.0701092197184,0.0019249384750659466
1466,50986110.50863319,668.560015205101,148.0701092197184,0.001941582785660692
1467,50926277.39665633,673.5437695045964,148.0701092197184,0.0019583544019527045
1468,50866520.50505321,678.5590074406743,148.0701092197184,0.001975254162190689
1469,50806839.74965994,683.6058880180739,148.0701092197184,0.00199228290916788
1470,50747235.046302766,688.6845708050081,148.0701092197184,0.002009441490240596
1471,50687706.31079854,693.7952159339466,148.0701092197184,0.0020267307573468133
1472,50628253.45895549,698.9379841024419,148.0701092197184,0.0020441515670249137
1473,50568876.40657391,704.1130365739231,148.0701092197184,0.0020617047804323946
1474,50509575.069446705,709.3205351784778,148.0701092197184,0.0020793912633646086
1475,50450349.36336017,714.5606423136365,148.0701092197184,0.0020972118862735527
1476,50391199.20409462,719.8335209451849,148.0701092197184,0.002115167524286804
1477,50332124.507424876,725.1393346079079,148.0701092197184,0.0021332590572263185
1478,50273125.18912115,730.478247406391,148.0701092197184,0.0021514873696274308
1479,50214201.16494964,735.8504240157927,148.0701092197184,0.002169853350757846
1480,50155352.35067291,741.2560296825965,148.0701092197184,0.0021883578946366293
1481,50096578.6620509,746.6952302253827,148.0701092197184,0.002207001900053285
1482,50037880.014841266,752.1681920356164,148.0701092197184,0.0022257862705869704
1483,49979256.32480011,757.6750820783511,148.0701092197184,0.0022447119146254972
1484,49920707.507682666,763.2160678930188,148.0701092197184,0.0022637797453846473
1485,49862233.47924375,768.7913175941895,148.0701092197184,0.0022829906809274637
1486,49803834.155238554,774.4009998722646,148.0701092197184,0.002302345644183389
1487,49745509.45142312,780.0452839942652,148.0701092197184,0.002321845562967751
1488,49687259.28355511,785.7243398045567,148.0701092197184,0.0023414913700011103
1489,49629083.56739417,791.4383377255599,148.0701092197184,0.002361284002928631
1490,49570982.21870267,797.1874487585042,148.0701092197184,0.0023812244043396246
1491,49512955.153246306,802.9718444841438,148.0701092197184,0.0024013135217870454
1492,49455002.28679476,808.791697063466,148.0701092197184,0.00242155230780701
1493,49397123.535122,814.6471792384154,148.0701092197184,0.002441941719938446
1494,49339318.81400726,820.5384643326184,148.0701092197184,0.0024624827207427556
1495,49281588.03923529,826.4657262520581,148.0701092197184,0.002483176277823434
1496,49223931.1265971,832.4291394857947,148.0701092197184,0.0025040233638458443
1497,49166347.99189061,838.4288791066774,148.0701092197184,0.0025250249565570383
1498,49108838.55092082,844.4651207720171,148.0701092197184,0.002546182038805532
1499,49051402.71950094,850.5380407242739,148.0701092197184,0.002567495598561139
1500,48994040.413452566,856.6478157917634,148.0701092197184,0.002588966628934963
1501,48936751.54860632,862.7946233893216,148.0701092197184,0.0026105961281992977
1502,48879536.04080242,868.9786415189791,148.0701092197184,0.0026323850998076184
1503,48822393.805891335,875.200048770651,148.0701092197184,0.002654334552414667
1504,48765324.759734154,881.4590243227784,148.0701092197184,0.0026764454998964666
1505,48708328.81820325,887.7557479430109,148.0701092197184,0.0026987189613705033
1506,48651405.897182785,894.0903999888676,148.0701092197184,0.0027211559612159006
1507,48594555.91256922,900.4631614083773,148.0701092197184,0.002743757529093593
1508,48537778.780271895,906.8742137407312,148.0701092197184,0.002766524699966588
1509,48481074.41621362,913.3237391169457,148.0701092197184,0.002789458514120317
1510,48424442.73633095,919.811920260481,148.0701092197184,0.002812560017182921
1511,48367883.6565751,926.338940487879,148.0701092197184,0.0028358302601456204
1512,48311397.09291211,932.9049837094253,148.0701092197184,0.0028592702993832575
1513,48254982.96132355,939.5102344297281,148.0701092197184,0.0028828811966746045
1514,48198641.17780693,946.1548777483832,148.0701092197184,0.0029066640192230192
1515,48142371.658376426,952.839099360582,148.0701092197184,0.0029306198396769545
1516,48086174.319063105,959.5630855577022,148.0701092197184,0.002954749736150506
1517,48030049.0759155,966.3270232279482,148.0701092197184,0.002979054792244147
1518,47973995.84500037,973.1310998569344,148.0701092197184,0.0030035360970653343
1519,47918014.542402856,979.9755035282966,148.0701092197184,0.0030281947452492903
1520,47862105.084227055,986.8604229242783,148.0701092197184,0.0030530318369797462
1521,47806267.3865968,993.7860473263327,148.0701092197184,0.003078048478009769
1522,47750501.36565568,1000.7525666157045,148.0701092197184,0.0031032457796826346
1523,47694806.93756789,1007.7601712739955,148.0701092197184,0.003128624858952659
1524,47639184.01851866,1014.8090523837735,148.0701092197184,0.0031541868384062366
1525,47583632.524714485,1021.8994016291123,148.0701092197184,0.0031799328462827447
1526,47528152.372383885,1029.0314112961678,148.0701092197184,0.00320586401649558
1527,47472743.47777779,1036.2052742737715,148.0701092197184,0.0032319814886533236
1528,47417405.75716999,1043.421184053925,148.0701092197184,0.0032582864080806582
1529,47362139.126857586,1050.6793347324121,148.0701092197184,0.003284779925839711
1530,47306943.50316145,1057.9799210093295,148.0701092197184,0.003311463198751182
1531,47251818.80242675,1065.3231381896076,148.0701092197184,0.003338337389415517
1532,47196764.941023394,1072.7091821835727,148.0701092197184,0.003365403666234254
1533,47141781.835346356,1080.138249507491,148.0701092197184,0.003392663203431385
1534,47086869.40181631,1087.6105372840589,148.0701092197184,0.003420117181074587
1535,47032027.556880005,1095.1262432429587,148.0701092197184,0.003447766785096726
1536,46977256.217010714,1102.6855657213746,148.0701092197184,0.003475613207317294
1537,46922555.298708595,1110.2887036644922,148.0701092197184,0.0035036576454638554
1538,46867924.718501255,1117.935856626024,148.0701092197184,0.003531901303193615
1539,46813364.392944135,1125.6272247687036,148.0701092197184,0.00356034539011496
1540,46758874.238620974,1133.3630088647935,148.0701092197184,0.0035889911218090946
1541,46704454.17214409,1141.143410296574,148.0701092197184,0.003617839719851685
1542,46650104.11015513,1148.968631056835,148.0701092197184,0.003646892411834537
1543,46595823.96932512,1156.838873749364,148.0701092197184,0.0036761504313873672
1544,46541613.66635511,1164.7543415894088,148.0701092197184,0.0037056150181995077
1545,46487473.11797666,1172.7152384041792,148.0701092197184,0.0037352874180418064
1546,46433402.24095198,1180.7217686333229,148.0701092197184,0.0037651688827885217
1547,46379400.952074565,1188.774137329336,148.0701092197184,0.0037952606704390345
1548,46325469.168169655,1196.8725501580807,148.0701092197184,0.0038255640451399665
1549,46271606.80609433,1205.017213399213,148.0701092197184,0.0038560802772071
1550,46217813.78273834,1213.2083339466558,148.0701092197184,0.0038868106431474416
1551,46164090.01502418,1221.4461193089985,148.0701092197184,0.003917756425681163
1552,46110435.419907615,1229.7307776099906,148.0701092197184,0.003948918913763868
1553,46056849.914378084,1238.0625175889318,148.0701092197184,0.003980299402608592
1554,46003333.41545906,1246.4415486011405,148.0701092197184,0.004011899193708116
1555,45949885.84020847,1254.8680806183477,148.0701092197184,0.004043719594857086
1556,45896507.10571913,1263.342324229142,148.0701092197184,0.00407576192017436
1557,45843197.12911893,1271.8644906393506,148.0701092197184,0.004108027490125221
1558,45789955.82757152,1280.434791672483,148.0701092197184,0.004140517631543806
1559,45736783.118276455,1289.0534397701285,148.0701092197184,0.004173233677655495
1560,45683678.91846973,1297.720647992333,148.0701092197184,0.004206176968099247
1561,45630643.14542398,1306.4366300180016,148.0701092197184,0.004239348848950109
1562,45577675.716449045,1315.2016001453283,148.0701092197184,0.004272750672741843
1563,45524776.548892155,1324.015773292115,148.0701092197184,0.004306383798489269
1564,45471945.56013856,1332.8793649961813,148.0701092197184,0.00434024959171094
1565,45419182.66761156,1341.7925914157695,148.0701092197184,0.004374349424451892
1566,45366487.78877316,1350.75566932984,148.0701092197184,0.004408684675306049
1567,45313860.84112427,1359.7688161384908,148.0701092197184,0.004443256729439127
1568,45261301.74220505,1368.8322498633106,148.0701092197184,0.00447806697861136
1569,45208810.40959553,1377.9461891477008,148.0701092197184,0.004513116821200168
1570,45156386.760915436,1387.1108532572478,148.0701092197184,0.004548407662223098
1571,45104030.71382517,1396.3264620800708,148.0701092197184,0.004583940913360661
1572,45051742.18602568,1405.593236127124,148.0701092197184,0.004619717992979151
1573,44999521.09525898,1414.9113965325646,148.0701092197184,0.004655740326153695
1574,44947367.35930859,1424.2811650540748,148.0701092197184,0.004692009344691211
1575,44895280.8959997,1433.7027640731442,148.0701092197184,0.004728526487153311
1576,44843261.62319957,1443.17641659543,148.0701092197184,0.0047652931988795035
1577,44791309.458817996,1452.7023462510515,148.0701092197184,0.004802310932010219
1578,44739424.32080739,1462.2807772949002,148.0701092197184,0.004839581145509992
1579,44687606.12716336,1471.9119346069033,148.0701092197184,0.004877105305190484
1580,44635854.79592491,1481.5960436923865,148.0701092197184,0.004914884883733938
1581,44584170.24517477,1491.333330682297,148.0701092197184,0.0049529213607162085
1582,44532552.39303972,1501.124022333523,148.0701092197184,0.0049912162226301675
1583,44481001.157691,1510.968346029167,148.0701092197184,0.0050297709629090045
1584,44429516.45734456,1520.866529778802,148.0701092197184,0.005068587081949544
1585,44378098.21026129,1530.8188022187562,148.0701092197184,0.005107666087135714
1586,44326746.33474755,1540.8253926123723,148.0701092197184,0.005147009492861954
1587,44275460.74915526,1550.8865308502695,148.0701092197184,0.005186618820556733
1588,44224241.37188239,1561.0024474505549,148.0701092197184,0.005226495598705918
1589,44173088.12137313,1571.1733735591367,148.0701092197184,0.005266641362876556
1590,44122000.91611831,1581.3995409499141,148.0701092197184,0.005307057655740304
1591,44070979.67465558,1591.6811820250093,148.0701092197184,0.005347746027097037
1592,44020024.315569915,1602.0185298150463,148.0701092197184,0.005388708033898675
1593,43969134.75749364,1612.4118179793086,148.0701092197184,0.0054299452402726866
1594,43918310.91910692,1622.8612808060082,148.0701092197184,0.005471459217545978
1595,43867552.719138026,1633.3671532124804,148.0701092197184,0.005513251544268612
1596,43816860.07636365,1643.9296707453962,148.0701092197184,0.005555323806237638
1597,43766232.909609005,1654.5490695809408,148.0701092197184,0.0055976775965208845
1598,43715671.137748435,1665.225586525052,148.0701092197184,0.005640314515480949
1599,43665174.679705456,1675.959459013571,148.0701092197184,0.005683236170799022
1600,43614743.45445305,1686.750925112449,148.0701092197184,0.005726444177498911
1601,43564377.38101418,1697.6002235179324,148.0701092197184,0.005769940157971032
1602,43514076.3784617,1708.507593556715,148.0701092197184,0.005813725741996417
1603,43463840.36591898,1719.473275186124,148.0701092197184,0.005857802566770796
1604,43413669.26256002,1730.4975089942711,148.0701092197184,0.005902172276928676
1605,43363562.98760966,1741.580536200245,148.0701092197184,0.005946836524567627
1606,43313521.46034398,1752.72259865419,148.0701092197184,0.0059917969692721805
1607,43263544.600090586,1763.9239388375431,148.0701092197184,0.006037055278138353
1608,43213632.32622872,1775.1847998631015,148.0701092197184,0.006082613125797671
1609,43163784.558189705,1786.5054254751908,148.0701092197184,0.0061284721944415465
1610,43114001.21545703,1797.8860600498106,148.0701092197184,0.006174634173845668
1611,43064282.2175668,1809.3269485947192,148.0701092197184,0.006221100761394208
1612,43014627.48410782,1820.8283367495528,148.0701092197184,0.006267873662104238
1613,42965036.93472202,1832.3904707860238,148.0701092197184,0.006314954588650423
1614,42915510.48910456,1844.0135976078868,148.0701092197184,0.006362345261389031
1615,42866048.067004174,1855.697964751151,148.0701092197184,0.006410047408382787
1616,42816649.58822343,1867.443820384151,148.0701092197184,0.006458062765425329
1617,42767314.97261888,1879.2514133075979,148.0701092197184,0.006506393076065648
1618,42718044.14010137,1891.120992954707,148.0701092197184,0.006555040091632839
1619,42668837.010636404,1903.0528093912694,148.0701092197184,0.006604005571260692
1620,42619693.5042442,1915.0471133157116,148.0701092197184,0.006653291281912338
1621,42570613.540999964,1927.1041560591698,148.0701092197184,0.0067028989984049886
1622,42521597.041034244,1939.2241895855561,148.0701092197184,0.006752830503434665
1623,42472643.92453311,1951.4074664916127,148.0701092197184,0.006803087587600973
1624,42423754.11173824,1963.6542400069457,148.0701092197184,0.006853672049431889
1625,42374927.52294754,1975.9647639941065,148.0701092197184,0.006904585695408663
1626,42326164.07851491,1988.3392929486101,148.0701092197184,0.006955830339990696
1627,42277463.69885073,2000.7780819989532,148.0701092197184,0.007007407805640364
1628,42228826.3044222,2013.2813869066763,148.0701092197184,0.007059319922848056
1629,42180251.81575325,2025.849464066364,148.0701092197184,0.007111568530157143
1630,42131740.15342498,2038.482570505659,148.0701092197184,0.007164155474188934
1631,42083291.2380759,2051.180963885289,148.0701092197184,0.00721708260966778
1632,42034904.99040206,2063.9449024990527,148.0701092197184,0.007270351799446108
1633,41986581.33115731,2076.774645273834,148.0701092197184,0.007323964914529573
1634,41938320.18115347,2089.6704517696126,148.0701092197184,0.00737792383410228
1635,41890121.46126059,2102.6325821793953,148.0701092197184,0.007432230445551747
1636,41841985.09240726,2115.6612973292404,148.0701092197184,0.007486886644494258
1637,41793910.99558057,2128.7568586782613,148.0701092197184,0.007541894334800246
1638,41745899.09182657,2141.9195283185404,148.0701092197184,0.007597255428619325
1639,41697949.302250355,2155.149568975082,148.0701092197184,0.007652971846405585
1640,41650061.54801632,2168.447244005879,148.0701092197184,0.007709045516943304
1641,41602235.75034838,2181.812817401728,148.0701092197184,0.007765478377371823
1642,41554471.83053004,2195.246553786299,148.0701092197184,0.00782227237321143
1643,41506769.70990475,2208.7487184159836,148.0701092197184,0.007879429458388421
1644,41459129.30987611,2222.3195771798664,148.0701092197184,0.00793695159526071
1645,41411550.55190793,2235.959396599701,148.0701092197184,0.007994840754643509
1646,41364033.35752456,2249.668443829743,148.0701092197184,0.008053098915834521
1647,41316577.64831097,2263.4469866567406,148.0701092197184,0.008111728066639786
1648,41269183.34591312,2277.2952934998325,148.0701092197184,0.008170730203399182
1649,41221850.372037984,2291.2136334104216,148.0701092197184,0.008230107331011986
1650,41174578.64845374,2305.202276072133,148.0701092197184,0.008289861462962716
1651,41127368.09699016,2319.261491800671,148.0701092197184,0.00834999462134667
1652,41080218.6395385,2333.391551543696,148.0701092197184,0.008410508836895635
1653,41033130.1980519,2347.592726880743,148.0701092197184,0.008471406149003748
1654,40986102.69454561,2361.865290023107,148.0701092197184,0.008532688605753284
1655,40939136.05109691,2376.2095138136747,148.0701092197184,0.008594358263940392
1656,40892230.189845525,2390.625671726792,148.0701092197184,0.00865641718910088
1657,40845385.03299381,2405.1140378681835,148.0701092197184,0.008718867455536317
1658,40798600.50280671,2419.6748869747667,148.0701092197184,0.00878171114633983
1659,40751876.52161215,2434.308494414462,148.0701092197184,0.008844950353421867
1660,40705213.01180118,2449.0151361861112,148.0701092197184,0.008908587177536429
1661,40658609.89582798,2463.795088919288,148.0701092197184,0.008972623728307021
1662,40612067.09621026,2478.648629874086,148.0701092197184,0.009037062124252458
1663,40565584.5355293,2493.576036941016,148.0701092197184,0.009101904492813223
1664,40519162.136430174,2508.5775886407887,148.0701092197184,0.009167152970377401
1665,40472799.82162183,2523.6535641240976,148.0701092197184,0.009232809702306697
1666,40426497.5138773,2538.8042431715126,148.0701092197184,0.009298876842962888
1667,40380255.13603395,2554.0299061932046,148.0701092197184,0.009365356555733699
1668,40334072.61099356,2569.3308342287423,148.0701092197184,0.009432251013059022
1669,40287949.86172245,2584.7073089469695,148.0701092197184,0.009499562396457464
1670,40241886.81125166,2600.1596126456943,148.0701092197184,0.009567292896552275
1671,40195883.38267723,2615.688028251478,148.0701092197184,0.009635444713097631
1672,40149939.4991602,2631.292839319523,148.0701092197184,0.009704020055005416
1673,40104055.08392686,2646.974330033248,148.0701092197184,0.009773021140370843
1674,40058230.060268745,2662.7327852042195,148.0701092197184,0.009842450196499486
1675,40012464.35154308,2678.568490271839,148.0701092197184,0.009912309459933375
1676,39966757.8811727,2694.481731303072,148.0701092197184,0.009982601176477394
1677,39921110.57264617,2710.472794992219,148.0701092197184,0.01005332760122586
1678,39875522.34951814,2726.541968660687,148.0701092197184,0.010124490998589074
1679,39829993.13540938,2742.6895402566424,148.0701092197184,0.010196093642319586
1680,39784522.85400676,2758.9157983547957,148.0701092197184,0.01026813781553897
1681,39739111.4290638,2775.2210321561256,148.0701092197184,0.010340625810764337
1682,39693758.78440033,2791.605531487549,148.0701092197184,0.010413559929934868
1683,39648464.843903005,2808.069586801678,148.0701092197184,0.010486942484438532
1684,39603229.53152533,2824.613489176493,148.0701092197184,0.01056077579513866
1685,39558052.77128763,2841.237530315063,148.0701092197184,0.010635062192400738
1686,39512934.48727744,2857.9420025451896,148.0701092197184,0.010709804016118901
1687,39467874.603649564,2874.727198819175,148.0701092197184,0.010785003615742965
1688,39422873.04462608,2891.593412713415,148.0701092197184,0.010860663350304904
1689,39377929.73449663,2908.5409384281033,148.0701092197184,0.010936785588445732
1690,39333044.5976185,2925.5700707869737,148.0701092197184,0.011013372708442581
1691,39288217.55841669,2942.6811052368253,148.0701092197184,0.011090427098235047
1692,39243448.54138416,2959.874337847254,148.07010921971843,0.011167951155452315
1693,39198737.471081816,2977.1500653103612,148.0701092197184,0.0112459472874403
1694,39154084.27213882,2994.5085849402767,148.0701092197184,0.011324417911288066
1695,39109488.86925249,3011.950194672855,148.0701092197184,0.011403365453855032
1696,39064951.18718862,3029.475193065367,148.0701092197184,0.01148279235179812
1697,39020471.15078154,3047.083879295993,148.0701092197184,0.01156270105159825
1698,38976048.68493415,3064.776553163594,148.0701092197184,0.01164309400958796
1699,38931683.71461814,3082.553515087205,148.0701092197184,0.01172397369197795
1700,38887376.16487414,3100.4150661057033,148.0701092197184,0.011805342574884362
1701,38843125.96081162,3118.3615078774064,148.0701092197184,0.011887203144355929
1702,38798933.0276094,3136.3931426796894,148.0701092197184,0.011969557896401046
1703,38754797.29051531,3154.510273408534,148.0701092197184,0.012052409337014873
1704,38710718.67484662,3172.7132035780924,148.0701092197184,0.01213575998220633
1705,38666697.10599013,3191.0022373203738,148.0701092197184,0.012219612358025699
1706,38622732.50940202,3209.3776793847346,148.0701092197184,0.012303969000591603
1707,38578824.8106083,3227.8398351374517,148.07010921971838,0.01238883245611815
1708,38534973.93520472,3246.389010561321,148.0701092197184,0.012474205280942396
1709,38491179.8088569,3265.0255122551735,148.0701092197184,0.012560090041551472
1710,38447442.357300445,3283.749647433468,148.0701092197184,0.012646489314610038
1711,38403761.506341174,3302.5617239258036,148.0701092197184,0.01273340568698747
1712,38360137.181854986,3321.4620501764603,148.0701092197184,0.012820841755785291
1713,38316569.309788145,3340.4509352439536,148.0701092197184,0.012908800128364558
1714,38273057.81615737,3359.528688800576,148.0701092197184,0.012997283422373341
1715,38229602.62704982,3378.6956211318497,148.0701092197184,0.013086294265773912
1716,38186203.66862328,3397.9520431361175,148.0701092197184,0.01317583529687044
1717,38142860.8671063,3417.2982663240305,148.0701092197184,0.013265909164336395
1718,38099574.14879819,3436.734602818027,148.0701092197184,0.013356518527241934
1719,38056343.44006915,3456.2613653518306,148.0701092197184,0.013447666055081428
1720,38013168.66736046,3475.878867270011,148.0701092197184,0.013539354427801223
1721,37970049.75718444,3495.5874225274006,148.0701092197184,0.013631586335826985
1722,37926986.63612457,3515.387345688583,148.0701092197184,0.013724364480091273
1723,37883979.23083567,3535.2789519274197,148.0701092197184,0.013817691572061336
1724,37841027.468043834,3555.262557026422,148.0701092197184,0.01391157033376639
1725,37798131.27454675,3575.3384773763682,148.0701092197184,0.014006003497825801
1726,37755290.57721355,3595.507029975593,148.0701092197184,0.014100993807476161
1727,37712505.30298501,3615.768532429554,148.07010921971838,0.014196544016599397
1728,37669775.37887367,3636.123302950198,148.0701092197184,0.014292656889750142
1729,37627100.731963836,3656.5716603555084,148.0701092197184,0.01438933520218391
1730,37584481.2894117,3677.113924068837,148.0701092197184,0.014486581739884442
1731,37541916.978445455,3697.7504141183904,148.0701092197184,0.014584399299591684
1732,37499407.72636537,3718.4814511366135,148.0701092197184,0.014682790688829417
1733,37456953.46054373,3739.3073563596536,148.0701092197184,0.014781758725933318
1734,37414554.10842514,3760.2284516267405,148.0701092197184,0.014881306240078563
1735,37372209.597526506,3781.2450593796225,148.07010921971843,0.01498143607130786
1736,37329919.85543702,3802.357502661877,148.0701092197184,0.015082151070558967
1737,37287684.80981843,3823.566105118439,148.07010921971843,0.015183454099693069
1738,37245504.38840488,3844.8711909949284,148.0701092197184,0.015285348031522516
1739,37203378.519003235,3866.2730851369743,148.07010921971843,0.01538783574983844
1740,37161307.12949293,3887.772112989701,148.07010921971838,0.015490920149439192
1741,37119290.14782623,3909.3686005970135,148.0701092197184,0.015594604136157937
1742,37077327.50202812,3931.062874601016,148.0701092197184,0.01569889062689088
1743,37035419.120196566,3952.8552622413536,148.0701092197184,0.015803782549625143
1744,36993564.930502415,3974.74609135454,148.0701092197184,0.01590928284346676
1745,36951764.861189626,3996.7356903733385,148.0701092197184,0.016015394458668748
1746,36910018.84057513,4018.8243883261443,148.0701092197184,0.016122120356659452
1747,36868326.797049135,4041.0125148362145,148.07010921971843,0.016229463510070062
1748,36826688.65907498,4063.300400121078,148.0701092197184,0.016337426902763134
1749,36785104.35518934,4085.6883749918907,148.07010921971838,0.016446013529860738
1750,36743573.81400226,4108.176770852664,148.0701092197184,0.01655522639777227
1751,36702096.96419714,4130.765919699589,148.0701092197184,0.016665068524222632
1752,36660673.73453093,4153.456154120507,148.0701092197184,0.016775542938281023
1753,36619304.05383412,4176.247807293953,148.0701092197184,0.016886652680388112
1754,36577987.85101065,4199.141212988662,148.0701092197184,0.016998400802385103
1755,36536725.05503835,4222.136705562786,148.0701092197184,0.017110790367541543
1756,36495515.594968595,4245.234619963146,148.0701092197184,0.017223824450583534
1757,36454359.39992657,4268.435291724573,148.0701092197184,0.017337506137722204
1758,36413256.39911138,4291.739056969173,148.0701092197184,0.01745183852668186
1759,36372206.521795906,4315.146252405546,148.0701092197184,0.017566824726728165
1760,36331209.69732697,4338.657215328104,148.0701092197184,0.01768246785869663
1761,36290265.85512554,4362.272283616308,148.0701092197184,0.017798771055020774
1762,36249374.92468642,4385.991795733942,148.0701092197184,0.017915737459760675
1763,36208536.835578635,4409.816090728288,148.0701092197184,0.018033370228630902
1764,36167751.51744539,4433.745508229492,148.07010921971843,0.018151672529029453
1765,36127018.90000399,4457.780388449676,148.0701092197184,0.018270647540065625
1766,36086338.913046055,4481.921072182241,148.07010921971838,0.018390298452588685
1767,36045711.48643751,4506.167900801067,148.0701092197184,0.01851062846921619
1768,36005136.55011861,4530.52121625972,148.0701092197184,0.018631640804362352
1769,35964614.03410398,4554.981361090671,148.0701092197184,0.018753338684266534
1770,35924143.86848271,4579.548678404612,148.0701092197184,0.01887572534702211
1771,35883725.98341839,4604.22351188941,148.0701092197184,0.01899880404260391
1772,35843360.3091491,4629.0062058095455,148.0701092197184,0.019122578032897748
1773,35803046.775987506,4653.897105005219,148.0701092197184,0.019247050591728515
1774,35762785.314320914,4678.896554891465,148.0701092197184,0.019372225004888402
1775,35722575.85461125,4704.00490145745,148.0701092197184,0.019498104570165948
1776,35682418.32739518,4729.222491265584,148.0701092197184,0.01962469259737426
1777,35642312.66328408,4754.549671450675,148.0701092197184,0.01975199240837956
1778,35602258.792964056,4779.986789719122,148.0701092197184,0.01988000733712986
1779,35562256.64719613,4805.534194348095,148.0701092197184,0.020008740729683585
1780,35522306.15681613,4831.192234184623,148.0701092197184,0.02013819594423792
1781,35482407.25273472,4856.9612586447865,148.0701092197184,0.02026837635115769
1782,35442559.865937606,4882.841617712873,148.0701092197184,0.02039928533300384
1783,35402763.92748535,4908.833661940471,148.0701092197184,0.020530926284562094
1784,35363019.36851353,4934.937742445581,148.0701092197184,0.0206633026128714
1785,35323326.12023286,4961.1542109118445,148.0701092197184,0.020796417737252996
1786,35283684.113928966,4987.483419587562,148.07010921971843,0.020930275089338753
1787,35244093.28096262,5013.925721284832,148.0701092197184,0.02106487811309989
1788,35204553.552769825,5040.4814693786975,148.0701092197184,0.021200230264875764
1789,35165064.860861555,5067.151017806224,148.0701092197184,0.021336335013402635
1790,35125627.13682413,5093.934721065548,148.0701092197184,0.02147319583984195
1791,35086240.312319025,5120.8329342150755,148.0701092197184,0.021610816237809704
1792,35046904.31908293,5147.846012872456,148.0701092197184,0.021749199713404593
1793,35007619.08892787,5174.9743132137355,148.0701092197184,0.021888349785237057
1794,34968384.55374116,5202.218191972464,148.07010921971843,0.022028269984458223
1795,34929200.645485386,5229.578006438671,148.0701092197184,0.022168963854788233
1796,34890067.296198554,5257.05411445791,148.0701092197184,0.022310434952544925
1797,34850984.43799398,5284.646874430551,148.0701092197184,0.02245268684667364
1798,34811952.00306045,5312.356645310558,148.0701092197184,0.022595723118774783
1799,34772969.92366213,5340.183786604618,148.0701092197184,0.022739547363133026
1800,34734038.13213865,5368.128658371302,148.0701092197184,0.022884163186746576
1801,34695156.56090514,5396.191621219994,148.0701092197184,0.023029574209355544
1802,34656325.14245211,5424.373036309908,148.0701092197184,0.023175784063470786
1803,34617543.809345715,5452.6732653492245,148.0701092197184,0.023322796394403062
1804,34578812.49422757,5481.092670593981,148.07010921971838,0.023470614860291433
1805,34540131.12981485,5509.631614847219,148.0701092197184,0.023619243132132667
1806,34501499.64890028,5538.290461457878,148.0701092197184,0.02376868489380958
1807,34462917.98435222,5567.069574319888,148.0701092197184,0.023918943842120254
1808,34424386.06911459,5595.969317871112,148.0701092197184,0.024070023686806757
1809,34385903.83620699,5624.990057092396,148.0701092197184,0.02422192815058414
1810,34347471.21872455,5654.13215750652,148.07010921971843,0.024374660969169345
1811,34309088.14983812,5683.395985177205,148.0701092197184,0.02452822589131004
1812,34270754.56279427,5712.781906708057,148.0701092197184,0.02468262667881344
1813,34232470.390915126,5742.290289241658,148.0701092197184,0.024837867106575793
1814,34194235.56759857,5771.921500458306,148.0701092197184,0.02499395096261026
1815,34156050.026318215,5801.675908575288,148.0701092197184,0.025150882048077153
1816,34117913.70062335,5831.553882345521,148.0701092197184,0.02530866417731158
1817,34079826.52413901,5861.555791056776,148.0701092197184,0.02546730117785354
1818,34041788.430565976,5891.68200453048,148.0701092197184,0.025626796890476228
1819,34003799.35368074,5921.932893120654,148.0701092197184,0.02578715516921501
1820,33965859.22733558,5952.308827712927,148.0701092197184,0.025948379881396703
1821,33927967.985458545,5982.8101797234485,148.0701092197184,0.026110474907668456
1822,33890125.56205346,6013.437321097755,148.0701092197184,0.026273444142026488
1823,33852331.89119991,6044.190624309812,148.0701092197184,0.02643729149184557
1824,33814586.9070533,6075.070462360804,148.0701092197184,0.026602020877907497
1825,33776890.5438448,6106.077208778092,148.0701092197184,0.026767636234430275
1826,33739242.735881396,6137.211237614212,148.0701092197184,0.026934141509097502
1827,33701643.417545885,6168.472923445635,148.0701092197184,0.027101540663086784
1828,33664092.52329686,6199.862641371761,148.0701092197184,0.027269837671099164
1829,33626589.98766874,6231.380767013794,148.0701092197184,0.027439036521388075
1830,33589135.74527176,6263.027676513602,148.0701092197184,0.02760914121578823
1831,33551729.730791934,6294.803746532598,148.0701092197184,0.0277801557697447
1832,33514371.8789912,6326.709354250718,148.0701092197184,0.027952084212342278
1833,33477062.12470723,6358.744877365097,148.0701092197184,0.02812493058633379
1834,33439800.402853526,6390.910694089171,148.0701092197184,0.02829869894817012
1835,33402586.648419455,6423.207183151341,148.0701092197184,0.028473393368028354
1836,33365420.79647021,6455.634723793972,148.0701092197184,0.028649017929841456
1837,33328302.78214673,6488.193695772163,148.0701092197184,0.028825576731327084
1838,33291232.54066588,6520.884479352585,148.0701092197184,0.02900307388401641
1839,33254210.007320266,6553.70745531246,148.0701092197184,0.02918151351328395
1840,33217235.11747836,6586.663004938158,148.0701092197184,0.029360899758375473
1841,33180307.806584474,6619.751510024315,148.0701092197184,0.02954123677243834
1842,33143428.01015862,6652.973352872419,148.0701092197184,0.02972252872254962
1843,33106595.663796734,6686.328916289759,148.0701092197184,0.029904779789745543
1844,33069810.703170512,6719.818583588246,148.0701092197184,0.030087994169050707
1845,33033073.064027403,6753.442738583159,148.0701092197184,0.030272176069506874
1846,32996382.682190705,6787.201765592023,148.0701092197184,0.030457329714202275
1847,32959739.493559506,6821.096049433374,148.0701092197184,0.030643459340300563
1848,32923143.434108634,6855.125975425553,148.0701092197184,0.030830569199069905
1849,32886594.439888716,6889.291929385458,148.0701092197184,0.03101866355591185
1850,32850092.44702611,6923.594297627599,148.0701092197184,0.03120774669039163
1851,32813637.39172298,6958.0334669624,148.0701092197184,0.03139782289626504
1852,32777229.210257187,6992.609824695428,148.0701092197184,0.03158889648150963
1853,32740867.838982344,7027.323758625979,148.0701092197184,0.031780971768352886
1854,32704553.214327805,7062.175657045802,148.0701092197184,0.031974053093301105
1855,32668285.27279861,7097.165908737946,148.0701092197184,0.032168144807168925
1856,32632063.950975552,7132.294902975525,148.0701092197184,0.032363251275108355
1857,32595889.185515087,7167.563029520422,148.0701092197184,0.032559376876637694
1858,32559760.913149312,7202.970678622056,148.0701092197184,0.032756526005670736
1859,32523679.070686083,7238.518241016182,148.0701092197184,0.03295470307054596
1860,32487643.59500886,7274.206107923563,148.0701092197184,0.03315391249405544
1861,32451654.42307672,7310.0346710487565,148.0701092197184,0.03335415871347419
1862,32415711.491924427,7346.004322578786,148.0701092197184,0.03355544618058881
1863,32379814.738662332,7382.115455181943,148.0701092197184,0.03375777936172708
1864,32343964.10047637,7418.368462006434,148.0701092197184,0.03396116273778665
1865,32308159.514628112,7454.7637366791905,148.0701092197184,0.03416560080426449
1866,32272400.91845464,7491.301673304528,148.0701092197184,0.03437109807128587
1867,32236688.24936859,7527.982666462776,148.0701092197184,0.03457765906363297
1868,32201021.444858212,7564.807111209224,148.0701092197184,0.03478528832077502
1869,32165400.442487165,7601.775403072523,148.0701092197184,0.03499399039689622
1870,32129825.17989469,7638.887938053576,148.0701092197184,0.03520376986092552
1871,32094295.59479548,7676.145112624196,148.0701092197184,0.035414631296565635
1872,32058811.62497969,7713.547323725734,148.0701092197184,0.03562657930232183
1873,32023373.208312944,7751.094968767817,148.0701092197184,0.03583961849153129
1874,31987980.282736238,7788.788445627021,148.0701092197184,0.036053753492392177
1875,31952632.78626604,7826.628152645497,148.0701092197184,0.03626898894799237
1876,31917330.65699416,7864.614488629665,148.0701092197184,0.0364853295163388
1877,31882073.83308779,7902.7478528489655,148.0701092197184,0.03670277987038684
1878,31846862.25278946,7941.028645034414,148.0701092197184,0.03692134469806888
1879,31811695.854417022,7979.457265377143,148.0701092197184,0.0371410287023229
1880,31776574.576363612,8018.0341145273605,148.0701092197184,0.03736183660112293
1881,31741498.35709771,8056.759593592778,148.0701092197184,0.037583773127507006
1882,31706467.13516293,8095.63410413725,148.0701092197184,0.037806843029606414
1883,31671480.849178243,8134.658048179525,148.0701092197184,0.03803105107067502
1884,31636539.437837765,8173.831828191758,148.0701092197184,0.03825640202911787
1885,31601642.839910753,8213.155847098275,148.0701092197184,0.03848290069852092
1886,31566790.99424172,8252.630508274011,148.0701092197184,0.03871055188767903
1887,31531983.839750245,8292.256215543357,148.0701092197184,0.03893936042062614
1888,31497221.315431025,8332.033373178505,148.0701092197184,0.039169331136663064
1889,31462503.360353876,8371.96238589834,148.0701092197184,0.03940046889038771
1890,31427829.913663607,8412.04365886688,148.0701092197184,0.03963277855172342
1891,31393200.914580088,8452.277597691897,148.0701092197184,0.03986626500594798
1892,31358616.302398227,8492.66460842351,148.0701092197184,0.040100933153722575
1893,31324076.016487837,8533.20509755287,148.0701092197184,0.0403367879111213
1894,31289579.996293727,8573.899472010591,148.0701092197184,0.040573834209659314
1895,31255128.181335602,8614.748139165504,148.0701092197184,0.04081207699632264
1896,31220720.51120809,8655.751506823126,148.0701092197184,0.04105152123359656
1897,31186356.925580632,8696.909983224215,148.0701092197184,0.04129217189949459
1898,31152037.36419752,8738.223977043528,148.0701092197184,0.0415340339875882
1899,31117761.766877864,8779.693897388133,148.0701092197184,0.0417771125070346
1900,31083530.073515534,8821.320153796143,148.0701092197184,0.04202141248260643
1901,31049342.224079143,8863.10315623532,148.0701092197184,0.042266938954721014
1902,31015198.15861199,8905.04331510137,148.0701092197184,0.04251369697946797
1903,30981097.8172321,8947.14104121677,148.0701092197184,0.0427616916286394
1904,30947041.140132107,8989.396745829232,148.0701092197184,0.04301092798975849
1905,30913028.06757929,9031.810840610182,148.0701092197184,0.04326141116610805
1906,30879058.53991547,9074.383737653392,148.0701092197184,0.043513146276759916
1907,30845132.49755708,9117.115849473426,148.0701092197184,0.043766138456603265
1908,30811249.88099501,9160.007589004163,148.0701092197184,0.04402039285637364
1909,30777410.630794656,9203.059369597571,148.0701092197184,0.04427591464268289
1910,30743614.68759586,9246.271605021835,148.0701092197184,0.04453270899804616
1911,30709861.992112912,9289.644709460123,148.0701092197184,0.04479078112091186
1912,30676152.485134464,9333.179097509155,148.0701092197184,0.04505013622569087
1913,30642486.10752352,9376.875184177457,148.0701092197184,0.04531077954278412
1914,30608862.800217316,9420.733384884186,148.0701092197184,0.04557271631861296
1915,30575282.50422751,9464.754115457337,148.0701092197184,0.045835951815646356
1916,30541745.160639904,9508.937792132476,148.0701092197184,0.046100491312431074
1917,30508250.71061449,9553.284831551104,148.0701092197184,0.046366340103619764
1918,30474799.09538552,9597.795650759159,148.0701092197184,0.04663350349999965
1919,30441390.2562613,9642.47066720557,148.0701092197184,0.04690198682852182
1920,30408024.134624228,9687.310298740655,148.0701092197184,0.04717179543232947
1921,30374700.671930842,9732.314963614685,148.0701092197184,0.047442934670787036
1922,30341419.80971158,9777.485080476283,148.0701092197184,0.04771540991950872
1923,30308181.489570934,9822.82106837096,148.0701092197184,0.04798922657038734
1924,30274985.65318737,9868.32334673954,148.0701092197184,0.04826439003162283
1925,30241832.242313158,9913.992335416688,148.0701092197184,0.04854090572775154
1926,30208721.19877449,9959.82845462921,148.0701092197184,0.048818779099673845
1927,30175652.4644714,10005.832124994746,148.0701092197184,0.04909801560468404
1928,30142625.981377676,10052.00376752003,148.0701092197184,0.04937862071649817
1929,30109641.691540908,10098.343803599399,148.0701092197184,0.04966059992528284
1930,30076699.5370823,10144.852655013332,148.0701092197184,0.04994395873768455
1931,30043799.46019677,10191.530743926769,148.0701092197184,0.05022870267685747
1932,30010941.403152883,10238.378492887476,148.0701092197184,0.050514837282491815
1933,29978125.30829273,10285.396324824786,148.0701092197184,0.050802368110844
1934,29945351.118032012,10332.584663047735,148.0701092197184,0.05109130073476369
1935,29912618.774859842,10379.943931243553,148.0701092197184,0.0513816407437228
1936,29879928.221338917,10427.474553476262,148.0701092197184,0.051673393743844755
1937,29847279.400105212,10475.176954184788,148.0701092197184,0.051966565357931795
1938,29814672.253868155,10523.051558181654,148.0701092197184,0.052261161225494644
1939,29782106.725410476,10571.098790651318,148.0701092197184,0.052557187002780795
1940,29749582.757588245,10619.319077148439,148.0701092197184,0.052854648362802154
1941,29717100.293330655,10667.712843596508,148.0701092197184,0.05315355099536502
1942,29684659.275640234,10716.280516286151,148.0701092197184,0.05345390060709759
1943,29652259.64759257,10765.022521873316,148.0701092197184,0.053755702921477806
1944,29619901.352336414,10813.939287378089,148.0701092197184,0.054058963678863606
1945,29587584.333093584,10863.031240182756,148.0701092197184,0.0543636886365199
1946,29555308.53315887,10912.298808030342,148.0701092197184,0.05466988356864772
1947,29523073.89590005,10961.742419022914,148.0701092197184,0.054977554266412224
1948,29490880.364757933,11011.362501620017,148.0701092197184,0.05528670653797115
1949,29458727.883246038,11061.159484637077,148.0701092197184,0.05559734620850386
1950,29426616.394950878,11111.13379724365,148.0701092197184,0.05590947912023842
1951,29394545.84353169,11161.28586896192,148.0701092197184,0.05622311113248105
1952,29362516.17272046,11211.616129665046,148.0701092197184,0.0565382481216442
1953,29330527.326321878,11262.125009575404,148.0701092197184,0.056854895981274245
1954,29298579.24821328,11312.812939263222,148.0701092197184,0.05717306062208123
1955,29266671.882344652,11363.680349644595,148.0701092197184,0.057492747971965255
1956,29234805.172738474,11414.72767198,148.0701092197184,0.05781396397604584
1957,29202979.063489784,11465.955337872852,148.0701092197184,0.058136714596690946
1958,29171193.49876605,11517.363779267436,148.0701092197184,0.058461005813543285
1959,29139448.422807183,11568.95342844751,148.0701092197184,0.058786843623549724
1960,29107743.779925432,11620.724718034671,148.0701092197184,0.059114234040989734
1961,29076079.51450541,11672.67808098657,148.0701092197184,0.05944318309750277
1962,29044455.571003944,11724.813950595326,148.0701092197184,0.05977369684211707
1963,29012871.8939501,11777.132760485838,148.0701092197184,0.06010578134127755
1964,28981328.427945167,11829.634944614036,148.0701092197184,0.06043944267887346
1965,28949825.117662434,11882.320937265378,148.0701092197184,0.06077468695626773
1966,28918361.907847375,11935.191173052957,148.0701092197184,0.06111152029232353
1967,28886938.74331743,11988.246086916011,148.0701092197184,0.06144994882343355
1968,28855555.568962023,12041.486114118132,148.0701092197184,0.061789978703547487
1969,28824212.32974252,12094.911690245584,148.0701092197184,0.06213161610420007
1970,28792908.970692083,12148.523251205675,148.0701092197184,0.06247486721453956
1971,28761645.436915774,12202.32123322497,148.0701092197184,0.06281973824135496
1972,28730421.67359039,12256.306072847683,148.0701092197184,0.0631662354091047
1973,28699237.625964433,12310.478206933954,148.0701092197184,0.06351436495994442
1974,28668093.239358045,12364.838072657954,148.0701092197184,0.06386413315375396
1975,28636988.459163077,12419.386107506674,148.0701092197184,0.06421554626816756
1976,28605923.23084282,12474.122749277622,148.0701092197184,0.06456861059859915
1977,28574897.49993217,12529.048436077446,148.0701092197184,0.06492333245827157
1978,28543911.212037396,12584.163606320228,148.0701092197184,0.06527971817824475
1979,28512964.312836234,12639.468698725594,148.0701092197184,0.06563777410744238
1980,28482056.748077728,12694.964152317205,148.0701092197184,0.0659975066126811
1981,28451188.463582262,12750.65040642084,148.0701092197184,0.06635892207869708
1982,28420359.40524138,12806.527900662753,148.0701092197184,0.06672202690817447
1983,28389569.519017912,12862.597074967904,148.0701092197184,0.06708682752177261
1984,28358818.750945773,12918.858369558437,148.0701092197184,0.06745333035815518
1985,28328107.047129985,12975.312224951487,148.0701092197184,0.0678215418740153
1986,28297434.353746515,13031.959081957946,148.0701092197184,0.06819146854410615
1987,28266800.617042467,13088.799381680485,148.0701092197184,0.06856311686126683
1988,28236205.783335686,13145.833565511586,148.0701092197184,0.06893649333644962
1989,28205649.79901498,13203.062075132353,148.0701092197184,0.06931160449874985
1990,28175132.610539965,13260.485352510315,148.0701092197184,0.06968845689543142
1991,28144654.16444099,13318.103839897638,148.0701092197184,0.07006705709195424
1992,28114214.40731906,13375.91797982974,148.0701092197184,0.07044741167200375
1993,28083813.285845958,13433.928215123202,148.0701092197184,0.07082952723751632
1994,28053450.746763874,13492.134988874244,148.0701092197184,0.07121341040870878
1995,28023126.736885663,13550.538744456695,148.0701092197184,0.07159906782410365
1996,27992841.203094635,13609.139925520485,148.0701092197184,0.0719865061405584
1997,27962594.092344433,13667.938975989786,148.0701092197184,0.07237573203329267
1998,27932385.3516592,13726.936340061116,148.0701092197184,0.07276675219591427
1999,27902214.928133264,13786.13246220179,148.0701092197184,0.07315957334044856
2000,27872082.768931266,13845.527787147863,148.0701092197184,0.07355420219736382
2001,27841988.821288038,13905.122759902653,148.0701092197184,0.07395064551560031
2002,27811933.032508552,13964.917825734809,148.0701092197184,0.07434891006259688
2003,27781915.349967785,14024.913430176432,148.0701092197184,0.0747490026243179
2004,27751935.721110873,14085.110019021506,148.0701092197184,0.07515093000528113
2005,27721994.093452774,14145.50803832403,148.0701092197184,0.0755546990285853
2006,27692090.41457844,14206.107934395874,148.0701092197184,0.07596031653593484
2007,27662224.632142644,14266.910153805746,148.0701092197184,0.07636778938767143
2008,27632396.69386997,14327.915143376646,148.0701092197184,0.07677712446279707
2009,27602606.547554675,14389.123350184444,148.0701092197184,0.07718832865900345
2010,27572854.141060784,14450.535221556012,148.0701092197184,0.07760140889269827
2011,27543139.422321837,14512.15120506739,148.0701092197184,0.07801637209903267
2012,27513462.33934099,14573.971748542066,148.0701092197184,0.0784332252319285
2013,27483822.840190895,14635.997300049003,148.0701092197184,0.07885197526410438
2014,27454220.873013634,14698.228307901014,148.0701092197184,0.07927262918710398
2015,27424656.386020616,14760.665220652749,148.0701092197184,0.07969519401132191
2016,27395129.327492688,14823.308487099099,148.0701092197184,0.08011967676603143
2017,27365639.645779856,14886.15855627318,148.0701092197184,0.08054608449941097
2018,27336187.289301343,14949.21587744463,148.0701092197184,0.08097442427857131
2019,27306772.206545554,15012.480900117796,148.0701092197184,0.08140470318958239
2020,27277394.346069954,15075.95407402979,148.0701092197184,0.08183692833749982
2021,27248053.65650099,15139.635849148728,148.0701092197184,0.08227110684639205
2022,27218750.086534135,15203.526675672023,148.0701092197184,0.08270724585936748
2023,27189483.584933724,15267.627004024249,148.0701092197184,0.0831453525386
2024,27160254.10053294,15331.937284855701,148.0701092197184,0.08358543406535766
2025,27131061.582233783,15396.457969040139,148.0701092197184,0.08402749764002702
2026,27101905.97900688,15461.189507673427,148.0701092197184,0.08447155048214285
2027,27072787.23989158,15526.132352071072,148.0701092197184,0.08491759983041088
2028,27043705.31399586,15591.28695376709,148.0701092197184,0.0853656529427385
2029,27014660.150496155,15656.653764511617,148.0701092197184,0.08581571709625867
2030,26985651.698637422,15722.233236269221,148.0701092197184,0.08626779958735689
2031,26956679.907733027,15788.025821217187,148.0701092197184,0.08672190773169883
2032,26927744.727164686,15854.031971743518,148.0701092197184,0.08717804886425581
2033,26898846.106382404,15920.25214044496,148.0701092197184,0.08763623033933084
2034,26869983.994904384,15986.686780125649,148.0701092197184,0.08809645953058769
2035,26841158.342317034,16053.33634379464,148.0701092197184,0.08855874383107391
2036,26812369.098274868,16120.201284664323,148.0701092197184,0.08902309065324883
2037,26783616.212500423,16187.282056148755,148.0701092197184,0.08948950742901092
2038,26754899.634784203,16254.57911186143,148.0701092197184,0.08995800160972227
2039,26726219.31498465,16322.092905613568,148.0701092197184,0.09042858066623555
2040,26697575.203028064,16389.82389141233,148.0701092197184,0.09090125208892075
2041,26668967.24890855,16457.772523458876,148.0701092197184,0.09137602338769114
2042,26640395.402687855,16525.93925614643,148.0701092197184,0.09185290209202926
2043,26611859.61449553,16594.32454405859,148.0701092197184,0.09233189575101354
2044,26583359.834528625,16662.928841967176,148.0701092197184,0.09281301193334372
2045,26554896.01305176,16731.75260483065,148.0701092197184,0.09329625822736802
2046,26526468.10039703,16800.79628779203,148.0701092197184,0.09378164224110827
2047,26498076.046963967,16870.060346177044,148.0701092197184,0.09426917160228619
2048,26469719.8032194,16939.545235492336,148.0701092197184,0.09475885395834995
2049,26441399.319697533,17009.25141142351,148.0701092197184,0.09525069697649945
2050,26413114.546999667,17079.17932983328,148.0701092197184,0.09574470834371317
2051,26384865.435794376,17149.32944675947,148.0701092197184,0.0962408957667726
2052,26356651.936817292,17219.702218413295,148.0701092197184,0.09673926697228968
2053,26328474.000871044,17290.29810117744,148.0701092197184,0.09723982970673245
2054,26300331.57882524,17361.117551603867,148.0701092197184,0.09774259173644909
2055,26272224.621616453,17432.161026412487,148.0701092197184,0.09824756084769659
2056,26244153.080248013,17503.42898248876,148.0701092197184,0.09875474484666445
2057,26216116.905790076,17574.92187688191,148.0701092197184,0.09926415155950025
2058,26188116.049379468,17646.640166803318,148.0701092197184,0.0997757888323376
2059,26160150.4622197,17718.58430962427,148.0701092197184,0.10028966453131943
2060,26132220.09558084,17790.754762874076,148.0701092197184,0.10080578654262394
2061,26104324.90079945,17863.15198423849,148.0701092197184,0.10132416277249214
2062,26076464.829278596,17935.77643155742,148.0701092197184,0.10184480114725082
2063,26048639.83248768,18008.628562823225,148.0701092197184,0.10236770961333982
2064,26020849.861962467,18081.708836178786,148.0701092197184,0.10289289613733686
2065,25993094.869304962,18155.017709915537,148.0701092197184,0.10342036870598305
2066,25965374.806183312,18228.555642471598,148.0701092197184,0.10395013532620864
2067,25937689.624331865,18302.323092429968,148.0701092197184,0.10448220402515854
2068,25910039.275550988,18376.320518516168,148.0701092197184,0.10501658285021563
2069,25882423.71170702,18450.548379596978,148.0701092197184,0.10555327986902976
2070,25854842.884732284,18525.007134678137,148.0701092197184,0.10609230316954049
2071,25827296.746624924,18599.697242902297,148.0701092197184,0.10663366086000212
2072,25799785.2494489,18674.61916354738,148.0701092197184,0.10717736106901016
2073,25772308.34533389,18749.77335602461,148.0701092197184,0.10772341194552638
2074,25744865.986475248,18825.160279876443,148.0701092197184,0.10827182165890314
2075,25717458.125133883,18900.7803947748,148.0701092197184,0.10882259839890951
2076,25690084.713636346,18976.634160519017,148.0701092197184,0.10937575037575507
2077,25662745.704374526,19052.722037034004,148.0701092197184,0.10993128582011642
2078,25635441.04980578,19129.044484368234,148.0701092197184,0.11048921298316089
2079,25608170.702452797,19205.601962691995,148.0701092197184,0.11104954013657288
2080,25580934.61490352,19282.394932295163,148.0701092197184,0.11161227557257715
2081,25553732.7398111,19359.42385358537,148.0701092197184,0.11217742760396412
2082,25526565.029893823,19436.689187086435,148.0701092197184,0.11274500456411697
2083,25499431.43793502,19514.191393435915,148.0701092197184,0.1133150148070336
2084,25472331.916783072,19591.930933383224,148.0701092197184,0.11388746670735128
2085,25445266.419351235,19669.9082677883,148.0701092197184,0.11446236866037558
2086,25418234.898617674,19748.123857618644,148.0701092197184,0.11503972908209853
2087,25391237.30762534,19826.578163948467,148.0701092197184,0.11561955640923001
2088,25364273.59948194,19905.271647955826,148.0701092197184,0.11620185909921674
2089,25337343.72735981,19984.204770921286,148.0701092197184,0.11678664563027072
2090,25310447.64449589,20063.377994225844,148.0701092197184,0.11737392450139279
2091,25283585.304191686,20142.79177934873,148.0701092197184,0.1179637042323956
2092,25256756.659813143,20222.446587865634,148.0701092197184,0.11855599336392937
2093,25229961.664790623,20302.342881447043,148.0701092197184,0.11915080045750769
2094,25203200.27261876,20382.481121855762,148.0701092197184,0.11974813409552929
2095,25176472.436856538,20462.86177094523,148.0701092197184,0.12034800288130318
2096,25149778.11112707,20543.4852906577,148.0701092197184,0.12095041543907459
2097,25123117.24911765,20624.352143022094,148.0701092197184,0.12155538041404752
2098,25096489.804579552,20705.462790152003,148.0701092197184,0.12216290647240918
2099,25069895.731328126,20786.817694244077,148.0701092197184,0.12277300230135571
2100,25043334.983242635,20868.417317575524,148.0701092197184,0.12338567660911334
2101,25016807.51426612,20950.262122502692,148.0701092197184,0.12400093812496622
2102,24990313.278405506,21032.352571458876,148.0701092197184,0.12461879559927809
2103,24963852.229731396,21114.689126952228,148.0701092197184,0.12523925780351639
2104,24937424.322378047,21197.272251563998,148.0701092197184,0.12586233353027698
2105,24911029.510543335,21280.102407946626,148.0701092197184,0.12648803159330865
2106,24884667.74848857,21363.18005882156,148.0701092197184,0.12711636082753588
2107,24858338.99053861,21446.505666977402,148.0701092197184,0.12774733008908284
2108,24832043.19108163,21530.079695268047,148.0701092197184,0.12838094825529822
2109,24805780.304569148,21613.902606610573,148.0701092197184,0.12901722422477818
2110,24779550.28551589,21697.974863983338,148.0701092197184,0.1296561669173904
2111,24753353.08849982,21782.29693042403,148.0701092197184,0.13029778527429767
2112,24727188.668161955,21866.869269027724,148.0701092197184,0.13094208825798215
2113,24701056.97920638,21951.692342944643,148.0701092197184,0.13158908485226697
2114,24674957.976400133,22036.766615378896,148.0701092197184,0.1322387840623443
2115,24648891.614573166,22122.092549585654,148.0701092197184,0.13289119491479368
2116,24622857.84861827,22207.670608869572,148.0701092197184,0.13354632645760786
2117,24596856.633490972,22293.50125658312,148.0701092197184,0.13420418776021825
2118,24570887.924209524,22379.584956124196,148.0701092197184,0.13486478791351547
2119,24544951.67585482,22465.922170934045,148.0701092197184,0.13552813602987243
2120,24519047.843570273,22552.513364495844,148.0701092197184,0.1361942412431709
2121,24493176.38256184,22639.35900033227,148.0701092197184,0.13686311270882184
2122,24467337.248097803,22726.45954200364,148.0701092197184,0.13753475960379008
2123,24441530.395508926,22813.815453106105,148.0701092197184,0.13820919112661734
2124,24415755.780188154,22901.42719726946,148.0701092197184,0.13888641649744524
2125,24390013.357590698,22989.295238155195,148.0701092197184,0.13956644495803794
2126,24364303.083233908,23077.420039454766,148.0701092197184,0.1402492857718068
2127,24338624.9126972,23165.80206488728,148.0701092197184,0.1409349482238316
2128,24312978.801621996,23254.44177819774,148.0701092197184,0.1416234416208848
2129,24287364.705711693,23343.339643154977,148.0701092197184,0.14231477529145356
2130,24261782.580731515,23432.496123549943,148.0701092197184,0.143008958585765
2131,24236232.382508505,23521.911683193,148.0701092197184,0.14370600087580407
2132,24210714.06693145,23611.586785913027,148.0701092197184,0.14440591155534302
2133,24185227.58995077,23701.521895554586,148.0701092197184,0.14510870003995932
2134,24159772.9075785,23791.717475976096,148.0701092197184,0.145814375767059
2135,24134349.975888215,23882.17399104831,148.0701092197184,0.14652294819590217
2136,24108958.751014918,23972.891904651762,148.0701092197184,0.14723442680762225
2137,24083599.189155005,24063.871680675067,148.0701092197184,0.14794882110525034
2138,24058271.24656619,24155.113783013167,148.0701092197184,0.1486661406137391
2139,24032974.879567437,24246.61867556483,148.0701092197184,0.14938639487998195
2140,24007710.0445389,24338.386822230957,148.0701092197184,0.15010959347283753
2141,23982476.697921813,24430.41868691285,148.0701092197184,0.1508357459831536
2142,23957274.796218485,24522.71473350975,148.0701092197184,0.15156486202378625
2143,23932104.295992136,24615.275425917174,148.0701092197184,0.15229695122962472
2144,23906965.153866973,24708.10122802479,148.0701092197184,0.15303202325761195
2145,23881857.326527975,24801.19260371448,148.0701092197184,0.15377008778676798
2146,23856780.77072088,24894.550016858564,148.0701092197184,0.15451115451821315
2147,23831735.443252143,24988.173931317415,148.0701092197184,0.15525523317518738
2148,23806721.30098884,25082.064810937758,148.0701092197184,0.15600233350307452
2149,23781738.30085857,25176.223119550767,148.0701092197184,0.15675246526942477
2150,23756786.39984946,25270.64932096978,148.0701092197184,0.1575056382639745
2151,23731865.555010017,25365.34387898854,148.0701092197184,0.15826186229867018
2152,23706975.723449107,25460.30725737911,148.0701092197184,0.15902114720768915
2153,23682116.862335887,25555.53991989013,148.0701092197184,0.15978350284746332
2154,23657288.928899664,25651.042330244472,148.0701092197184,0.1605489390966988
2155,23632491.880429927,25746.814952137345,148.0701092197184,0.16131746585639792
2156,23607725.67427625,25842.858249234774,148.0701092197184,0.16208909304988378
2157,23582990.267848134,25939.17268517093,148.0701092197184,0.16286383062281853
2158,23558285.618615057,26035.758723546536,148.0701092197184,0.16364168854322628
2159,23533611.684106342,26132.616827926926,148.0701092197184,0.1644226768015157
2160,23508968.421911117,26229.74746183986,148.0701092197184,0.1652068054105
2161,23484355.789678194,26327.151088773604,148.0701092197184,0.16599408440541916
2162,23459773.745116036,26424.82817217522,148.0701092197184,0.16678452384396275
2163,23435222.245992713,26522.779175448093,148.0701092197184,0.16757813380628833
2164,23410701.250135776,26621.00456195034,148.0701092197184,0.1683749243950455
2165,23386210.71543223,26719.50479499275,148.0701092197184,0.16917490573539645
2166,23361750.599828433,26818.280337836677,148.0701092197184,0.16997808797503666
2167,23337320.861330044,26917.33165369201,148.0701092197184,0.17078448128421578
2168,23312921.458001975,27016.659205715798,148.0701092197184,0.1715940958557623
2169,23288552.34796828,27116.263457009147,148.0701092197184,0.17240694190509812
2170,23264213.48941208,27216.144870616292,148.0701092197184,0.17322302967026607
2171,23239904.840575546,27316.30390952239,148.0701092197184,0.17404236941194942
2172,23215626.359759793,27416.741036650707,148.0701092197184,0.1748649714134876
2173,23191378.00532482,27517.456714862135,148.0701092197184,0.1756908459809067
2174,23167159.735689398,27618.45140695181,148.0701092197184,0.17652000344293164
2175,23142971.509331077,27719.725575647724,148.0701092197184,0.1773524541510104
2176,23118813.284786083,27821.279683608846,148.0701092197184,0.17818820847933553
2177,23094685.02064923,27923.114193423255,148.0701092197184,0.17902727682486577
2178,23070586.67557382,28025.229567605424,148.0701092197184,0.17986966960734233
2179,23046518.208271697,28127.626268595293,148.0701092197184,0.18071539726931518
2180,23022479.577513024,28230.304758755385,148.0701092197184,0.1815644702761592
2181,22998470.74212632,28333.2655003692,148.0701092197184,0.1824168991160962
2182,22974491.660998352,28436.50895563951,148.0701092197184,0.1832726943002173
2183,22950542.29307408,28540.035586685884,148.0701092197184,0.18413186636250037
2184,22926622.59735652,28643.84585554295,148.0701092197184,0.1849944258598321
2185,22902732.53290682,28747.94022415833,148.0701092197184,0.18586038337202715
2186,22878872.05884402,28852.319154391174,148.0701092197184,0.18672974950185245
2187,22855041.134345077,28956.98310800901,148.0701092197184,0.18760253487503953
2188,22831239.71864482,29061.93254668719,148.0701092197184,0.1884787501403136
2189,22807467.771035813,29167.16793200612,148.0701092197184,0.18935840596940912
2190,22783725.25086828,29272.689725448894,148.0701092197184,0.19024151305708725
2191,22760012.11755014,29378.498388400618,148.0701092197184,0.19112808212116356
2192,22736328.3305468,29484.594382144995,148.0701092197184,0.1920181239025197
2193,22712673.849381194,29590.978167863363,148.0701092197184,0.1929116491651293
2194,22689048.63363363,29697.650206632392,148.0701092197184,0.1938086686960758
2195,22665452.642941795,29804.610959421978,148.0701092197184,0.1947091933055714
2196,22641885.837000623,29911.86088709324,148.0701092197184,0.1956132338269769
2197,22618348.175562248,30019.400450397217,148.0701092197184,0.1965208011168254
2198,22594839.618435975,30127.23010997185,148.0701092197184,0.19743190605483524
2199,22571360.12548814,30235.35032634088,148.0701092197184,0.1983465595439354
2200,22547909.656642072,30343.761559911403,148.0701092197184,0.19926477251028202
2201,22524488.17187807,30452.464270972105,148.0701092197184,0.20018655590327883
2202,22501095.631233208,30561.458919691304,148.0701092197184,0.2011119206955975
2203,22477731.994801402,30670.745966114933,148.0701092197184,0.2020408778831959
2204,22454397.222733304,30780.325870164444,148.0701092197184,0.20297343848533667
2205,22431091.275236122,30890.199091635004,148.0701092197184,0.20390961354460868
2206,22407814.11257373,31000.36609019373,148.0701092197184,0.20484941412694593
2207,22384565.69506648,31110.827325377228,148.0701092197184,0.20579285132164477
2208,22361345.98309113,31221.583256590002,148.0701092197184,0.20673993624138512
2209,22338154.93708085,31332.63434310231,148.0701092197184,0.20769068002224803
2210,22314992.517525088,31443.98104404862,148.0701092197184,0.20864509382373805
2211,22291858.68496948,31555.623818424916,148.0701092197184,0.2096031888287974
2212,22268753.40001592,31667.56312508723,148.0701092197184,0.21056497624382695
2213,22245676.62332227,31779.79942274991,148.0701092197184,0.21153046729870884
2214,22222628.315602496,31892.333169983005,148.0701092197184,0.21249967324681868
2215,22199608.43762649,32005.164825210795,148.0701092197184,0.213472605365049
2216,22176616.950220007,32118.294846709654,148.0701092197184,0.2144492749538264
2217,22153653.814264644,32231.723692606127,148.0701092197184,0.2154296933371301
2218,22130718.9906977,32345.451820875194,148.0701092197184,0.21641387186251274
2219,22107812.440512165,32459.479689337855,148.0701092197184,0.2174018219011153
2220,22084934.124756645,32573.807755659505,148.0701092197184,0.21839355484768785
2221,22062084.00453524,32688.436477348143,148.0701092197184,0.21938908212060948
2222,22039262.041007556,32803.36631175188,148.0701092197184,0.22038841516190252
2223,22016468.195388548,32918.59771605749,148.0701092197184,0.22139156543725494
2224,21993702.428948548,33034.13114728826,148.0701092197184,0.22239854443603635
2225,21970964.703013103,33149.967062301934,148.0701092197184,0.2234093636713166
2226,21948254.978962928,33266.10591778922,148.0701092197184,0.2244240346798866
2227,21925573.218233917,33382.54817027119,148.0701092197184,0.22544256902227144
2228,21902919.38231697,33499.294276097775,148.0701092197184,0.2264649782827522
2229,21880293.432757933,33616.34469144595,148.0701092197184,0.22749127406938513
2230,21857695.331157625,33733.69987231729,148.0701092197184,0.22852146801401496
2231,21835125.039171666,33851.36027453633,148.0701092197184,0.2295555717722961
2232,21812582.518510453,33969.32635374857,148.0701092197184,0.23059359702370946
2233,21790067.730939098,34087.59856541894,148.0701092197184,0.23163555547158324
2234,21767580.638277292,34206.177364829025,148.0701092197184,0.23268145884310526
2235,21745121.20239934,34325.06320707579,148.0701092197184,0.23373131888934467
2236,21722689.385234054,34444.25654706944,148.0701092197184,0.23478514738526793
2237,21700285.14876459,34563.757839531616,148.0701092197184,0.23584295612975884
2238,21677908.45502853,34683.567538993135,148.0701092197184,0.2369047569456319
2239,21655559.266117718,34803.68609979244,148.0701092197184,0.23797056167965364
2240,21633237.54417822,34924.11397607341,148.0701092197184,0.23904038220255772
2241,21610943.251410246,35044.85162178345,148.0701092197184,0.2401142304090628
2242,21588676.350068066,35165.89949067188,148.0701092197184,0.24119211821789194
2243,21566436.802459985,35287.25803628756,148.0701092197184,0.24227405757178647
2244,21544224.570948243,35408.92771197717,148.0701092197184,0.24336006043752495
2245,21522039.617948946,35530.90897088351,148.0701092197184,0.24445013880594155
2246,21499881.905931994,35653.20226594302,148.0701092197184,0.24554430469194005
2247,21477751.39742104,35775.80804988443,148.0701092197184,0.24664257013451366
2248,21455648.0549934,35898.726775226714,148.0701092197184,0.24774494719676202
2249,21433571.84127997,36021.95889427656,148.0701092197184,0.24885144796590355
2250,21411522.71896516,36145.504859127424,148.0701092197184,0.24996208455329938
2251,21389500.650786903,36269.36512165734,148.0701092197184,0.25107686909446736
2252,21367505.599536464,36393.540133525916,148.0701092197184,0.25219581374909245
2253,21345537.528058432,36518.03034617428,148.0701092197184,0.2533189307010557
2254,21323596.39925067,36642.83621082175,148.0701092197184,0.2544462321584408
2255,21301682.17606423,36767.95817846434,148.0701092197184,0.2555777303535541
2256,21279794.82150324,36893.39669987297,148.0701092197184,0.25671343754294185
2257,21257934.298624948,37019.15222559172,148.0701092197184,0.25785336600740694
2258,21236100.570539467,37145.225205935276,148.0701092197184,0.2589975280520228
2259,21214293.600409936,37271.616090987634,148.0701092197184,0.2601459360061515
2260,21192513.351452284,37398.325330600164,148.0701092197184,0.2612986022234615
2261,21170759.7869352,37525.35337438925,148.0701092197184,0.26245553908194047
2262,21149032.870180078,37652.70067173471,148.0701092197184,0.26361675898391335
2263,21127332.56456101,37780.3676717781,148.0701092197184,0.2647822743560594
2264,21105658.83350457,37908.35482342061,148.0701092197184,0.2659520976494284
2265,21084011.640489895,38036.662575320464,148.0701092197184,0.26712624133945
2266,21062390.94904851,38165.29137589293,148.0701092197184,0.26830471792596416
2267,21040796.722764336,38294.241673305856,148.0701092197184,0.2694875399332186
2268,21019228.925273597,38423.513915480115,148.0701092197184,0.2706747199099005
2269,20997687.520264678,38553.108550086574,148.0701092197184,0.2718662704291459
2270,20976172.4714782,38683.02602454375,148.0701092197184,0.2730622040885499
2271,20954683.742706824,38813.26678601733,148.0701092197184,0.2742625335101943
2272,20933221.29779528,38943.83128141691,148.0701092197184,0.2754672713406521
2273,20911785.10064021,39074.719957395,148.0701092197184,0.27667643025100985
2274,20890375.115190174,39205.93326034482,148.0701092197184,0.27789002293688114
2275,20868991.305445507,39337.47163639841,148.0701092197184,0.27910806211842176
2276,20847633.635458358,39469.335531424564,148.0701092197184,0.28033056054034283
2277,20826302.06933251,39601.52539102753,148.0701092197184,0.2815575309719319
2278,20804996.571223382,39734.041660544644,148.0701092197184,0.2827889862070632
2279,20783717.10533791,39866.88478504446,148.0701092197184,0.284024939064214
2280,20762463.635934588,40000.05520932508,148.0701092197184,0.2852654023864796
2281,20741236.127323247,40133.55337791222,148.0701092197184,0.2865103890415898
2282,20720034.543865066,40267.37973505755,148.0701092197184,0.2877599119219246
2283,20698858.84997255,40401.53472473628,148.0701092197184,0.28901398394452454
2284,20677709.01010938,40536.018790645816,148.0701092197184,0.2902726180511103
2285,20656584.988790367,40670.83237620356,148.0701092197184,0.2915358272080951
2286,20635486.750581443,40805.97592454554,148.0701092197184,0.29280362440660185
2287,20614414.26009949,40941.44987852387,148.0701092197184,0.29407602266247457
2288,20593367.48201238,41077.254680705286,148.0701092197184,0.2953530350162944
2289,20572346.381038826,41213.39077336936,148.0701092197184,0.29663467453339587
2290,20551350.92194837,41349.858598506624,148.0701092197184,0.2979209543038803
2291,20530381.06956124,41486.658597816415,148.0701092197184,0.29921188744262933
2292,20509436.78874842,41623.79121270515,148.0701092197184,0.30050748708931835
2293,20488518.044431414,41761.25688428494,148.0701092197184,0.3018077664084363
2294,20467624.801582318,41899.05605337112,148.0701092197184,0.30311273858929366
2295,20446757.025223665,42037.18916048052,148.0701092197184,0.30442241684603893
2296,20425914.680428408,42175.6566458301,148.0701092197184,0.3057368144176751
2297,20405097.732319843,42314.45894933441,148.0701092197184,0.30705594456806923
2298,20384306.14607149,42453.59651060443,148.0701092197184,0.3083798205859721
2299,20363539.88690712,42593.069768945265,148.0701092197184,0.3097084557850272
2300,20342798.92010063,42732.879163354264,148.0701092197184,0.3110418635037855
2301,20322083.210975945,42873.025132519746,148.0701092197184,0.31238005710572353
2302,20301392.724907033,43013.50811481871,148.0701092197184,0.31372304997925293
2303,20280727.42731778,43154.32854831481,148.0701092197184,0.3150708555377333
2304,20260087.283681944,43295.48687075722,148.07010921971838,0.31642348721949093
2305,20239472.259523094,43436.983519577974,148.07010921971843,0.3177809584878262
2306,20218882.320414495,43578.81893189116,148.0701092197184,0.31914328283103494
2307,20198317.43197911,43720.99354449004,148.0701092197184,0.3205104737624137
2308,20177777.559889518,43863.50779384569,148.0701092197184,0.3218825448202762
2309,20157262.669867784,44006.362116105665,148.0701092197184,0.3232595095679717
2310,20136772.727685478,44149.55694709133,148.0701092197184,0.32464138159389067
2311,20116307.699163564,44293.09272229649,148.0701092197184,0.32602817451148136
2312,20095867.550172333,44436.96987688554,148.0701092197184,0.32741990195926385
2313,20075452.24663138,44581.18884569197,148.0701092197184,0.3288165776008438
2314,20055061.754509423,44725.75006321583,148.0701092197184,0.3302182151249224
2315,20034696.039824404,44870.65396362247,148.0701092197184,0.3316248282453105
2316,20014355.068643294,45015.90098074047,148.0701092197184,0.333036430700942
2317,19994038.807082064,45161.49154806042,148.0701092197184,0.33445303625589035
2318,19973747.221305616,45307.42609873215,148.0701092197184,0.3358746586993738
2319,19953480.277527787,45453.705065563896,148.0701092197184,0.33730131184577467
2320,19933237.942011118,45600.32888101968,148.0701092197184,0.33873300953464824
2321,19913020.181066994,45747.297977218106,148.0701092197184,0.3401697656307366
2322,19892826.961055394,45894.61278593058,148.0701092197184,0.34161159402398433
2323,19872658.248384945,46042.27373857894,148.0701092197184,0.3430585086295445
2324,19852514.009512823,46190.28126623428,148.0701092197184,0.34451052338779636
2325,19832394.210944653,46338.635799614975,148.0701092197184,0.3459676522643568
2326,19812298.819234494,46487.33776908478,148.0701092197184,0.34742990925009093
2327,19792227.800984733,46636.38760465093,148.0701092197184,0.34889730836112415
2328,19772181.122846063,46785.785735963334,148.0701092197184,0.35036986363886086
2329,19752158.751517378,46935.53259231093,148.0701092197184,0.3518475891499832
2330,19732160.653745692,47085.62860262183,148.0701092197184,0.3533304989864779
2331,19712186.796326164,47236.074195460795,148.0701092197184,0.35481860726564074
2332,19692237.146101926,47386.86979902676,148.0701092197184,0.3563119281300854
2333,19672311.66996406,47538.01584115245,148.0701092197184,0.35781047574776487
2334,19652410.33485157,47689.51274930146,148.0701092197184,0.3593142643119736
2335,19632533.107751273,47841.36095056709,148.0701092197184,0.3608233080413653
2336,19612679.95569771,47993.56087167026,148.0701092197184,0.36233762117996143
2337,19592850.84577317,48146.112938958475,148.0701092197184,0.36385721799716764
2338,19573045.745107517,48299.01757840293,148.0701092197184,0.3653821127877784
2339,19553264.6208782,48452.275215597525,148.0701092197184,0.36691231987199274
2340,19533507.4403102,48605.88627575717,148.0701092197184,0.368447853595426
2341,19513774.170675848,48759.85118371561,148.0701092197184,0.3699887283291201
2342,19494064.779294915,48914.17036392387,148.0701092197184,0.3715349584695534
2343,19474379.23353445,49068.844240448845,148.0701092197184,0.3730865584386565
2344,19454717.500808746,49223.87323697106,148.0701092197184,0.3746435426838189
2345,19435079.54857927,49379.257776782666,148.07010921971838,0.3762059256778975
2346,19415465.344354596,49534.99828278727,148.0701092197184,0.3777737219192411
2347,19395874.85569031,49691.09517749613,148.0701092197184,0.3793469459316846
2348,19376308.050189048,49847.548883027404,148.0701092197184,0.3809256122645669
2349,19356764.895500295,50004.35982110575,148.0701092197184,0.3825097354927531
2350,19337245.359320436,50161.52841305744,148.0701092197184,0.38409933021662
2351,19317749.409392588,50319.05507981155,148.0701092197184,0.3856944110620906
2352,19298277.013506662,50476.940241897246,148.0701092197184,0.3872949926806347
2353,19278828.139499165,50635.18431944136,148.0701092197184,0.3889010897492771
2354,19259402.75525324,50793.78773216803,148.0701092197184,0.39051271697061607
2355,19240000.828698516,50952.75089939575,148.07010921971838,0.3921298890728262
2356,19220622.327811133,51112.07424003615,148.0701092197184,0.3937526208096707
2357,19201267.220613606,51271.75817259289,148.0701092197184,0.39538092696051813
2358,19181935.4751748,51431.80311515886,148.0701092197184,0.3970148223303429
2359,19162627.059609834,51592.20948541527,148.0701092197184,0.398654321749743
2360,19143341.94208008,51752.97770062946,148.0701092197184,0.40029944007494445
2361,19124080.090793006,51914.10817765351,148.0701092197184,0.4019501921878158
2362,19104841.47400218,52075.60133292274,148.0701092197184,0.40360659299587887
2363,19085626.06000721,52237.45758245361,148.0701092197184,0.4052686574323143
2364,19066433.817153648,52399.67734184204,148.0701092197184,0.4069364004559736
2365,19047264.7138329,52562.26102626184,148.0701092197184,0.4086098370513893
2366,19028118.718482256,52725.20905046342,148.0701092197184,0.41028898222878635
2367,19008995.79958474,52888.5218287713,148.0701092197184,0.4119738510240875
2368,18989895.925669085,53052.199775083216,148.0701092197184,0.41366445849892747
2369,18970819.065309674,53216.243302867806,148.0701092197184,0.41536081974065875
2370,18951765.18712643,53380.652825163575,148.07010921971843,0.41706294986236586
2371,18932734.25978481,53545.42875457664,148.0701092197184,0.4187708640028695
2372,18913726.251995727,53710.57150327935,148.0701092197184,0.4204845773267389
2373,18894741.132515468,53876.08148300866,148.0701092197184,0.422204105024301
2374,18875778.87014563,54041.95910506443,148.0701092197184,0.42392946231165024
2375,18856839.4337331,54208.20478030749,148.0701092197184,0.4256606644306542
2376,18837922.79216993,54374.81891915852,148.0701092197184,0.4273977266489683
2377,18819028.914393328,54541.801931595845,148.0701092197184,0.4291406642600396
2378,18800157.769385543,54709.154227154475,148.0701092197184,0.4308894925831223
2379,18781309.326173864,54876.87621492359,148.0701092197184,0.43264422696327837
2380,18762483.553830516,55044.968303545334,148.0701092197184,0.43440488277139094
2381,18743680.421472594,55213.43090121364,148.0701092197184,0.43617147540417645
2382,18724899.898262013,55382.264415671525,148.0701092197184,0.4379440202841857
2383,18706141.953405455,55551.46925421052,148.0701092197184,0.43972253285981966
2384,18687406.55615429,55721.04582366834,148.07010921971838,0.4415070286053333
2385,18668693.675804533,55890.99453042743,148.0701092197184,0.4432975230208455
2386,18650003.281696733,56061.31578041367,148.0701092197184,0.445094031632351
2387,18631335.343215995,56232.00997909425,148.07010921971838,0.4468965699917225
2388,18612689.829791836,56403.07753147614,148.0701092197184,0.44870515367672265
2389,18594066.71089816,56574.51884210506,148.0701092197184,0.4505197982910149
2390,18575465.956053194,56746.33431506292,148.0701092197184,0.45234051946416537
2391,18556887.534819447,56918.52435396704,148.0701092197184,0.45416733285165667
2392,18538331.416803557,57091.08936196776,148.0701092197184,0.4560002541348917
2393,18519797.571656395,57264.02974174799,148.0701092197184,0.4578392990212077
2394,18501285.969072815,57437.34589552011,148.0701092197184,0.4596844832438759
2395,18482796.578791726,57611.03822502549,148.0701092197184,0.4615358225621156
2396,18464329.370596003,57785.10713153243,148.0701092197184,0.4633933327610995
2397,18445884.31431235,57959.55301583498,148.0701092197184,0.46525702965196536
2398,18427461.379811343,58134.37627825052,148.0701092197184,0.467126929071816
2399,18409060.53700731,58309.57731861916,148.0701092197184,0.4690030468837349
2400,18390681.75585828,58485.156536301394,148.0701092197184,0.4708853989767887
2401,18372325.006365936,58661.11433017668,148.0701092197184,0.47277400126603464
2402,18353990.258575514,58837.451098642494,148.0701092197184,0.47466886969253486
2403,18335677.48257578,59014.167239611685,148.0701092197184,0.4765700202233536
2404,18317386.648498982,59191.26315051171,148.0701092197184,0.4784774688515714
2405,18299117.726520702,59368.73922828295,148.07010921971838,0.48039123159629293
2406,18280870.68685993,59546.59586937652,148.0701092197184,0.4823113245026462
2407,18262645.499778885,59724.833469753474,148.0701092197184,0.48423776364179894
2408,18244442.135583002,59903.452424883326,148.0701092197184,0.48617056511096446
2409,18226260.5646209,60082.45312974095,148.0701092197184,0.4881097450333963
2410,18208100.757284224,60261.83597880733,148.0701092197184,0.49005531955841597
2411,18189962.684007708,60441.60136606675,148.0701092197184,0.4920073048614063
2412,18171846.315269038,60621.749685004244,148.0701092197184,0.493965717143812
2413,18153751.621588778,60802.28132860651,148.0701092197184,0.4959305726331672
2414,18135678.5735304,60983.19668935811,148.0701092197184,0.4979018875830812
2415,18117627.141700096,61164.49615924117,148.0701092197184,0.49987967827325774
2416,18099597.296746835,61346.18012973314,148.07010921971843,0.5018639610094946
2417,18081589.00936223,61528.24899180634,148.0701092197184,0.5038547521236983
2418,18063602.250280492,61710.70313592487,148.0701092197184,0.5058520679738798
2419,18045636.99027838,61893.542952044154,148.07010921971843,0.5078559249441675
2420,18027693.200175185,62076.76882960959,148.0701092197184,0.509866339444815
2421,18009770.85083253,62260.38115755386,148.0701092197184,0.5118833279122004
2422,17991869.91315447,62444.38032429641,148.0701092197184,0.5139069068088377
2423,17973990.358087357,62628.766717742306,148.0701092197184,0.5159370926233862
2424,17956132.156619765,62813.54072527895,148.0701092197184,0.5179739018706442
2425,17938295.279782474,62998.70273377606,148.0701092197184,0.5200173510915643
2426,17920479.69864838,63184.25312958474,148.0701092197184,0.5220674568532663
2427,17902685.38433241,63370.192298533584,148.0701092197184,0.5241242357490228
2428,17884912.307991557,63556.520625929246,148.0701092197184,0.5261877043982806
2429,17867160.44082471,63743.238496554826,148.0701092197184,0.5282578794466667
2430,17849429.754072666,63930.346294666975,148.0701092197184,0.5303347775659826
2431,17831720.21901804,64117.84440399548,148.0701092197184,0.5324184154542178
2432,17814031.80698521,64305.73320774214,148.0701092197184,0.5345088098355586
2433,17796364.48934027,64494.01308857807,148.0701092197184,0.5366059774603839
2434,17778718.237490937,64682.68442864284,148.0701092197184,0.5387099351052757
2435,17761093.022886556,64871.747609543636,148.0701092197184,0.5408206995730278
2436,17743488.81701796,65061.203012352686,148.0701092197184,0.5429382876926454
2437,17725905.591417465,65251.051017606114,148.0701092197184,0.5450627163193499
2438,17708343.3176588,65441.29200530294,148.0701092197184,0.5471940023345889
2439,17690801.967357043,65631.92635490352,148.0701092197184,0.549332162646041
2440,17673281.512168556,65822.95444532654,148.0701092197184,0.5514772141876068
2441,17655781.923790958,66014.37665495057,148.0701092197184,0.5536291739194393
2442,17638303.173963003,66206.19336161006,148.0701092197184,0.5557880588279291
2443,17620845.23446457,66398.40494259431,148.0701092197184,0.5579538859257097
2444,17603408.077116646,66591.01177464725,148.0701092197184,0.5601266722516733
2445,17585991.67378113,66784.01423396444,148.0701092197184,0.5623064348709651
2446,17568595.996360917,66977.41269619305,148.0701092197184,0.5644931908749963
2447,17551221.016799755,67171.20753642923,148.0701092197184,0.5666869573814406
2448,17533866.707082245,67365.39912921705,148.0701092197184,0.5688877515342403
2449,17516533.039233707,67559.9878485473,148.0701092197184,0.5710955905036145
2450,17499219.9853202,67754.97406785635,148.0701092197184,0.5733104914860641
2451,17481927.517448407,67950.35816002375,148.0701092197184,0.5755324717043687
2452,17464655.607765608,68146.1404973714,148.07010921971838,0.5777615484075957
2453,17447404.228459626,68342.32145166238,148.0701092197184,0.5799977388711058
2454,17430173.351758715,68538.90139409895,148.0701092197184,0.5822410603965534
2455,17412962.949931584,68735.88069532154,148.07010921971838,0.5844915303118922
2456,17395772.995287277,68933.25972540694,148.0701092197184,0.5867491659713776
2457,17378603.46017514,69131.0388538675,148.0701092197184,0.5890139847555735
2458,17361454.31698475,69329.2184496493,148.0701092197184,0.5912860040713549
2459,17344325.53814588,69527.79888113082,148.0701092197184,0.5935652413519099
2460,17327217.09612841,69726.78051612097,148.0701092197184,0.5958517140567402
2461,17310128.9634423,69926.16372185947,148.0701092197184,0.5981454396716781
2462,17293061.112637494,70125.948865013,148.07010921971838,0.6004464357088707
2463,17276013.516303923,70326.13631167583,148.0701092197184,0.6027547197067991
2464,17258986.147071376,70526.7264273674,148.0701092197184,0.6050703092302738
2465,17241978.97760952,70727.71957703096,148.0701092197184,0.6073932218704371
2466,17224991.98062773,70929.11612503309,148.0701092197184,0.6097234752447761
2467,17208025.128875185,71130.91643516111,148.0701092197184,0.6120610869971123
2468,17191078.39514066,71333.12087062228,148.0701092197184,0.6144060747976127
2469,17174151.75225258,71535.72979404262,148.0701092197184,0.6167584563427919
2470,17157245.17307888,71738.74356746535,148.0701092197184,0.6191182493555155
2471,17140358.630527034,71942.16255234925,148.0701092197184,0.6214854715849982
2472,17123492.0975439,72145.98710956758,148.0701092197184,0.623860140806812
2473,17106645.547115773,72350.21759940695,148.0701092197184,0.6262422748228863
2474,17089818.952268206,72554.85438156563,148.0701092197184,0.6286318914615137
2475,17073012.286066048,72759.89781515233,148.07010921971838,0.6310290085773489
2476,17056225.521613378,72965.34825868421,148.0701092197184,0.6334336440514065
2477,17039458.632053375,73171.20607008725,148.0701092197184,0.6358458157910801
2478,17022711.59056835,73377.47160669275,148.0701092197184,0.6382655417301248
2479,17005984.370379634,73584.14522523769,148.0701092197184,0.6406928398286735
2480,16989276.944747552,73791.22728186245,148.0701092197184,0.6431277280732322
2481,16972589.28697135,73998.7181321095,148.0701092197184,0.6455702244766812
2482,16955921.370389137,74206.61813092335,148.0701092197184,0.6480203470782896
2483,16939273.168377828,74414.927632647,148.0701092197184,0.6504781139436969
2484,16922644.654353112,74623.64699102259,148.0701092197184,0.6529435431649324
2485,16906035.80176936,74832.7765591893,148.0701092197184,0.6554166528604106
2486,16889446.584119607,75042.31668968186,148.0701092197184,0.6578974611749304
2487,16872876.974935442,75252.26773442916,148.0701092197184,0.6603859862796783
2488,16856326.947787035,75462.63004475443,148.0701092197184,0.66288224637224
2489,16839796.476282988,75673.40397137098,148.0701092197184,0.665386259676579
2490,16823285.534070328,75884.58986438425,148.0701092197184,0.6678980444430671
2491,16806794.09483447,76096.18807328824,148.0701092197184,0.6704176189484636
2492,16790322.13229913,76308.19894696465,148.0701092197184,0.6729450014959225
2493,16773869.620226244,76520.62283368257,148.0701092197184,0.6754802104150034
2494,16757436.532416003,76733.46008109588,148.0701092197184,0.678023264061658
2495,16741022.842706686,76946.7110362429,148.0701092197184,0.680574180818243
2496,16724628.524974685,77160.37604554447,148.0701092197184,0.6831329790935137
2497,16708253.553134423,77374.45545480346,148.0701092197184,0.6856996773226315
2498,16691897.901138293,77588.94960920257,148.0701092197184,0.6882742939671583
2499,16675561.542976595,77803.85885330364,148.0701092197184,0.6908568475150626
2500,16659244.452677527,78019.1835310467,148.0701092197184,0.6934473564807205
2501,16642946.60430706,78234.92398574752,148.0701092197184,0.6960458394049098
2502,16626667.971968947,78451.0805600973,148.0701092197184,0.698652314854816
2503,16610408.52980462,78667.65359616213,148.0701092197184,0.7012668014240413
2504,16594168.251993183,78884.6434353795,148.0701092197184,0.7038893177325839
2505,16577947.112751309,79102.05041855862,148.0701092197184,0.7065198824268533
2506,16561745.086333197,79319.8748858807,148.0701092197184,0.7091585141796852
2507,16545562.147030544,79538.11717689336,148.0701092197184,0.7118052316903016
2508,16529398.269172482,79756.77763051317,148.0701092197184,0.7144600536843442
2509,16513253.427125497,79975.8565850243,148.0701092197184,0.7171229989138764
2510,16497127.595293384,80195.35437807425,148.0701092197184,0.7197940861573545
2511,16481020.74811721,80415.27134667565,148.0701092197184,0.7224733342196551
2512,16464932.860075286,80635.60782720428,148.0701092197184,0.7251607619320668
2513,16448863.905683009,80856.36415539704,148.0701092197184,0.7278563881522875
2514,16432813.85949291,81077.54066635093,148.0701092197184,0.7305602317644219
2515,16416782.696094576,81299.13769452334,148.0701092197184,0.7332723116789951
2516,16400770.390114581,81521.15557372854,148.0701092197184,0.7359926468329339
2517,16384776.916216392,81743.59463713784,148.0701092197184,0.7387212561895788
2518,16368802.249100426,81966.45521727871,148.0701092197184,0.741458158738683
2519,16352846.363503877,82189.73764603284,148.0701092197184,0.7442033734964099
2520,16336909.23420075,82413.44225463399,148.0701092197184,0.7469569195053202
2521,16320990.836001752,82637.56937366979,148.0701092197184,0.7497188158344009
2522,16305091.143754244,82862.11933307737,148.0701092197184,0.752489081579036
2523,16289210.132342223,83087.09246214383,148.0701092197184,0.7552677358610189
2524,16273347.776686255,83312.48908950547,148.0701092197184,0.7580547978285554
2525,16257504.05174339,83538.30954314489,148.0701092197184,0.7608502866562503
2526,16241678.932507116,83764.55415039093,148.0701092197184,0.7636542215451141
2527,16225872.394007372,83991.22323791824,148.0701092197184,0.7664666217225679
2528,16210084.411310393,84218.3171317446,148.0701092197184,0.7692875064424316
2529,16194314.959518751,84445.83615723011,148.0701092197184,0.772116894984923
2530,16178564.01377121,84673.78063907723,148.0701092197184,0.774954806656671
2531,16162831.549242765,84902.15090132822,148.0701092197184,0.7778012607906973
2532,16147117.541144509,85130.9472673643,148.0701092197184,0.7806562767464225
2533,16131421.96472364,85360.17005990533,148.0701092197184,0.7835198739096683
2534,16115744.795263363,85589.81960100764,148.0701092197184,0.7863920716926499
2535,16100086.008082893,85819.8962120633,148.0701092197184,0.7892728895339752
2536,16084445.578537315,86050.40021379919,148.0701092197184,0.7921623468986495
2537,16068823.482017636,86281.3319262752,148.0701092197184,0.7950604632780621
2538,16053219.693950634,86512.69166888446,148.0701092197184,0.7979672581900029
2539,16037634.189798884,86744.47976035044,148.0701092197184,0.8008827511786396
2540,16022066.945060655,86976.69651872698,148.0701092197184,0.8038069618145295
2541,16006517.935269866,87209.34226139741,148.0701092197184,0.8067399096946194
2542,15990987.135996066,87442.41730507223,148.0701092197184,0.8096816144422307
2543,15975474.522844352,87675.92196578906,148.0701092197184,0.8126320957070691
2544,15959980.07145531,87909.85655891112,148.0701092197184,0.8155913731652179
2545,15944503.757504981,88144.22139912582,148.0701092197184,0.8185594665191337
2546,15929045.556704804,88379.01680044491,148.0701092197184,0.8215363954976551
2547,15913605.44480156,88614.24307620154,148.0701092197184,0.824522179855984
2548,15898183.397577345,88849.90053905056,148.0701092197184,0.8275168393756938
2549,15882779.39084944,89085.98950096726,148.0701092197184,0.8305203938647311
2550,15867393.400470378,89322.51027324564,148.0701092197184,0.8335328631573997
2551,15852025.4023278,89559.46316649762,148.0701092197184,0.8365542671143663
2552,15836675.372344432,89796.84849065248,148.0701092197184,0.8395846256226612
2553,15821343.286478037,90034.66655495465,148.0701092197184,0.8426239585956644
2554,15806029.120721363,90272.91766796433,148.0701092197184,0.8456722859731192
2555,15790732.85110207,90511.60213755486,148.0701092197184,0.8487296277211153
2556,15775454.453682732,90750.72027091192,148.0701092197184,0.8517960038320863
2557,15760193.904560719,90990.27237453358,148.0701092197184,0.8548714343248204
2558,15744951.179868186,91230.25875422805,148.0701092197184,0.8579559392444435
2559,15729726.255772019,91470.67971511275,148.0701092197184,0.8610495386624184
2560,15714519.108473778,91711.53556161423,148.0701092197184,0.8641522526765502
2561,15699329.714209637,91952.82659746546,148.0701092197184,0.8672641014109685
2562,15684158.049250344,92194.55312570692,148.0701092197184,0.8703851050161436
2563,15669004.089901162,92436.71544868364,148.0701092197184,0.8735152836688648
2564,15653867.812501844,92679.31386804508,148.0701092197184,0.8766546575722454
2565,15638749.193426514,92922.34868474414,148.0701092197184,0.8798032469557218
2566,15623648.20908374,93165.820199036,148.0701092197184,0.8829610720750432
2567,15608564.835916318,93409.72871047628,148.0701092197184,0.8861281532122689
2568,15593499.050401388,93654.07451792249,148.0701092197184,0.889304510675779
2569,15578450.82905025,93898.85791952911,148.0701092197184,0.8924901648002401
2570,15563420.148408387,94144.0792127507,148.0701092197184,0.8956851359466385
2571,15548406.985055402,94389.73869433801,148.0701092197184,0.8988894445022472
2572,15533411.315604972,94635.83666033777,148.0701092197184,0.9021031108806312
2573,15518433.116704749,94882.3734060928,148.0701092197184,0.9053261555216563
2574,15503472.365036368,95129.34922623921,148.0701092197184,0.908558598891464
2575,15488529.037315397,95376.76441470672,148.0701092197184,0.9118004614824803
2576,15473603.11029123,95624.61926471678,148.0701092197184,0.9150517638134065
2577,15458694.560747117,95872.91406878289,148.0701092197184,0.9183125264292221
2578,15443803.365500014,96121.64911870798,148.0701092197184,0.9215827699011716
2579,15428929.501400623,96370.82470558415,148.0701092197184,0.9248625148267609
2580,15414072.945333317,96620.44111979261,148.0701092197184,0.9281517818297631
2581,15399233.67421606,96870.49865100095,148.0701092197184,0.9314505915601996
2582,15384411.665000372,97120.99758816339,148.0701092197184,0.9347589646943456
2583,15369606.894671313,97371.93821952023,148.0701092197184,0.9380769219347277
2584,15354819.340247396,97623.32083259472,148.0701092197184,0.9414044840101004
2585,15340048.978780534,97875.14571419441,148.0701092197184,0.9447416716754642
2586,15325295.787356006,98127.41315041018,148.0701092197184,0.9480885057120589
2587,15310559.743092414,98380.12342661283,148.0701092197184,0.9514450069273349
2588,15295840.82314162,98633.2768274542,148.0701092197184,0.9548111961549695
2589,15281139.004688714,98886.87363686686,148.0701092197184,0.9581870942548656
2590,15266454.264951918,99140.91413806101,148.0701092197184,0.9615727221131299
2591,15251786.581182607,99395.39861352457,148.0701092197184,0.9649681006420725
2592,15237135.930665197,99650.32734502346,148.0701092197184,0.9683732507802177
2593,15222502.290717158,99905.70061359841,148.0701092197184,0.9717881934922723
2594,15207885.638688873,100161.51869956523,148.0701092197184,0.9752129497691382
2595,15193285.951963702,100417.7818825148,148.0701092197184,0.9786475406279082
2596,15178703.207957845,100674.4904413104,148.0701092197184,0.9820919871118495
2597,15164137.384120326,100931.64465408714,148.0701092197184,0.9855463102903991
2598,15149588.457932945,101189.24479825249,148.0701092197184,0.989010531259171
2599,15135056.406910235,101447.29115048441,148.0701092197184,0.9924846711399434
2600,15120541.208599398,101705.78398672893,148.0701092197184,0.9959687510806366
2601,15106042.840580275,101964.72358220251,148.0701092197184,0.9994627922553382
2602,15091561.280465264,102224.11021138848,148.0701092197184,1.0029668158642748
2603,15077096.505899299,102483.94414803704,148.0701092197184,1.0064808431338113
2604,15062648.494559823,102744.22566516486,148.0701092197184,1.0100048953164484
2605,15048217.224156685,103004.95503505356,148.0701092197184,1.0135389936908155
2606,15033802.672432115,103266.13252924812,148.0701092197184,1.0170831595616536
2607,15019404.81716071,103527.75841855859,148.0701092197184,1.0206374142598333
2608,15005023.63614933,103789.83297305624,148.0701092197184,1.0242017791423241
2609,14990659.10723709,104052.35646207415,148.0701092197184,1.0277762755921975
2610,14976311.208295288,104315.32915420653,148.0701092197184,1.0313609250186255
2611,14961979.91722738,104578.75131730728,148.0701092197184,1.0349557488568664
2612,14947665.211968899,104842.6232184893,148.0701092197184,1.0385607685682623
2613,14933367.070487443,105106.94512412412,148.0701092197184,1.042176005640234
2614,14919085.470782619,105371.7172998402,148.0701092197184,1.0458014815862682
2615,14904820.390885962,105636.94001052191,148.0701092197184,1.049437217945909
2616,14890571.808860932,105902.61352031109,148.0701092197184,1.0530832362847737
2617,14876339.702802863,106168.73809260262,148.0701092197184,1.0567395581945103
2618,14862124.05083886,106435.31399004617,148.0701092197184,1.060406205292818
2619,14847924.831127807,106702.34147454474,148.0701092197184,1.064083199223433
2620,14833742.021860335,106969.82080725327,148.0701092197184,1.0677705616561133
2621,14819575.601258697,107237.75224857879,148.0701092197184,1.071468314286646
2622,14805425.547576804,107506.1360581786,148.0701092197184,1.0751764788368259
2623,14791291.839100119,107774.97249495971,148.0701092197184,1.0788950770544534
2624,14777174.454145636,108044.2618170787,148.0701092197184,1.0826241307133333
2625,14763073.37106185,108314.00428193994,148.0701092197184,1.086363661613255
2626,14748988.568228658,108584.20014619605,148.0701092197184,1.0901136915800034
2627,14734920.024057364,108854.84966574577,148.0701092197184,1.0938742424653323
2628,14720867.716990612,109125.95309573364,148.0701092197184,1.0976453361469636
2629,14706831.625502318,109397.51069054991,148.0701092197184,1.1014269945285902
2630,14692811.728097675,109669.52270382828,148.0701092197184,1.1052192395398457
2631,14678808.003313048,109941.9893884467,148.0701092197184,1.1090220931363215
2632,14664820.429715963,110214.91099652566,148.0701092197184,1.1128355772995433
2633,14650848.985905066,110488.28777942724,148.0701092197184,1.1166597140369623
2634,14636893.650510045,110762.11998775542,148.0701092197184,1.1204945253819616
2635,14622954.402191598,111036.40787135425,148.0701092197184,1.1243400333938347
2636,14609031.219641417,111311.15167930705,148.0701092197184,1.1281962601577757
2637,14595124.081582077,111586.35165993695,148.0701092197184,1.132063227784889
2638,14581232.966767052,111862.00806080464,148.0701092197184,1.1359409584121611
2639,14567357.853980644,112138.12112870815,148.0701092197184,1.1398294742024597
2640,14553498.722037924,112414.69110968226,148.0701092197184,1.143728797344528
2641,14539655.549784712,112691.71824899773,148.0701092197184,1.1476389500529742
2642,14525828.316097502,112969.20279116076,148.0701092197184,1.1515599545682673
2643,14512016.999883445,113247.14497991126,148.0701092197184,1.1554918331567159
2644,14498221.580080288,113525.54505822338,148.0701092197184,1.1594346081104734
2645,14484442.03565633,113804.4032683042,148.0701092197184,1.163388301747525
2646,14470678.345610367,114083.71985159292,148.0701092197184,1.1673529364116764
2647,14456930.488971666,114363.4950487599,148.0701092197184,1.1713285344725428
2648,14443198.444799906,114643.72909970724,148.0701092197184,1.1753151183255541
2649,14429482.192185137,114924.42224356557,148.0701092197184,1.1793127103919194
2650,14415781.710247733,115205.57471869656,148.0701092197184,1.183321333118652
2651,14402096.978138339,115487.1867626894,148.0701092197184,1.1873410089785317
2652,14388427.975037854,115769.25861236155,148.0701092197184,1.1913717604701082
2653,14374774.680157334,116051.79050375805,148.0701092197184,1.1954136101176966
2654,14361137.072737997,116334.78267215006,148.0701092197184,1.1994665804713558
2655,14347515.132051157,116618.23535203435,148.0701092197184,1.2035306941068842
2656,14333908.837398184,116902.14877713342,148.0701092197184,1.2076059736258156
2657,14320318.16811045,117186.52318039442,148.0701092197184,1.211692441655409
2658,14306743.103549283,117471.35879398733,148.0701092197184,1.215790120848626
2659,14293183.623105934,117756.65584930585,148.0701092197184,1.2198990338841378
2660,14279639.706201533,118042.41457696675,148.0701092197184,1.2240192034663138
2661,14266111.332287028,118328.63520680706,148.0701092197184,1.2281506523251928
2662,14252598.480843147,118615.31796788608,148.0701092197184,1.2322934032164998
2663,14239101.131380381,118902.46308848364,148.0701092197184,1.2364474789216235
2664,14225619.263438877,119190.0707960982,148.0701092197184,1.2406129022475971
2665,14212152.856588462,119478.14131744782,148.0701092197184,1.244789696027101
2666,14198701.890428554,119766.67487847051,148.0701092197184,1.248977883118467
2667,14185266.34458813,120055.67170431992,148.0701092197184,1.253177486405628
2668,14171846.198725682,120345.1320193678,148.0701092197184,1.2573885287981417
2669,14158441.43252919,120635.05604720276,148.0701092197184,1.2616110332311703
2670,14145052.025716031,120925.4440106289,148.0701092197184,1.2658450226654703
2671,14131677.958033,121216.2961316653,148.0701092197184,1.2700905200873738
2672,14118319.209256196,121507.6126315467,148.0701092197184,1.2743475485088016
2673,14104975.759191044,121799.39373072059,148.0701092197184,1.2786161309672204
2674,14091647.587672183,122091.63964884836,148.0701092197184,1.2828962905256578
2675,14078334.674563512,122384.35060480479,148.0701092197184,1.287188050272686
2676,14065036.999758042,122677.52681667583,148.0701092197184,1.2914914333224015
2677,14051754.54317792,122971.16850175911,148.0701092197184,1.2958064628144221
2678,14038487.284774376,123265.27587656384,148.0701092197184,1.3001331619138814
2679,14025235.204527672,123559.8491568094,148.0701092197184,1.3044715538114098
2680,14011998.282447034,123854.8885574237,148.0701092197184,1.3088216617231163
2681,13998776.498570684,124150.3942925455,148.0701092197184,1.3131835088905996
2682,13985569.832965678,124446.36657552111,148.0701092197184,1.3175571185809218
2683,13972378.265727978,124742.8056189045,148.0701092197184,1.3219425140865915
2684,13959201.776982347,125039.71163445804,148.0701092197184,1.3263397187255739
2685,13946040.346882304,125337.08483315031,148.0701092197184,1.3307487558412625
2686,13932893.955610119,125634.92542515557,148.0701092197184,1.3351696488024658
2687,13919762.58337672,125933.23361985464,148.0701092197184,1.3396024210034139
2688,13906646.210421707,126232.0096258328,148.0701092197184,1.3440470958637274
2689,13893544.817013262,126531.25365087976,148.0701092197184,1.3485036968284156
2690,13880458.383448107,126830.9659019896,148.0701092197184,1.3529722473678703
2691,13867386.890051495,127131.14658535986,148.0701092197184,1.3574527709778466
2692,13854330.31717715,127431.79590638923,148.0701092197184,1.3619452911794356
2693,13841288.645207198,127732.9140696813,148.0701092197184,1.3664498315191005
2694,13828261.854552193,128034.50127903995,148.0701092197184,1.3709664155686145
2695,13815249.925650964,128336.55773746906,148.0701092197184,1.3754950669250627
2696,13802252.838970706,128639.08364717555,148.0701092197184,1.3800358092108562
2697,13789270.575006826,128942.0792095648,148.0701092197184,1.384588666073687
2698,13776303.11428296,129245.54462524156,148.0701092197184,1.3891536611865254
2699,13763350.437350905,129549.48009401122,148.0701092197184,1.3937308182476316
2700,13750412.524790596,129853.88581487579,148.0701092197184,1.398320160980502
2701,13737489.357210042,130158.76198603629,148.0701092197184,1.4029217131338925
2702,13724580.915245311,130464.1088048911,148.0701092197184,1.4075354984817887
2703,13711687.179560453,130769.92646803534,148.0701092197184,1.4121615408233994
2704,13698808.130847491,131076.2151712604,148.0701092197184,1.4167998639831385
2705,13685943.749826357,131382.97510955372,148.0701092197184,1.4214504918106206
2706,13673094.01724486,131690.2064770984,148.0701092197184,1.426113448180646
2707,13660258.913878638,131997.90946727237,148.0701092197184,1.430788756993187
2708,13647438.420531131,132306.0842726473,148.0701092197184,1.4354764421733677
2709,13634632.518033508,132614.73108498962,148.0701092197184,1.440176527671469
2710,13621841.187244657,132923.8500952587,148.0701092197184,1.444889037462901
2711,13609064.409051131,133233.44149360733,148.0701092197184,1.4496139955481988
2712,13596302.164367119,133543.5054693799,148.0701092197184,1.4543514259529973
2713,13583554.434134355,133854.04221111358,148.0701092197184,1.4591013527280388
2714,13570821.199322144,134165.05190653683,148.0701092197184,1.4638637999491428
2715,13558102.440927276,134476.53474256882,148.0701092197184,1.4686387917171977
2716,13545398.139974011,134788.4909053193,148.0701092197184,1.4734263521581465
2717,13532708.277514009,135100.9205800889,148.0701092197184,1.478226505422987
2718,13520032.834626304,135413.82395136706,148.0701092197184,1.4830392756877389
2719,13507371.792417275,135727.20120283257,148.0701092197184,1.487864687153439
2720,13494725.1320206,136041.05251735295,148.0701092197184,1.492702764046128
2721,13482092.83459718,136355.37807698402,148.0701092197184,1.497553530616841
2722,13469474.881335145,136670.17806296964,148.0701092197184,1.5024170111415904
2723,13456871.253449775,136985.4526557407,148.0701092197184,1.5072932299213508
2724,13444281.932183508,137301.20203491522,148.0701092197184,1.5121822112820462
2725,13431706.898805844,137617.42637929777,148.0701092197184,1.51708397957454
2726,13419146.134613328,137934.12586687904,148.0701092197184,1.5219985591746206
2727,13406599.620929517,138251.30067483478,148.0701092197184,1.5269259744829773
2728,13394067.339104937,138568.95097952755,148.0701092197184,1.5318662499252125
2729,13381549.270517033,138887.07695650205,148.0701092197184,1.5368194099517827
2730,13369045.396570109,139205.6787804902,148.0701092197184,1.5417854790380454
2731,13356555.698695352,139524.75662540612,148.0701092197184,1.5467644816841888
2732,13344080.158350734,139844.31066434778,148.0701092197184,1.551756442415246
2733,13331618.757020967,140164.34106959685,148.0701092197184,1.5567613857810851
2734,13319171.476217499,140484.8480126174,148.0701092197184,1.5617793363563806
2735,13306738.297478473,140805.83166405573,148.0701092197184,1.5668103187406017
2736,13294319.20236864,141127.29219374,148.0701092197184,1.571854357558004
2737,13281914.17247939,141449.22977068115,148.0701092197184,1.576911477457622
2738,13269523.189428624,141771.64456306942,148.0701092197184,1.5819817031132295
2739,13257146.234860806,142094.5367382764,148.0701092197184,1.5870650592233424
2740,13244783.290446855,142417.90646285575,148.0701092197184,1.5921615705112246
2741,13232434.337884134,142741.75390253894,148.0701092197184,1.5972712617248264
2742,13220099.3588964,143066.07922223798,148.0701092197184,1.6023941576368048
2743,13207778.335233783,143390.88258604487,148.0701092197184,1.6075302830445077
2744,13195471.248672718,143716.16415722927,148.0701092197184,1.612679662769937
2745,13183178.081015931,144041.9240982394,148.0701092197184,1.6178423216597464
2746,13170898.814092377,144368.16257070404,148.0701092197184,1.6230182845852572
2747,13158633.429757219,144694.87973542648,148.0701092197184,1.6282075764423751
2748,13146381.909891771,145022.07575238962,148.0701092197184,1.6334102221516391
2749,13134144.23640347,145349.75078075295,148.0701092197184,1.6386262466581762
2750,13121920.39122585,145677.90497885286,148.0701092197184,1.643855674931692
2751,13109710.356318474,146006.53850420166,148.0701092197184,1.64909853196645
2752,13097514.1136669,146335.6515134888,148.0701092197184,1.654354842781275
2753,13085331.645282673,146665.24416257878,148.0701092197184,1.6596246324195152
2754,13073162.933203228,146995.31660651104,148.0701092197184,1.664907925949034
2755,13061007.959491909,147325.8689995018,148.0701092197184,1.670204748462214
2756,13048866.706237912,147656.90149494034,148.0701092197184,1.6755151250759042
2757,13036739.155556206,147988.41424539103,148.0701092197184,1.6808390809314375
2758,13024625.289587567,148320.4074025934,148.0701092197184,1.6861766411946097
2759,13012525.090498472,148652.88111745904,148.0701092197184,1.69152783105564
2760,13000438.540481096,148985.8355400742,148.0701092197184,1.6968926757291851
2761,12988365.62175327,149319.27081969834,148.0701092197184,1.7022712004543112
2762,12976306.31655843,149653.18710476355,148.0701092197184,1.7076634304944749
2763,12964260.607165575,149987.58454287428,148.0701092197184,1.7130693911375103
2764,12952228.475869274,150322.46328080824,148.0701092197184,1.7184891076956197
2765,12940209.90498954,150657.8234645145,148.0701092197184,1.723922605505351
2766,12928204.876871886,150993.66523911318,148.0701092197184,1.7293699099275686
2767,12916213.373887226,151329.98874889794,148.0701092197184,1.7348310463474788
2768,12904235.378431855,151666.79413733163,148.0701092197184,1.7403060401745627
2769,12892270.872927414,152004.08154704873,148.0701092197184,1.7457949168425921
2770,12880319.839820841,152341.85111985455,148.0701092197184,1.7512977018096083
2771,12868382.261584334,152680.10299672463,148.0701092197184,1.7568144205579024
2772,12856458.120715337,153018.8373178036,148.0701092197184,1.7623450985939846
2773,12844547.39973646,153358.05422240816,148.0701092197184,1.7678897614486113
2774,12832650.081195485,153697.75384902293,148.0701092197184,1.7734484346767203
2775,12820766.147665277,154037.9363353012,148.0701092197184,1.7790211438574286
2776,12808895.581743818,154378.60181806723,148.0701092197184,1.7846079145940388
2777,12797038.36605409,154719.75043331317,148.0701092197184,1.790208772514
2778,12785194.48324408,155061.3823161988,148.0701092197184,1.795823743268884
2779,12773363.91598674,155403.49760105403,148.0701092197184,1.8014528525344025
2780,12761546.646979956,155746.09642137558,148.0701092197184,1.8070961260103522
2781,12749742.658946473,156089.17890982796,148.0701092197184,1.812753589420618
2782,12737951.934633905,156432.74519824423,148.0701092197184,1.8184252685131614
2783,12726174.456814665,156776.79541762377,148.0701092197184,1.8241111890599842
2784,12714410.20828594,157121.32969813398,148.0701092197184,1.829811376857133
2785,12702659.171869667,157466.34816910845,148.0701092197184,1.8355258577246603
2786,12690921.330412446,157811.85095904785,148.0701092197184,1.8412546575066289
2787,12679196.666785553,158157.83819561958,148.0701092197184,1.8469978020710849
2788,12667485.16388492,158504.31000565682,148.0701092197184,1.8527553173100306
2789,12655786.804630993,158851.2665151592,148.0701092197184,1.8585272291394315
2790,12644101.571968827,159198.70784929133,148.0701092197184,1.8643135634991657
2791,12632429.448867965,159546.6341323853,148.0701092197184,1.8701143463530507
2792,12620770.418322418,159895.04548793662,148.0701092197184,1.8759296036887774
2793,12609124.463350637,160243.94203860735,148.0701092197184,1.8817593615179309
2794,12597491.566995477,160593.32390622457,148.0701092197184,1.8876036458759569
2795,12585871.712324148,160943.19121177934,148.0701092197184,1.8934624828221376
2796,12574264.882428193,161293.54407542833,148.0701092197184,1.89933589843959
2797,12562671.06042344,161644.38261649245,148.0701092197184,1.905223918835239
2798,12551090.229449954,161995.70695345692,148.0701092197184,1.9111265701398013
2799,12539522.372672036,162347.51720397102,148.0701092197184,1.9170438785077655
2800,12527967.473278161,162699.8134848481,148.0701092197184,1.9229758701173771
2801,12516425.514480937,163052.59591206498,148.0701092197184,1.9289225711706162
2802,12504896.47951708,163405.86460076334,148.0701092197184,1.9348840078931975
2803,12493380.351647375,163759.619665247,148.0701092197184,1.9408602065345224
2804,12481877.11415664,164113.8612189838,148.0701092197184,1.9468511933676842
2805,12470386.75035368,164468.58937460455,148.0701092197184,1.9528569946894412
2806,12458909.243571268,164823.80424390337,148.0701092197184,1.958877636820202
2807,12447444.577166094,165179.50593783683,148.0701092197184,1.9649131461040017
2808,12435992.734518738,165535.69456652476,148.0701092197184,1.9709635489084913
2809,12424553.699033642,165892.37023924876,148.0701092197184,1.9770288716249054
2810,12413127.454139024,166249.53306445375,148.0701092197184,1.9831091406680688
2811,12401713.983286921,166607.18314974708,148.0701092197184,1.9892043824763581
2812,12390313.26995309,166965.32060189708,148.0701092197184,1.995314623511678
2813,12378925.29763699,167323.9455268356,148.0701092197184,2.0014398902594706
2814,12367550.049861765,167683.05802965545,148.0701092197184,2.0075802092286645
2815,12356187.510174185,168042.6582146122,148.0701092197184,2.0137356069516845
2816,12344837.662144607,168402.74618512142,148.0701092197184,2.0199061099844013
2817,12333500.489366984,168763.32204376245,148.0701092197184,2.026091744906151
2818,12322175.975458752,169124.3858922747,148.0701092197184,2.0322925383196857
2819,12310864.10406086,169485.9378315592,148.0701092197184,2.038508516851167
2820,12299564.858837716,169847.97796167864,148.0701092197184,2.0447397071501476
2821,12288278.22347713,170210.5063818562,148.0701092197184,2.0509861358895467
2822,12277004.181690319,170573.52319047652,148.0701092197184,2.057247829765635
2823,12265742.717211824,170937.0284850865,148.0701092197184,2.0635248154980337
2824,12254493.813799514,171301.02236239103,148.0701092197184,2.0698171198296413
2825,12243257.455234542,171665.5049182577,148.0701092197184,2.0761247695266722
2826,12232033.625321288,172030.47624771527,148.0701092197184,2.0824477913786232
2827,12220822.30788733,172395.93644495186,148.0701092197184,2.088786212198234
2828,12209623.486783454,172761.8856033168,148.0701092197184,2.0951400588214804
2829,12198437.14588354,173128.3238153201,148.0701092197184,2.101509358107567
2830,12187263.269084606,173495.25117263154,148.0701092197184,2.1078941369388815
2831,12176101.840306703,173862.6677660813,148.0701092197184,2.114294422220996
2832,12164952.843492951,174230.57368566102,148.0701092197184,2.1207102408826506
2833,12153816.262609435,174598.96902052098,148.0701092197184,2.127141619875709
2834,12142692.081645206,174967.85385897182,148.0701092197184,2.1335885861751587
2835,12131580.284612253,175337.228288486,148.0701092197184,2.140051166779103
2836,12120480.855545461,175707.09239569397,148.0701092197184,2.146529388708705
2837,12109393.778502543,176077.44626638666,148.0701092197184,2.1530232790081945
2838,12098319.03756407,176448.28998551637,148.0701092197184,2.159532864744855
2839,12087256.616833374,176819.62363719306,148.0701092197184,2.16605817300897
2840,12076206.500436557,177191.4473046883,148.0701092197184,2.1725992309138396
2841,12065168.672522437,177563.76107043287,148.0701092197184,2.1791560655957407
2842,12054143.117262505,177936.56501601764,148.0701092197184,2.185728704213915
2843,12043129.818850907,178309.85922219203,148.0701092197184,2.192317173950531
2844,12032128.761504415,178683.6437688679,148.0701092197184,2.198921502010708
2845,12021139.929462366,179057.9187351139,148.0701092197184,2.205541715622435
2846,12010163.306986649,179432.68419915953,148.0701092197184,2.2121778420365925
2847,11999198.87836167,179807.94023839475,148.0701092197184,2.2188299085269336
2848,11988246.627894318,180183.6869293684,148.0701092197184,2.225497942390039
2849,11977306.539913908,180559.92434778874,148.0701092197184,2.2321819709453097
2850,11966378.59877217,180936.6525685246,148.0701092197184,2.2388820215349567
2851,11955462.788843235,181313.87166560427,148.0701092197184,2.2455981215239644
2852,11944559.09452354,181691.5817122135,148.0701092197184,2.252330298300055
2853,11933667.500231856,182069.78278070202,148.0701092197184,2.2590785792737376
2854,11922787.99040921,182448.47494257573,148.0701092197184,2.2658429918781975
2855,11911920.549518881,182827.65826850059,148.0701092197184,2.2726235635693217
2856,11901065.162046347,183207.33282830386,148.0701092197184,2.279420321825695
2857,11890221.812499283,183587.49869097155,148.0701092197184,2.2862332941485404
2858,11879390.485407459,183968.15592464874,148.0701092197184,2.293062508061717
2859,11868571.165322786,184349.3045966417,148.0701092197184,2.299907991111708
2860,11857763.836819243,184730.94477341522,148.0701092197184,2.306769770867577
2861,11846968.484492825,185113.07652059427,148.0701092197184,2.3136478749209664
2862,11836185.092961553,185495.69990296458,148.0701092197184,2.3205423308860795
2863,11825413.646865424,185878.81498447026,148.0701092197184,2.3274531663996307
2864,11814654.130866352,186262.42182821603,148.0701092197184,2.3343804091208558
2865,11803906.52964818,186646.5204964663,148.0701092197184,2.3413240867314715
2866,11793170.827916594,187031.11105064597,148.0701092197184,2.348284226935671
2867,11782447.01039914,187416.19355134014,148.0701092197184,2.3552608574600957
2868,11771735.061845168,187801.7680582924,148.0701092197184,2.362254006053787
2869,11761034.967025798,188187.8346304092,148.0701092197184,2.3692637004882284
2870,11750346.710733876,188574.3933257536,148.0701092197184,2.37628996855724
2871,11739670.277783975,188961.44420155257,148.0701092197184,2.3833328380770453
2872,11729005.653012322,189348.9873141909,148.0701092197184,2.3903923368861784
2873,11718352.821276806,189737.0227192146,148.0701092197184,2.3974684928454986
2874,11707711.767456898,190125.55047133067,148.0701092197184,2.4045613338381715
2875,11697082.476453662,190514.57062440563,148.0701092197184,2.4116708877696227
2876,11686464.933189692,190904.08323146685,148.0701092197184,2.418797182567534
2877,11675859.122609105,191294.08834470328,148.0701092197184,2.4259402461818285
2878,11665265.029677479,191684.58601546314,148.0701092197184,2.433100106584622
2879,11654682.63938184,192075.5762942569,148.0701092197184,2.440276791770235
2880,11644111.936730636,192467.05923075485,148.0701092197184,2.4474703297551392
2881,11633552.906753687,192859.03487378883,148.0701092197184,2.4546807485779554
2882,11623005.534502141,193251.503271352,148.0701092197184,2.4619080762994354
2883,11612469.805048494,193644.46447059797,148.0701092197184,2.4691523410024128
2884,11601945.703486497,194037.9185178422,148.0701092197184,2.476413570791812
2885,11591433.214931156,194431.86545856224,148.0701092197184,2.48369179379462
2886,11580932.324518697,194826.30533739532,148.0701092197184,2.490987038159836
2887,11570443.017406536,195221.2381981423,148.0701092197184,2.4982993320584916
2888,11559965.278773228,195616.66408376425,148.0701092197184,2.505628703683596
2889,11549499.09381846,196012.5830363841,148.0701092197184,2.5129751812501184
2890,11539044.447762992,196408.99509728854,148.0701092197184,2.5203387929950014
2891,11528601.325848661,196805.90030692445,148.0701092197184,2.5277195671770825
2892,11518169.713338314,197203.29870490136,148.0701092197184,2.5351175320771064
2893,11507749.595515788,197601.19032999227,148.0701092197184,2.542532715997712
2894,11497340.957685886,197999.57522013053,148.0701092197184,2.549965147263362
2895,11486943.785174346,198398.4534124141,148.0701092197184,2.5574148542203816
2896,11476558.063327787,198797.82494310196,148.0701092197184,2.564881865236883
2897,11466183.777513715,199197.6898476179,148.0701092197184,2.5723662087027885
2898,11455820.913120436,199598.04816054704,148.0701092197184,2.57986791302977
2899,11445469.455557084,199998.8999156376,148.0701092197184,2.587387006651235
2900,11435129.390253568,200400.24514580332,148.0701092197184,2.5949235180223393
2901,11424800.702660507,200802.08388311873,148.0701092197184,2.6024774756199065
2902,11414483.378249245,201204.4161588232,148.0701092197184,2.6100489079424447
2903,11404177.402511807,201607.2420033202,148.0701092197184,2.6176378435101175
2904,11393882.76096085,202010.56144617617,148.0701092197184,2.6252443108647077
2905,11383599.439129649,202414.3745161214,148.0701092197184,2.6328683385695975
2906,11373327.422572061,202818.6812410524,148.0701092197184,2.640509955209777
2907,11363066.696862483,203223.4816480284,148.0701092197184,2.6481691893917754
2908,11352817.247595852,203628.77576327286,148.0701092197184,2.65584606974365
2909,11342579.060387567,204034.56361217579,148.0701092197184,2.6635406249149964
2910,11332352.120873502,204440.84521929055,148.0701092197184,2.6712528835768787
2911,11322136.414709948,204847.6206083356,148.0701092197184,2.6789828744218265
2912,11311931.927573605,205254.88980219653,148.0701092197184,2.686730626163835
2913,11301738.645161511,205662.652822922,148.0701092197184,2.6944961675382912
2914,11291556.553191049,206070.9096917278,148.0701092197184,2.702279527301996
2915,11281385.637399917,206479.66042899567,148.0701092197184,2.710080734233121
2916,11271225.88354607,206888.9050542725,148.0701092197184,2.7178998171311797
2917,11261077.27740769,207298.64358627136,148.0701092197184,2.7257368048170103
2918,11250939.804783193,207708.87604287395,148.0701092197184,2.7335917261327802
2919,11240813.451491168,208119.6024411252,148.0701092197184,2.74146460994189
2920,11230698.203370336,208530.82279723912,148.0701092197184,2.7493554851290263
2921,11220594.046279564,208942.53712659693,148.0701092197184,2.7572643806001076
2922,11210500.966097768,209354.7454437457,148.0701092197184,2.765191325282244
2923,11200418.94872395,209767.44776240093,148.0701092197184,2.7731363481237405
2924,11190347.980077136,210180.64409544645,148.0701092197184,2.7810994780940668
2925,11180288.046096321,210594.33445493263,148.0701092197184,2.789080744183819
2926,11170239.132740505,211008.518852078,148.0701092197184,2.797080175404695
2927,11160201.22598858,211423.1972972716,148.0701092197184,2.8050978007895204
2928,11150174.311839385,211838.3698000688,148.0701092197184,2.813133649392145
2929,11140158.3763116,212254.03636919288,148.0701092197184,2.821187750287455
2930,11130153.405443761,212670.1970125405,148.0701092197184,2.8292601325714064
2931,11120159.385294221,213086.85173717383,148.0701092197184,2.8373508253608963
2932,11110176.301941108,213504.00054932482,148.0701092197184,2.8454598577937955
2933,11100204.141482318,213921.6434543972,148.0701092197184,2.8535872590289433
2934,11090242.890035454,214339.7804569642,148.0701092197184,2.8617330582460934
2935,11080292.53373782,214758.41156076634,148.0701092197184,2.869897284645855
2936,11070353.05874639,215177.53676871932,148.0701092197184,2.8780799674497675
2937,11060424.451237768,215597.1560829062,148.0701092197184,2.886281135900173
2938,11050506.697408147,216017.26950458225,148.0701092197184,2.894500819260257
2939,11040599.78347332,216437.8770341744,148.0701092197184,2.9027390468139984
2940,11030703.695668617,216858.9786712807,148.0701092197184,2.910995847866148
2941,11020818.42024886,217280.57441467035,148.0701092197184,2.9192712517422006
2942,11010943.943488386,217702.66426228615,148.0701092197184,2.927565287788389
2943,11001080.251680978,218125.2482112423,148.0701092197184,2.935877985371635
2944,10991227.331139833,218548.32625782528,148.0701092197184,2.944209373879535
2945,10981385.168197576,218971.8983974948,148.0701092197184,2.9525594827203294
2946,10971553.749206156,219395.9646248844,148.0701092197184,2.9609283413229073
2947,10961733.06053689,219820.52493380063,148.0701092197184,2.9693159791367427
2948,10951923.088580398,220245.57931722302,148.0701092197184,2.977722425631876
2949,10942123.819746576,220671.12776730678,148.0701092197184,2.9861477102989236
2950,10932335.240464563,221097.17027537886,148.0701092197184,2.994591862648995
2951,10922557.337182738,221523.7068319439,148.0701092197184,3.003054912213737
2952,10912790.096368656,221950.73742667944,148.0701092197184,3.011536888545249
2953,10903033.504509032,222378.26204843845,148.0701092197184,3.020037821216086
2954,10893287.548109723,222806.28068524975,148.0701092197184,3.028557739819232
2955,10883552.213695692,223234.79332431869,148.0701092197184,3.037096673968081
2956,10873827.487810967,223663.79995202468,148.0701092197184,3.0456546532963786
2957,10864113.357018625,224093.30055392545,148.0701092197184,3.054231707458245
2958,10854409.807900766,224523.29511475482,148.0701092197184,3.062827866128117
2959,10844716.827058475,224953.78361842345,148.0701092197184,3.07144315900073
2960,10835034.4011118,225384.7660480194,148.0701092197184,3.080077615791094
2961,10825362.516699716,225816.2423858078,148.0701092197184,3.088731266234459
2962,10815701.160480093,226248.21261323392,148.0701092197184,3.097404140086335
2963,10806050.319129683,226680.67671091907,148.0701092197184,3.1060962671223944
2964,10796409.979344094,227113.63465866336,148.0701092197184,3.1148076771384825
2965,10786780.127837718,227547.08643544774,148.0701092197184,3.123538399950628
2966,10777160.751343772,227981.0320194303,148.0701092197184,3.1322884653949403
2967,10767551.836614197,228415.47138795012,148.0701092197184,3.1410579033276558
2968,10757953.370419692,228850.40451752566,148.0701092197184,3.1498467436250652
2969,10748365.339549653,229285.8313838554,148.0701092197184,3.1586550161835025
2970,10738787.730812134,229721.7519618194,148.0701092197184,3.1674827509193384
2971,10729220.531033842,230158.1662254781,148.0701092197184,3.1763299777689284
2972,10719663.72706012,230595.07414807333,148.0701092197184,3.1851967266885874
2973,10710117.305754859,231032.4757020285,148.0701092197184,3.1940830276545897
2974,10700581.254000556,231470.3708589492,148.0701092197184,3.2029889106631098
2975,10691055.558698207,231908.75958962354,148.0701092197184,3.2119144057302256
2976,10681540.206767336,232347.64186402241,148.0701092197184,3.220859542891874
2977,10672035.18514592,232787.01765129855,148.0701092197184,3.2298243522038197
2978,10662540.480790408,233226.886919791,148.0701092197184,3.2388088637416725
2979,10653056.080675647,233667.24963701973,148.0701092197184,3.2478131076007952
2980,10643581.971794888,234108.10576968963,148.0701092197184,3.2568371138963164
2981,10634118.141159747,234549.45528369208,148.0701092197184,3.265880912763129
2982,10624664.575800173,234991.29814410047,148.0701092197184,3.2749445343557912
2983,10615221.262764424,235433.63431517698,148.0701092197184,3.284028008848593
2984,10605788.189119045,235876.46376036512,148.0701092197184,3.2931313664354174
2985,10596365.341948824,236319.78644229792,148.0701092197184,3.302254637329829
2986,10586952.708356777,236763.60232279391,148.0701092197184,3.3113978517649802
2987,10577550.275464118,237207.9113628579,148.0701092197184,3.3205610399935934
2988,10568158.030410243,237652.71352268252,148.0701092197184,3.3297442322879465
2989,10558775.960352672,238098.00876164815,148.0701092197184,3.338947458939848
2990,10549404.052467046,238543.79703832278,148.0701092197184,3.348170750260599
2991,10540042.293947104,238990.0783104619,148.0701092197184,3.3574141365809536
2992,10530690.672004635,239436.85253501253,148.0701092197184,3.366677648251153
2993,10521349.173869457,239884.11966810873,148.0701092197184,3.375961315640827
2994,10512017.786789404,240331.87966507336,148.0701092197184,3.3852651691389837
2995,10502696.49803028,240780.1324804225,148.0701092197184,3.3945892391540413
2996,10493385.294875855,241228.8780678587,148.0701092197184,3.4039335561136994
2997,10484084.164627794,241678.11638027814,148.0701092197184,3.413298150465015
2998,10474793.094605679,242127.84736976874,148.0701092197184,3.422683052674331
2999,10465512.07214696,242578.07098760712,148.0701092197184,3.432088293227207
3000,10456241.084606927,243028.78718426332,148.0701092197184,3.4415139026284547
3001,10446980.119358683,243479.99590940206,148.0701092197184,3.45095991140212
3002,10437729.163793117,243931.6971118777,148.0701092197184,3.4604263500913834
3003,10428488.205318885,244383.890739739,148.0701092197184,3.4699132492585854
3004,10419257.231362382,244836.5767402303,148.0701092197184,3.479420639485217
3005,10410036.229367686,245289.7550597875,148.0701092197184,3.4889485513718355
3006,10400825.186796581,245743.42564404197,148.0701092197184,3.4984970155380712
3007,10391624.091128496,246197.58843782157,148.0701092197184,3.508066062622621
3008,10382432.929860488,246652.24338514838,148.0701092197184,3.5176557232831787
3009,10373251.690507207,247107.39042923888,148.0701092197184,3.5272660281964052
3010,10364080.360600883,247563.0295125096,148.0701092197184,3.536897008057973
3011,10354918.927691296,248019.1605765712,148.0701092197184,3.546548693582453
3012,10345767.379345734,248475.78356223088,148.0701092197184,3.5562211155033094
3013,10336625.703148996,248932.89840949737,148.0701092197184,3.565914304572941
3014,10327493.886703327,249390.5050575739,148.0701092197184,3.575628291562551
3015,10318371.91762843,249848.603444863,148.0701092197184,3.5853631072621694
3016,10309259.783561412,250307.19350896787,148.0701092197184,3.5951187824806525
3017,10300157.47215678,250766.27518668957,148.0701092197184,3.6048953480455985
3018,10291064.971086383,251225.84841402926,148.0701092197184,3.614692834803354
3019,10281982.268039426,251685.9131261901,148.0701092197184,3.6245112736189973
3020,10272909.350722406,252146.46925757488,148.0701092197184,3.6343506953762814
3021,10263846.20685911,252607.51674178676,148.0701092197184,3.6442111309776024
3022,10254792.824190581,253069.0555116341,148.0701092197184,3.654092611344036
3023,10245749.190475093,253531.08549912364,148.0701092197184,3.663995167415206
3024,10236715.293488117,253993.60663546738,148.0701092197184,3.673918830149353
3025,10227691.121022325,254456.61885107998,148.0701092197184,3.683863630523246
3026,10218676.6608875,254920.12207557991,148.0701092197184,3.6938295995321955
3027,10209671.900910592,255384.11623778916,148.0701092197184,3.7038167681899785
3028,10200676.828935634,255848.60126573517,148.0701092197184,3.713825167528855
3029,10191691.43282372,256313.57708665126,148.0701092197184,3.7238548285995394
3030,10182715.700453015,256779.04362697405,148.0701092197184,3.7339057824711106
3031,10173749.619718691,257245.00081234955,148.0701092197184,3.743978060231087
3032,10164793.178532925,257711.44856762793,148.0701092197184,3.754071692985298
3033,10155846.36482487,258178.38681686678,148.0701092197184,3.7641867118579038
3034,10146909.166540608,258645.8154833329,148.0701092197184,3.77432314799139
3035,10137981.571643144,259113.7344894999,148.0701092197184,3.784481032546493
3036,10129063.568112396,259582.14375705027,148.0701092197184,3.7946603967021897
3037,10120155.14394512,260051.04320687553,148.0701092197184,3.8048612716556773
3038,10111256.287154943,260520.4327590779,148.0701092197184,3.8150836886223467
3039,10102366.985772286,260990.31233296846,148.0701092197184,3.8253276788357353
3040,10093487.227844384,261460.6818470693,148.0701092197184,3.8355932735475076
3041,10084617.001435224,261931.54121911342,148.0701092197184,3.8458805040274306
3042,10075756.29462553,262402.8903660469,148.0701092197184,3.856189401563368
3043,10066905.095512755,262874.7292040273,148.0701092197184,3.86651999746121
3044,10058063.392211039,263347.0576484239,148.0701092197184,3.8768723230448527
3045,10049231.17285117,263819.8756138201,148.0701092197184,3.887246409656199
3046,10040408.425580606,264293.18301401346,148.0701092197184,3.8976422886551054
3047,10031595.13856339,264766.97976201546,148.0701092197184,3.9080599914193663
3048,10022791.299980171,265241.2657700526,148.0701092197184,3.918499549344676
3049,10013996.898028165,265716.0409495652,148.0701092197184,3.9289609938445804
3050,10005211.920921119,266191.3052112126,148.0701092197184,3.93944435635052
3051,9996436.356889285,266667.0584648678,148.0701092197184,3.949949668311716
3052,9987670.19417943,267143.3006196215,148.0701092197184,3.9604769611951802
3053,9978913.42105476,267620.0315837829,148.0701092197184,3.9710262664857097
3054,9970166.025794934,268097.25126487756,148.0701092197184,3.9815976156858026
3055,9961427.996696023,268574.959569652,148.0701092197184,3.992191040315699
3056,9952699.322070489,269053.156404069,148.0701092197184,4.002806571913267
3057,9943979.990247153,269531.841673313,148.0701092197184,4.013444242034057
3058,9935269.989571178,270011.01528178726,148.0701092197184,4.024104082251208
3059,9926569.308404047,270490.67713311716,148.0701092197184,4.034786124155474
3060,9917877.935123527,270970.82713015017,148.0701092197184,4.0454903993551765
3061,9909195.858123658,271451.4651749522,148.0701092197184,4.0562169394761165
3062,9900523.065814713,271932.59116881574,148.0701092197184,4.066965776161663
3063,9891859.546623187,272414.20501225337,148.0701092197184,4.077736941072608
3064,9883205.288991766,272896.3066050008,148.0701092197184,4.088530465887189
3065,9874560.281379314,273378.8958460218,148.0701092197184,4.099346382301105
3066,9865924.512260815,273861.9726335002,148.07010921971843,4.1101847220273875
3067,9857297.97012738,274345.5368648482,148.0701092197184,4.1210455167964675
3068,9848680.64348624,274829.58843670174,148.0701092197184,4.131928798356059
3069,9840072.520860663,275314.12724492536,148.0701092197184,4.142834598471228
3070,9831473.590789968,275799.15318460786,148.0701092197184,4.153762948924261
3071,9822883.841829518,276284.66615006863,148.0701092197184,4.164713881514727
3072,9814303.262550652,276770.66603485233,148.0701092197184,4.175687428059367
3073,9805731.841540689,277257.1527317346,148.0701092197184,4.186683620392143
3074,9797169.567402886,277744.126132718,148.0701092197184,4.197702490364134
3075,9788616.42875645,278231.58612903854,148.0701092197184,4.208744069843588
3076,9780072.414236464,278719.53261115757,148.0701092197184,4.21980839071578
3077,9771537.512493897,279207.9654687734,148.0701092197184,4.230895484883138
3078,9763011.712195573,279696.88459081104,148.0701092197184,4.24200538426505
3079,9754495.002024144,280186.28986542916,148.0701092197184,4.253138120797931
3080,9745987.37067806,280676.1811800212,148.0701092197184,4.2642937264352065
3081,9737488.80687157,281166.5584212113,148.0701092197184,4.2754722331472035
3082,9728999.299334647,281657.4214748593,148.0701092197184,4.2866736729212045
3083,9720518.83681303,282148.77022605843,148.0701092197184,4.2978980777613485
3084,9712047.408068158,282640.6045591392,148.0701092197184,4.309145479688672
3085,9703585.001877142,283132.9243576651,148.0701092197184,4.3204159107410005
3086,9695131.60703277,283625.72950443893,148.0701092197184,4.331709402973
3087,9686687.212343467,284119.01988149737,148.0701092197184,4.34302598845606
3088,9678251.806633258,284612.79537011817,148.07010921971843,4.354365699278369
3089,9669825.37874179,285107.0558508138,148.0701092197184,4.3657285675447595
3090,9661407.917524239,285601.801203339,148.0701092197184,4.377114625376815
3091,9652999.411851348,286097.0313066852,148.0701092197184,4.388523904912719
3092,9644599.850609386,286592.74603908474,148.0701092197184,4.3999564383072896
3093,9636209.222700097,287088.9452780121,148.0701092197184,4.411412257731964
3094,9627827.517040713,287585.6289001808,148.0701092197184,4.422891395374704
3095,9619454.72256392,288082.79678154923,148.0701092197184,4.434393883440048
3096,9611090.828217817,288580.4487973136,148.0701092197184,4.44591975414897
3097,9602735.82296593,289078.5848219191,148.0701092197184,4.457469039738996
3098,9594389.69578713,289577.20472905,148.0701092197184,4.469041772464035
3099,9586052.435675679,290076.30839163886,148.0701092197184,4.480637984594459
3100,9577724.031641148,290575.89568185894,148.0701092197184,4.492257708416965
3101,9569404.47270844,291075.9664711341,148.0701092197184,4.503900976234665
3102,9561093.747917725,291576.5206301305,148.0701092197184,4.5155678203669485
3103,9552791.846324453,292077.55802876374,148.0701092197184,4.527258273149523
3104,9544498.756999316,292579.0785361962,148.0701092197184,4.538972366934349
3105,9536214.469028214,293081.08202083805,148.0701092197184,4.550710134089618
3106,9527938.971512241,293583.5683503487,148.0701092197184,4.562471606999728
3107,9519672.253567671,294086.5373916378,148.0701092197184,4.574256818065262
3108,9511414.304325942,294589.9890108652,148.0701092197184,4.586065799702932
3109,9503165.112933582,295093.92307344073,148.0701092197184,4.597898584345573
3110,9494924.668552263,295598.3394440266,148.0701092197184,4.609755204442093
3111,9486692.960358694,296103.23798653524,148.0701092197184,4.621635692457447
3112,9478469.977544697,296608.6185641343,148.07010921971843,4.633540080872621
3113,9470255.709317083,297114.481039244,148.0701092197184,4.6454684021845996
3114,9462050.144897696,297620.8252735392,148.0701092197184,4.65742068890633
3115,9453853.273523368,298127.6511279484,148.0701092197184,4.669396973566676
3116,9445665.084445905,298634.95846265607,148.0701092197184,4.6813972887104
3117,9437485.566932032,299142.74713710253,148.07010921971838,4.69342166689815
3118,9429314.710263435,299651.0170099856,148.0701092197184,4.705470140706405
3119,9421152.503736675,300159.7679392614,148.0701092197184,4.717542742727478
3120,9412998.936663195,300668.99978213984,148.0701092197184,4.729639505569393
3121,9404853.998369295,301178.7123950954,148.0701092197184,4.7417604618560105
3122,9396717.678196106,301688.90563385794,148.0701092197184,4.7539056442268475
3123,9388589.96549957,302199.57935341925,148.0701092197184,4.766075085337136
3124,9380470.849650426,302710.73340803164,148.07010921971843,4.778268817857759
3125,9372360.320034157,303222.36765120947,148.0701092197184,4.79048687447524
3126,9364258.366051013,303734.4819357258,148.0701092197184,4.802729287891639
3127,9356164.977115948,304247.07611362194,148.0701092197184,4.81499609082467
3128,9348080.142658625,304760.15003619896,148.0701092197184,4.82728731600752
3129,9340003.85212338,305273.70355402224,148.0701092197184,4.839602996188883
3130,9331936.094969204,305787.7365169249,148.0701092197184,4.85194316413297
3131,9323876.860669715,306302.24877400225,148.0701092197184,4.864307852619384
3132,9315826.138713164,306817.24017361715,148.0701092197184,4.876697094443153
3133,9307783.918602355,307332.7105634013,148.0701092197184,4.889110922414728
3134,9299750.18985469,307848.6597902505,148.0701092197184,4.901549369359841
3135,9291724.942002092,308365.0877003323,148.0701092197184,4.914012468119611
3136,9283708.164591026,308881.9941390792,148.0701092197184,4.926500251550366
3137,9275699.84718245,309399.37895119877,148.0701092197184,4.939012752523785
3138,9267699.979351792,309917.2419806644,148.0701092197184,4.951550003926703
3139,9259708.550688952,310435.5830707235,148.0701092197184,4.964112038661191
3140,9251725.550798263,310954.4020638938,148.0701092197184,4.976698889644459
3141,9243750.969298454,311473.69880196475,148.0701092197184,4.9893105898088494
3142,9235784.79582266,311993.4731260015,148.0701092197184,5.00194717210184
3143,9227827.020018395,312513.72487634164,148.0701092197184,5.014608669485949
3144,9219877.631547505,313034.45389259834,148.0701092197184,5.027295114938763
3145,9211936.620086173,313555.6600136581,148.0701092197184,5.040006541452836
3146,9204003.975324877,314077.34307768557,148.0701092197184,5.052742982035745
3147,9196079.68696839,314599.5029221212,148.0701092197184,5.065504469709987
3148,9188163.744735748,315122.1393836847,148.0701092197184,5.078291037513011
3149,9180256.138360212,315645.25229837064,148.0701092197184,5.091102718497095
3150,9172356.85758927,316168.8415014557,148.0701092197184,5.103939545729427
3151,9164465.89218462,316692.9068274936,148.0701092197184,5.11680155229197
3152,9156583.231922125,317217.44811032224,148.0701092197184,5.1296887712815415
3153,9148708.866591804,317742.4651830547,148.0701092197184,5.142601235809624
3154,9140842.785997808,318267.9578780931,148.07010921971838,5.155538979002552
3155,9132984.97995841,318793.9260271163,148.0701092197184,5.168502034001254
3156,9125135.438305961,319320.36946108844,148.0701092197184,5.181490433961366
3157,9117294.150886888,319847.288010258,148.0701092197184,5.1945042120531655
3158,9109461.107561676,320374.68150415993,148.0701092197184,5.207543401461553
3159,9101636.298204824,320902.5497716105,148.0701092197184,5.220608035385944
3160,9093819.712704835,321430.8926407143,148.0701092197184,5.233698147040332
3161,9086011.340964226,321959.7099388654,148.0701092197184,5.2468137696532455
3162,9078211.172899442,322489.0014927402,148.0701092197184,5.259954936467626
3163,9070419.198440894,323018.7671283091,148.0701092197184,5.273121680740937
3164,9062635.40753291,323549.0066708271,148.0701092197184,5.286314035744994
3165,9054859.79013371,324079.71994484175,148.0701092197184,5.299532034766038
3166,9047092.336215412,324610.906774191,148.0701092197184,5.312775711104653
3167,9039333.035763988,325142.56698200403,148.0701092197184,5.326045098075746
3168,9031581.87877924,325674.70039070095,148.0701092197184,5.339340229008499
3169,9023838.855274804,326207.3068219956,148.07010921971838,5.352661137246355
3170,9016103.95527809,326740.3860968957,148.0701092197184,5.366007856147004
3171,9008377.168830303,327273.9380357044,148.0701092197184,5.379380419082336
3172,9000658.485986412,327807.96245801775,148.0701092197184,5.392778859438364
3173,8992947.896815097,328342.4591827298,148.0701092197184,5.406203210615283
3174,8985245.391398763,328877.4280280292,148.07010921971838,5.4196535060273465
3175,8977550.959833508,329412.86881140235,148.0701092197184,5.4331297791028845
3176,8969864.592229122,329948.7813496363,148.0701092197184,5.446632063284294
3177,8962186.278709015,330485.16545881325,148.07010921971843,5.460160392027935
3178,8954516.009410255,331022.0209543194,148.0701092197184,5.473714798804194
3179,8946853.774483498,331559.3476508367,148.0701092197184,5.487295317097342
3180,8939199.564093027,332097.1453623522,148.0701092197184,5.5009019804055965
3181,8931553.368416654,332635.4139021523,148.0701092197184,5.5145348222410435
3182,8923915.177645778,333174.1530828288,148.07010921971838,5.528193876129628
3183,8916284.981985305,333713.36271627346,148.0701092197184,5.541879175611074
3184,8908662.771653654,334253.04261368525,148.07010921971838,5.555590754238925
3185,8901048.536882745,334793.19258556725,148.0701092197184,5.569328645580465
3186,8893442.267917955,335333.81244172854,148.0701092197184,5.583092883216699
3187,8885843.95501812,335874.9019912849,148.0701092197184,5.596883500742318
3188,8878253.588455496,336416.4610426577,148.0701092197184,5.610700531765642
3189,8870671.158515746,336958.48940357915,148.0701092197184,5.624544009908664
3190,8863096.655497933,337500.98688108823,148.0701092197184,5.638413968806925
3191,8855530.069714483,338043.95328153594,148.0701092197184,5.652310442109565
3192,8847971.391491164,338587.3884105809,148.0701092197184,5.666233463479209
3193,8840420.611167083,339131.2920731959,148.0701092197184,5.680183066592019
3194,8832877.719094645,339675.6640736621,148.0701092197184,5.694159285137569
3195,8825342.705639549,340220.5042155783,148.0701092197184,5.708162152818938
3196,8817815.561180765,340765.812301853,148.0701092197184,5.722191703352533
3197,8810296.2761105,341311.5881347109,148.0701092197184,5.736247970468176
3198,8802784.84083421,341857.8315156914,148.0701092197184,5.750330987908996
3199,8795281.245770533,342404.54224565014,148.0701092197184,5.764440789431449
3200,8787785.48135132,342951.72012475936,148.07010921971843,5.778577408805241
3201,8780297.538021572,343499.3649525066,148.07010921971838,5.792740879813292
3202,8772817.406239456,344047.47652770363,148.0701092197184,5.806931236251821
3203,8765345.076476254,344596.0546484747,148.0701092197184,5.821148511930114
3204,8757880.53921637,345145.0991122697,148.07010921971838,5.83539274067069
3205,8750423.78495729,345694.6097158538,148.0701092197184,5.8496639563090875
3206,8742974.804209568,346244.58625531814,148.0701092197184,5.863962192694004
3207,8735533.58749682,346795.02852607635,148.0701092197184,5.878287483687175
3208,8728100.125355689,347345.9363228606,148.0701092197184,5.892639863163277
3209,8720674.408335825,347897.3094397305,148.0701092197184,5.907019365010025
3210,8713256.426999867,348449.1476700701,148.07010921971838,5.921426023128086
3211,8705846.171923446,349001.4508065893,148.0701092197184,5.935859871431033
3212,8698443.633695127,349554.21864132304,148.0701092197184,5.950320943845312
3213,8691048.802916411,350107.4509656351,148.0701092197184,5.964809274310248
3214,8683661.670201719,350661.1475702149,148.0701092197184,5.979324896777946
3215,8676282.226178376,351215.3082450828,148.0701092197184,5.993867845213328
3216,8668910.461486556,351769.93277958914,148.0701092197184,6.008438153594089
3217,8661546.366779326,352325.02096241224,148.07010921971843,6.023035855910588
3218,8654189.932722542,352880.57258156233,148.0701092197184,6.037660986165913
3219,8646841.149994941,353436.5874243834,148.07010921971843,6.0523135783758
3220,8639500.009288006,353993.0652775519,148.0701092197184,6.066993666568637
3221,8632166.501306014,354550.0059270766,148.0701092197184,6.081701284785373
3222,8624840.616766017,355107.40915830084,148.0701092197184,6.0964364670795055
3223,8617522.346397793,355665.2747559058,148.0701092197184,6.111199247517115
3224,8610211.680943837,356223.6025039043,148.0701092197184,6.1259896601767085
3225,8602908.611159375,356782.3921856507,148.0701092197184,6.140807739149307
3226,8595613.127812292,357341.64358383504,148.07010921971838,6.155653518538346
3227,8588325.22168314,357901.35648048576,148.0701092197184,6.170527032459656
3228,8581044.883565132,358461.5306569714,148.0701092197184,6.185428315041434
3229,8573772.104264088,359022.1658940003,148.0701092197184,6.20035740042421
3230,8566506.874598453,359583.2619716208,148.07010921971838,6.215314322760786
3231,8559249.185399262,360144.8186692267,148.07010921971838,6.230299116216296
3232,8551999.0275101,360706.8357655513,148.0701092197184,6.245311814968063
3233,8544756.391787132,361269.31303867296,148.07010921971838,6.260352453205616
3234,8537521.269099027,361832.2502660142,148.0701092197184,6.275421065130674
3235,8530293.650327004,362395.6472243407,148.0701092197184,6.290517684957029
3236,8523073.526364736,362959.50368976634,148.0701092197184,6.30564234691064
3237,8515860.888118401,363523.81943775475,148.0701092197184,6.320795085229572
3238,8508655.726506634,364088.59424311185,148.0701092197184,6.335975934163832
3239,8501458.032460496,364653.8278799942,148.0701092197184,6.351184927975475
3240,8494267.796923473,365219.5201219094,148.0701092197184,6.366422100938557
3241,8487085.010851467,365785.67074171343,148.0701092197184,6.381687487339032
3242,8479909.66521274,366352.2795116138,148.0701092197184,6.396981121474784
3243,8472741.750987938,366919.3462031719,148.07010921971843,6.412303037655595
3244,8465581.25917005,367486.8705872988,148.07010921971838,6.42765327020303
3245,8458428.180764386,368054.85243426135,148.0701092197184,6.443031853450513
3246,8451282.506788582,368623.29151367943,148.0701092197184,6.458438821743206
3247,8444144.228272537,369192.1875945294,148.07010921971843,6.4738742094380495
3248,8437013.336258441,369761.5404451438,148.0701092197184,6.4893380509036875
3249,8429889.821800753,370331.3498332114,148.0701092197184,6.5048303805204135
3250,8422773.67596614,370901.61552578124,148.07010921971838,6.520351232680231
3251,8415664.889833514,371472.3372892579,148.0701092197184,6.5359006417866805
3252,8408563.45449396,372043.51488940587,148.0701092197184,6.551478642254899
3253,8401469.361050753,372615.14809135295,148.07010921971843,6.567085268511626
3254,8394382.600619346,373187.23665958474,148.0701092197184,6.582720554995032
3255,8387303.164327327,373759.78035795136,148.0701092197184,6.598384536154819
3256,8380231.043314396,374332.7789496671,148.0701092197184,6.614077246452174
3257,8373166.228732392,374906.23219730635,148.0701092197184,6.629798720359604
3258,8366108.711745228,375480.1398628107,148.0701092197184,6.645548992361053
3259,8359058.483528875,376054.5017074868,148.0701092197184,6.661328096951819
3260,8352015.535271389,376629.31749200635,148.0701092197184,6.677136068638464
3261,8344979.8581728395,377204.5869764131,148.0701092197184,6.6929729419389385
3262,8337951.443445333,377780.30992011336,148.0701092197184,6.708838751382326
3263,8330930.282312965,378356.48608188523,148.0701092197184,6.724733531508986
3264,8323916.366011797,378933.11521987704,148.0701092197184,6.740657316870476
3265,8316909.685789899,379510.197091606,148.0701092197184,6.756610142029445
3266,8309910.232907242,380087.7314539622,148.0701092197184,6.772592041559711
3267,8302917.998635762,380665.71806320926,148.0701092197184,6.788603050046164
3268,8295932.974259285,381244.15667498193,148.0701092197184,6.804643202084731
3269,8288955.151073533,381823.04704429203,148.0701092197184,6.8207125322824
3270,8281984.520386119,382402.3889255232,148.0701092197184,6.8368110752570725
3271,8275021.073516491,382982.1820724371,148.0701092197184,6.852938865637661
3272,8268064.801795946,383562.42623817216,148.0701092197184,6.869095938063984
3273,8261115.696567625,384143.1211752432,148.0701092197184,6.885282327186709
3274,8254173.749186438,384724.2666355468,148.0701092197184,6.901498067667437
3275,8247238.951019105,385305.862370355,148.0701092197184,6.9177431941785015
3276,8240311.293444115,385887.9081303239,148.0701092197184,6.934017741403088
3277,8233390.767851697,386470.403665488,148.0701092197184,6.9503217440350955
3278,8226477.365643834,387053.34872526274,148.0701092197184,6.966655236779107
3279,8219571.078234208,387636.7430584522,148.0701092197184,6.9830182543505055
3280,8212671.897048202,388220.5864132407,148.0701092197184,6.999410831475262
3281,8205779.813522906,388804.87853719614,148.0701092197184,7.01583300288993
3282,8198894.819107033,389389.6191772736,148.0701092197184,7.0322848033417085
3283,8192016.905260985,389974.8080798148,148.0701092197184,7.048766267588321
3284,8185146.063456768,390560.44499054796,148.0701092197184,7.065277430398014
3285,8178282.285178002,391146.529654592,148.0701092197184,7.081818326549569
3286,8171425.561919924,391733.06181645155,148.0701092197184,7.098388990832135
3287,8164575.885189327,392320.04122002376,148.0701092197184,7.11498945804535
3288,8157733.246504564,392907.46760859614,148.0701092197184,7.131619762999228
3289,8150897.637395549,393495.34072484623,148.0701092197184,7.148279940514089
3290,8144069.049403716,394083.66031084803,148.0701092197184,7.16497002542065
3291,8137247.474081989,394672.42610806675,148.0701092197184,7.181690052559887
3292,8130432.902994821,395261.6378573607,148.0701092197184,7.198440056782972
3293,8123625.327718108,395851.29529898695,148.0701092197184,7.21522007295139
3294,8116824.739839215,396441.39817259705,148.0701092197184,7.232030135936768
3295,8110031.1309569515,397031.9462172376,148.0701092197184,7.2488702806208485
3296,8103244.492681545,397622.93917135877,148.0701092197184,7.2657405418956
3297,8096464.816634642,398214.3767728048,148.0701092197184,7.282640954662976
3298,8089692.094449254,398806.25875882216,148.0701092197184,7.299571553835053
3299,8082926.317769792,399398.5848660557,148.0701092197184,7.316532374333857
3300,8076167.478252009,399991.35483055527,148.0701092197184,7.333523451091481
3301,8069415.567562988,400584.56838777027,148.0701092197184,7.350544819049921
3302,8062670.577381168,401178.2252725565,148.0701092197184,7.367596513161119
3303,8055932.499396255,401772.3252191706,148.0701092197184,7.384678568386871
3304,8049201.325309256,402366.8679612788,148.0701092197184,7.401791019698904
3305,8042477.046832467,402961.85323194804,148.0701092197184,7.4189339020786385
3306,8035759.655689418,403557.28076365805,148.0701092197184,7.436107250517415
3307,8029049.143614871,404153.1502882907,148.0701092197184,7.453311100016223
3308,8022345.502354844,404749.46153714304,148.0701092197184,7.470545485585856
3309,8015648.723666523,405346.2142409167,148.0701092197184,7.487810442246736
3310,8008958.799318303,405943.4081297267,148.0701092197184,7.505106005028964
3311,8002275.721089745,406541.0429330974,148.0701092197184,7.522432208972229
3312,7995599.480771552,407139.1183799696,148.0701092197184,7.539789089125889
3313,7988930.070165588,407737.63419869123,148.0701092197184,7.557176680548717
3314,7982267.481084828,408336.5901170321,148.0701092197184,7.574595018309158
3315,7975611.705353346,408935.98586217186,148.0701092197184,7.59204413748505
3316,7968962.73480632,409535.82116070687,148.0701092197184,7.6095240731636755
3317,7962320.561289972,410136.09573865304,148.0701092197184,7.627034860441813
3318,7955685.176661616,410736.8093214411,148.0701092197184,7.644576534425532
3319,7949056.572789577,411337.9616339217,148.0701092197184,7.662149130230302
3320,7942434.741553206,411939.55240036774,148.0701092197184,7.679752682980952
3321,7935819.67484288,412541.5813444698,148.0701092197184,7.697387227811523
3322,7929211.364559951,413144.04818934033,148.0701092197184,7.715052799865327
3323,7922609.802616736,413746.9526575163,148.0701092197184,7.732749434294938
3324,7916014.980936532,414350.2944709545,148.0701092197184,7.7504771662620255
3325,7909426.891453549,414954.07335103967,148.0701092197184,7.768236030937506
3326,7902845.526112957,415558.2890185802,148.0701092197184,7.786026063501344
3327,7896270.8768708045,416162.9411938112,148.0701092197184,7.803847299142634
3328,7889702.935694035,416768.0295963942,148.0701092197184,7.821699773059502
3329,7883141.6945604915,417373.55394541787,148.0701092197184,7.839583520459049
3330,7876587.1454588445,417979.51395940274,148.0701092197184,7.857498576557449
3331,7870039.280388642,418585.9093562947,148.0701092197184,7.875444976579708
3332,7863498.091360236,419192.7398534758,148.0701092197184,7.893422755759868
3333,7856963.5703947935,419800.0051677571,148.0701092197184,7.911431949340802
3334,7850435.70952429,420407.70501538,148.0701092197184,7.929472592574178
3335,7843914.500791463,421015.83911202237,148.0701092197184,7.947544720720548
3336,7837399.936249822,421624.4071727966,148.0701092197184,7.96564836904924
3337,7830892.007963625,422233.4089122479,148.0701092197184,7.983783572838282
3338,7824390.708007867,422842.8440443616,148.0701092197184,8.001950367374475
3339,7817896.028468245,423452.7122825565,148.0701092197184,8.020148787953252
3340,7811407.961441172,424063.01333969197,148.0701092197184,8.038378869878716
3341,7804926.499033722,424673.7469280659,148.0701092197184,8.056640648463599
3342,7798451.63336367,425284.9127594146,148.0701092197184,8.074934159029146
3343,7791983.356559413,425896.5105449166,148.0701092197184,8.093259436905203
3344,7785521.660759994,426508.53999519453,148.0701092197184,8.111616517430164
3345,7779066.53811509,427121.00082030916,148.0701092197184,8.130005435950794
3346,7772617.980784962,427733.89272976917,148.0701092197184,8.148426227822409
3347,7766175.980940474,428347.2154325243,148.0701092197184,8.166878928408646
3348,7759740.530763067,428960.96863697213,148.0701092197184,8.18536357308157
3349,7753311.6224447135,429575.15205095743,148.0701092197184,8.203880197221618
3350,7746889.248187966,430189.76538176945,148.0701092197184,8.222428836217448
3351,7740473.400205881,430804.8083361496,148.0701092197184,8.241009525466085
3352,7734064.070722018,431420.28062028444,148.0701092197184,8.25962230037273
3353,7727661.251970462,432036.1819398144,148.0701092197184,8.278267196350829
3354,7721264.936195745,432652.5119998287,148.0701092197184,8.296944248821989
3355,7714875.115652879,433269.2705048695,148.0701092197184,8.315653493215962
3356,7708491.782607331,433886.4571589317,148.0701092197184,8.334394964970587
3357,7702114.929334987,434504.071665466,148.0701092197184,8.35316869953184
3358,7695744.548122164,435122.1137273749,148.0701092197184,8.371974732353653
3359,7689380.631265572,435740.5830470191,148.0701092197184,8.39081309889802
3360,7683023.171072303,436359.4793262151,148.0701092197184,8.409683834634901
3361,7676672.159859841,436978.802266235,148.0701092197184,8.428586975042125
3362,7670327.589956008,437598.55156781623,148.0701092197184,8.447522555605575
3363,7663989.453698978,438218.72693114803,148.0701092197184,8.466490611818845
3364,7657657.743437241,438839.3280558846,148.0701092197184,8.485491179183464
3365,7651332.451529596,439460.3546411404,148.0701092197184,8.50452429320874
3366,7645013.570345156,440081.8063854929,148.0701092197184,8.523589989411745
3367,7638701.092263291,440703.68298698094,148.0701092197184,8.542688303317265
3368,7632395.009673643,441325.98414311116,148.0701092197184,8.561819270457857
3369,7626095.314976118,441948.7095508526,148.0701092197184,8.580982926373677
3370,7619802.000580836,442571.8589066409,148.0701092197184,8.600179306612537
3371,7613515.058908138,443195.43190637976,148.0701092197184,8.619408446729876
3372,7607234.482388588,443819.4282454408,148.0701092197184,8.638670382288673
3373,7600960.263462909,444443.84761866205,148.0701092197184,8.65796514885942
3374,7594692.394582032,445068.6897203568,148.0701092197184,8.677292782020176
3375,7588430.868207023,445693.9542443032,148.0701092197184,8.69665331735638
3376,7582175.676809091,446319.64088375703,148.0701092197184,8.716046790461007
3377,7575926.812869593,446945.74933144194,148.0701092197184,8.735473236934327
3378,7569684.268879974,447572.2792795576,148.0701092197184,8.754932692384031
3379,7563448.0373418,448199.23041977733,148.0701092197184,8.774425192425113
3380,7557218.110766716,448826.6024432528,148.0701092197184,8.79395077267991
3381,7550994.481676418,449454.39504060947,148.0701092197184,8.813509468777996
3382,7544777.142602688,450082.6079019502,148.0701092197184,8.833101316356133
3383,7538566.086087313,450711.24071685865,148.0701092197184,8.852726351058362
3384,7532361.304682122,451340.2931743938,148.0701092197184,8.87238460853579
3385,7526162.790948968,451969.76496310096,148.0701092197184,8.892076124446746
3386,7519970.5374596715,452599.6557710019,148.0701092197184,8.9118009344566
3387,7513784.536796039,453229.96528560267,148.0701092197184,8.931559074237805
3388,7507604.781549859,453860.6931938905,148.0701092197184,8.951350579469787
3389,7501431.26432285,454491.83918234025,148.0701092197184,8.971175485839053
3390,7495263.977726682,455123.40293690836,148.0701092197184,8.991033829038987
3391,7489102.914382941,455755.3841430404,148.0701092197184,9.010925644769962
3392,7482948.066923109,456387.7824856669,148.0701092197184,9.030850968739214
3393,7476799.427988575,457020.59764920594,148.0701092197184,9.05080983666081
3394,7470656.9902305985,457653.82931756706,148.0701092197184,9.070802284255699
3395,7464520.746310309,458287.4771741462,148.0701092197184,9.090828347251547
3396,7458390.688898665,458921.5409018332,148.0701092197184,9.110888061382857
3397,7452266.810676477,459556.0201830094,148.0701092197184,9.130981462390826
3398,7446149.104334374,460190.91469954734,148.0701092197184,9.151108586023314
3399,7440037.56257278,460826.2241328121,148.0701092197184,9.171269468034817
3400,7433932.178101904,461461.9481636686,148.0701092197184,9.191464144186574
3401,7427832.943641756,462098.0864724702,148.0701092197184,9.211692650246224
3402,7421739.851922076,462734.6387390718,148.0701092197184,9.231955021988108
3403,7415652.89568238,463371.6046428264,148.0701092197184,9.252251295193062
3404,7409572.067671894,464008.98386258254,148.0701092197184,9.272581505648368
3405,7403497.360649571,464646.77607668884,148.0701092197184,9.292945689147775
3406,7397428.767384076,465284.98096299387,148.0701092197184,9.31334388149142
3407,7391366.280653741,465923.59819884907,148.0701092197184,9.33377611848589
3408,7385309.893246588,466562.62746110774,148.0701092197184,9.354242435944098
3409,7379259.597960315,467202.0684261258,148.0701092197184,9.374742869685235
3410,7373215.387602233,467841.920769765,148.0701092197184,9.395277455534854
3411,7367177.254989316,468482.18416738906,148.0701092197184,9.415846229324657
3412,7361145.19294814,469122.85829387023,148.0701092197184,9.436449226892625
3413,7355119.194314874,469763.9428235889,148.0701092197184,9.457086484082962
3414,7349099.251935306,470405.4374304281,148.0701092197184,9.47775803674587
3415,7343085.358664785,471047.34178778797,148.0701092197184,9.498463920737848
3416,7337077.507368213,471689.6555685716,148.0701092197184,9.519204171921345
3417,7331075.690920057,472332.37844519695,148.0701092197184,9.539978826164917
3418,7325079.902204301,472975.5100895919,148.0701092197184,9.560787919343111
3419,7319090.134114458,473619.0501731996,148.0701092197184,9.581631487336493
3420,7313106.379553548,474262.9983669719,148.0701092197184,9.602509566031463
3421,7307128.631434073,474907.35434138204,148.0701092197184,9.623422191320486
3422,7301156.882678027,475552.1177664141,148.0701092197184,9.644369399101782
3423,7295191.126216853,476197.2883115714,148.0701092197184,9.665351225279489
3424,7289231.354991446,476842.86564587353,148.0701092197184,9.68636770576352
3425,7283277.561952149,477488.8494378579,148.0701092197184,9.707418876469534
3426,7277329.740058704,478135.2393555842,148.0701092197184,9.728504773319019
3427,7271387.882280295,478782.0350666307,148.0701092197184,9.749625432239084
3428,7265451.981595469,479429.2362380988,148.0701092197184,9.77078088916259
3429,7259522.030992157,480076.8425366098,148.0701092197184,9.791971180027977
3430,7253598.023467676,480724.8536283108,148.0701092197184,9.813196340779323
3431,7247679.952028678,481373.269178871,148.0701092197184,9.834456407366249
3432,7241767.809691153,482022.0888534876,148.0701092197184,9.855751415743974
3433,7235861.589480434,482671.3123168817,148.0701092197184,9.87708140187315
3434,7229961.284431148,483320.9392333041,148.0701092197184,9.898446401719974
3435,7224066.887587221,483970.96926653094,148.0701092197184,9.919846451256019
3436,7218178.392001876,484621.40207987075,148.0701092197184,9.941281586458313
3437,7212295.790737591,485272.23733616015,148.0701092197184,9.962751843309233
3438,7206419.07686611,485923.4746977652,148.0701092197184,9.984257257796436
3439,7200548.2434684215,486575.11382658896,148.0701092197184,10.005797865913001
3440,7194683.283634736,487227.1543840647,148.0701092197184,10.027373703657211
3441,7188824.190464485,487879.596031159,148.0701092197184,10.048984807032568
3442,7182970.957066297,488532.4384283744,148.0701092197184,10.070631212047806
3443,7177123.576558005,489185.6812357487,148.0701092197184,10.09231295471679
3444,7171282.042066597,489839.3241128579,148.0701092197184,10.114030071058576
3445,7165446.3467282355,490493.3667188156,148.0701092197184,10.135782597097291
3446,7159616.48368823,491147.8087122729,148.0701092197184,10.157570568862111
3447,7153792.446101022,491802.649751424,148.0701092197184,10.179394022387314
3448,7147974.227130173,492457.88949399843,148.0701092197184,10.201252993712066
3449,7142161.819948363,493113.52759727323,148.0701092197184,10.223147518880602
3450,7136355.217737355,493769.56371806405,148.0701092197184,10.245077633942026
3451,7130554.413687995,494425.99751273345,148.0701092197184,10.2670433749504
3452,7124759.401000211,495082.82863718574,148.0701092197184,10.289044777964575
3453,7118970.172882962,495740.05674687296,148.0701092197184,10.311081879048302
3454,7113186.722554279,496397.6814967927,148.0701092197184,10.33315471427008
3455,7107409.043241191,497055.7025414896,148.0701092197184,10.35526331970319
3456,7101637.128179752,497714.11953505856,148.0701092197184,10.377407731425663
3457,7095870.97061504,498372.93213114387,148.0701092197184,10.399587985520208
3458,7090110.563801082,499032.13998293877,148.0701092197184,10.421804118074206
3459,7084355.901000919,499691.742743188,148.0701092197184,10.44405616517962
3460,7078606.97548653,500351.74006419035,148.0701092197184,10.46634416293308
3461,7072863.780538841,501012.1315977963,148.0701092197184,10.488668147435734
3462,7067126.309447735,501672.91699541186,148.0701092197184,10.511028154793266
3463,7061394.555512001,502334.09590799775,148.0701092197184,10.533424221115853
3464,7055668.512039341,502995.6679860725,148.0701092197184,10.55585638251817
3465,7049948.172346361,503657.6328797092,148.0701092197184,10.57832467511925
3466,7044233.529758541,504319.9902385405,148.0701092197184,10.600829135042558
3467,7038524.577610231,504982.73971176025,148.0701092197184,10.62336979841596
3468,7032821.309244653,505645.88094811677,148.0701092197184,10.645946701371509
3469,7027123.7180138575,506309.4135959269,148.0701092197184,10.668559880045738
3470,7021431.797278737,506973.3373030644,148.0701092197184,10.6912093705793
3471,7015745.540409003,507637.6517169681,148.0701092197184,10.713895209117123
3472,7010064.940783154,508302.35648464155,148.0701092197184,10.73661743180837
3473,7004389.991788512,508967.45125264925,148.0701092197184,10.759376074806223
3474,6998720.686821155,509632.9356671287,148.0701092197184,10.782171174268182
3475,6993057.019285944,510298.8093737775,148.0701092197184,10.80500276635566
3476,6987398.982596486,510965.0720178642,148.0701092197184,10.82787088723421
3477,6981746.570175123,511631.7232442276,148.0701092197184,10.850775573073443
3478,6976099.7754529435,512298.7626972736,148.0701092197184,10.873716860046876
3479,6970458.591869733,512966.19002097915,148.0701092197184,10.896694784332015
3480,6964823.012873995,513634.00485889794,148.0701092197184,10.919709382110373
3481,6959193.03192292,514302.2068541501,148.0701092197184,10.942760689567216
3482,6953568.642482371,514970.79564943153,148.0701092197184,10.965848742891723
3483,6947949.838026874,515639.77088701515,148.0701092197184,10.988973578276948
3484,6942336.612039624,516309.1322087447,148.0701092197184,11.012135231919595
3485,6936728.958012433,516978.8792560467,148.0701092197184,11.0353337400203
3486,6931126.869445761,517649.01166992047,148.0701092197184,11.058569138783273
3487,6925530.339848667,518319.5290909472,148.0701092197184,11.081841464416515
3488,6919939.362738819,518990.43115928635,148.0701092197184,11.10515075313164
3489,6914353.9316424765,519661.71751467464,148.0701092197184,11.128497041143804
3490,6908774.040094465,520333.3877964377,148.0701092197184,11.151880364671928
3491,6903199.681638189,521005.4416434745,148.0701092197184,11.175300759938272
3492,6897630.849825595,521677.8786942769,148.0701092197184,11.198758263168827
3493,6892067.538217166,522350.6985869159,148.0701092197184,11.222252910592958
3494,6886509.740381923,523023.9009590468,148.0701092197184,11.245784738443456
3495,6880957.4498973945,523697.48544791364,148.0701092197184,11.26935378295658
3496,6875410.660349606,524371.4516903488,148.0701092197184,11.292960080372008
3497,6869869.365333079,525045.7993227681,148.0701092197184,11.316603666932652
3498,6864333.558450816,525720.5279811847,148.0701092197184,11.340284578884921
3499,6858803.233314266,526395.6373011938,148.0701092197184,11.364002852478347
3500,6853278.383543357,527071.126917987,148.0701092197184,11.387758523965795
3501,6847759.00276643,527746.9964663466,148.0701092197184,11.41155162960335
3502,6842245.084620277,528423.2455806466,148.0701092197184,11.435382205650221
3503,6836736.622750085,529099.8738948561,148.0701092197184,11.459250288368818
3504,6831233.610809455,529776.8810425428,148.0701092197184,11.483155914024726
3505,6825736.042460382,530454.2666568643,148.0701092197184,11.507099118886478
3506,6820243.911373226,531132.030370581,148.0701092197184,11.5310799392258
3507,6814757.211226732,531810.1718160457,148.0701092197184,11.555098411317296
3508,6809275.935707978,532488.6906252147,148.0701092197184,11.579154571438673
3509,6803800.078512394,533167.5864296424,148.0701092197184,11.60324845587054
3510,6798329.633343747,533846.858860485,148.0701092197184,11.627380100896431
3511,6792864.593914106,534526.5075485002,148.0701092197184,11.651549542802774
3512,6787404.953943857,535206.5321240469,148.0701092197184,11.675756817878804
3513,6781950.707161682,535886.9322170916,148.0701092197184,11.700001962416637
3514,6776501.847304527,536567.7074572,148.0701092197184,11.724285012711096
3515,6771058.368117616,537248.8574735501,148.0701092197184,11.748606005059868
3516,6765620.263354444,537930.3818949229,148.0701092197184,11.772964975763259
3517,6760187.526776726,538612.2803497071,148.0701092197184,11.797361961124302
3518,6754760.152154431,539294.5524659009,148.0701092197184,11.82179699744866
3519,6749338.133265736,539977.1978711121,148.0701092197184,11.846270121044636
3520,6743921.463897026,540660.2161925603,148.0701092197184,11.870781368223144
3521,6738510.137842897,541343.6070570715,148.0701092197184,11.895330775297513
3522,6733104.148906112,542027.3700910924,148.0701092197184,11.919918378583798
3523,6727703.490897627,542711.5049206767,148.0701092197184,11.94454421440036
3524,6722308.157636542,543396.0111714969,148.0701092197184,11.969208319068132
3525,6716918.142950105,544080.8884688374,148.0701092197184,11.9939107289104
3526,6711533.440673718,544766.1364376007,148.0701092197184,12.018651480252831
3527,6706154.044650898,545451.7547023067,148.0701092197184,12.043430609423465
3528,6700779.948733272,546137.7428870945,148.0701092197184,12.06824815275269
3529,6695411.146780579,546824.1006157213,148.0701092197184,12.093104146573124
3530,6690047.632660644,547510.8275115655,148.0701092197184,12.117998627219674
3531,6684689.400249361,548197.9231976266,148.0701092197184,12.142931631029468
3532,6679336.443430705,548885.3872965242,148.0701092197184,12.167903194341756
3533,6673988.756096691,549573.2194305036,148.0701092197184,12.192913353498014
3534,6668646.3321474,550261.4192214359,148.0701092197184,12.217962144841835
3535,6663309.165490922,550949.986290813,148.0701092197184,12.243049604718838
3536,6657977.250043368,551638.9202597573,148.0701092197184,12.268175769476796
3537,6652650.57972887,552328.220749014,148.0701092197184,12.293340675465378
3538,6647329.1484795455,553017.8873789577,148.0701092197184,12.318544359036288
3539,6642012.95023551,553707.9197695956,148.0701092197184,12.343786856543241
3540,6636701.978944834,554398.3175405599,148.0701092197184,12.369068204341799
3541,6631396.228563558,555089.0803111182,148.0701092197184,12.394388438789477
3542,6626095.693055683,555780.2077001649,148.0701092197184,12.419747596245532
3543,6620800.36639313,556471.6993262332,148.0701092197184,12.445145713071193
3544,6615510.242555752,557163.5548074853,148.0701092197184,12.470582825629364
3545,6610225.315531324,557855.7737617191,148.0701092197184,12.49605897028471
3546,6604945.579315525,558548.3558063715,148.0701092197184,12.521574183403686
3547,6599671.027911913,559241.3005585147,148.0701092197184,12.547128501354427
3548,6594401.655331948,559934.6076348558,148.0701092197184,12.57272196050663
3549,6589137.455594936,560628.2766517437,148.0701092197184,12.59835459723172
3550,6583878.422728063,561322.3072251658,148.0701092197184,12.624026447902647
3551,6578624.55076634,562016.6989707485,148.0701092197184,12.649737548893912
3552,6573375.8337526275,562711.4515037652,148.0701092197184,12.675487936581652
3553,6568132.265737615,563406.5644391258,148.0701092197184,12.70127764734333
3554,6562893.84077978,564102.0373913875,148.0701092197184,12.727106717558009
3555,6557660.552945429,564797.8699747487,148.0701092197184,12.752975183606045
3556,6552432.396308643,565494.0618030549,148.0701092197184,12.778883081869251
3557,6547209.364951281,566190.6124898026,148.0701092197184,12.804830448730913
3558,6541991.452962975,566887.5216481283,148.0701092197184,12.830817320575441
3559,6536778.654441108,567584.7888908186,148.0701092197184,12.856843733788613
3560,6531570.963490808,568282.4138303137,148.0701092197184,12.88290972475755
3561,6526368.374224946,568980.3960786994,148.0701092197184,12.909015329870474
3562,6521170.880764095,569678.7352477136,148.0701092197184,12.935160585516861
3563,6515978.477236557,570377.4309487495,148.0701092197184,12.961345528087392
3564,6510791.157778327,571076.4827928507,148.0701092197184,12.98757019397381
3565,6505608.91653309,571775.8903907156,148.0701092197184,13.013834619568984
3566,6500431.747652208,572475.6533526944,148.0701092197184,13.040138841266756
3567,6495259.645294706,573175.7712888006,148.0701092197184,13.066482895462183
3568,6490092.603627261,573876.2438086966,148.0701092197184,13.092866818551128
3569,6484930.616824211,574577.0705217095,148.0701092197184,13.11929064693054
3570,6479773.679067509,575278.2510368238,148.0701092197184,13.145754416998308
3571,6474621.784546741,575979.7849626791,148.0701092197184,13.17225816515308
3572,6469474.927459095,576681.6719075808,148.0701092197184,13.198801927794502
3573,6464333.102009361,577383.9114794959,148.0701092197184,13.225385741323047
3574,6459196.302409924,578086.50328605,148.0701092197184,13.252009642139875
3575,6454064.52288074,578789.4469345377,148.0701092197184,13.278673666647045
3576,6448937.757649335,579492.7420319157,148.0701092197184,13.305377851247293
3577,6443816.000950791,580196.388184807,148.0701092197184,13.332122232344073
3578,6438699.247027739,580900.3849994985,148.0701092197184,13.358906846341421
3579,6433587.490130325,581604.7320819501,148.0701092197184,13.385731729644188
3580,6428480.724516242,582309.4290377832,148.0701092197184,13.412596918657615
3581,6423378.944450682,583014.4754722973,148.0701092197184,13.439502449787735
3582,6418282.144206344,583719.8709904536,148.0701092197184,13.466448359440909
3583,6413190.318063416,584425.6151968921,148.0701092197184,13.493434684024175
3584,6408103.460309557,585131.7076959198,148.0701092197184,13.520461459944944
3585,6403021.565239908,585838.1480915172,148.0701092197184,13.54752872361103
3586,6397944.627157055,586544.9359873441,148.0701092197184,13.574636511430818
3587,6392872.64037105,587252.0709867299,148.0701092197184,13.601784859812879
3588,6387805.599199361,587959.5526926845,148.0701092197184,13.628973805166277
3589,6382743.497966886,588667.3807078919,148.0701092197184,13.656203383900314
3590,6377686.331005955,589375.5546347152,148.0701092197184,13.68347363242454
3591,6372634.092656275,590084.0740751971,148.0701092197184,13.710784587148831
3592,6367586.777264962,590792.9386310588,148.0701092197184,13.738136284483208
3593,6362544.379186523,591502.1479037041,148.0701092197184,13.765528760837883
3594,6357506.892782823,592211.7014942188,148.0701092197184,13.792962052623253
3595,6352474.312423084,592921.5990033696,148.0701092197184,13.820436196249794
3596,6347446.632483898,593631.8400316106,148.0701092197184,13.847951228128103
3597,6342423.847349175,594342.4241790752,148.0701092197184,13.875507184668747
3598,6337405.951410175,595053.3510455864,148.0701092197184,13.903104102282354
3599,6332392.939065469,595764.6202306536,148.0701092197184,13.930742017379552
3600,6327384.804720921,596476.2313334753,148.0701092197184,13.958420966370987
3601,6322381.542789725,597188.1839529342,148.0701092197184,13.986140985667053
3602,6317383.147692328,597900.4776876055,148.0701092197184,14.013902111678162
3603,6312389.613856483,598613.1121357551,148.0701092197184,14.041704380814542
3604,6307400.935717185,599326.0868953364,148.0701092197184,14.069547829486194
3605,6302417.107716699,600039.4015640037,148.0701092197184,14.097432494103073
3606,6297438.124304535,600753.0557390965,148.0701092197184,14.125358411074709
3607,6292463.979937433,601467.0490176505,148.0701092197184,14.153325616810406
3608,6287494.669079351,602181.3809963999,148.0701092197184,14.181334147719257
3609,6282530.186201479,602896.0512717708,148.0701092197184,14.209384040209873
3610,6277570.525782191,603611.0594398882,148.0701092197184,14.23747533069057
3611,6272615.68230707,604326.405096578,148.0701092197184,14.265608055569302
3612,6267665.650268873,605042.0878373587,148.0701092197184,14.293782251253454
3613,6262720.424167526,605758.1072574566,148.0701092197184,14.321997954150122
3614,6257779.998510133,606474.4629517922,148.0701092197184,14.350255200665718
3615,6252844.367810926,607191.15451499,148.0701092197184,14.378554027206215
3616,6247913.526591295,607908.1815413805,148.0701092197184,14.406894470177061
3617,6242987.46937976,608625.543624993,148.0701092197184,14.435276565983004
3618,6238066.190711957,609343.240359566,148.0701092197184,14.463700351028262
3619,6233149.685130633,610061.2713385393,148.0701092197184,14.492165861716284
3620,6228237.947185642,610779.6361550635,148.0701092197184,14.520673134449929
3621,6223330.971433911,611498.334401994,148.0701092197184,14.54922220563128
3622,6218428.752439465,612217.3656718949,148.0701092197184,14.577813111661637
3623,6213531.284773393,612936.7295570399,148.0701092197184,14.60644588894153
3624,6208638.563013837,613656.4256494171,148.0701092197184,14.635120573870761
3625,6203750.581745997,614376.4535407178,148.0701092197184,14.663837202848077
3626,6198867.335562106,615096.812822353,148.0701092197184,14.692595812271517
3627,6193988.819061424,615817.5030854433,148.0701092197184,14.721396438538132
3628,6189115.026850241,616538.523920822,148.0701092197184,14.750239118043952
3629,6184245.953541842,617259.8749190436,148.0701092197184,14.779123887184207
3630,6179381.593756525,617981.5556703706,148.0701092197184,14.808050782352876
3631,6174521.9421215635,618703.56576479,148.0701092197184,14.837019839943109
3632,6169666.993271209,619425.904792002,148.0701092197184,14.866031096346859
3633,6164816.741846696,620148.5723414272,148.0701092197184,14.895084587954983
3634,6159971.182496193,620871.5680022046,148.0701092197184,14.924180351157199
3635,6155130.309874853,621594.8913631957,148.0701092197184,14.953318422342019
3636,6150294.118644732,622318.542012984,148.0701092197184,14.98249883789684
3637,6145462.6034748275,623042.519539874,148.0701092197184,15.011721634207738
3638,6140635.759041065,623766.8235318945,148.0701092197184,15.040986847659527
3639,6135813.580026261,624491.4535767973,148.0701092197184,15.070294514635714
3640,6130996.0611201385,625216.4092620638,148.0701092197184,15.099644671518554
3641,6126183.19701932,625941.6901748976,148.0701092197184,15.12903735468881
3642,6121374.982427289,626667.2959022296,148.0701092197184,15.158472600525892
3643,6116571.412054399,627393.2260307241,148.0701092197184,15.187950445407893
3644,6111772.480617882,628119.4801467663,148.0701092197184,15.217470925711199
3645,6106978.182841789,628846.0578364806,148.0701092197184,15.247034077810996
3646,6102188.51345704,629572.9586857123,148.0701092197184,15.276639938080626
3647,6097403.467201369,630300.1822800492,148.0701092197184,15.30628854289217
3648,6092623.038819321,631027.7282048059,148.0701092197184,15.335979928615975
3649,6087847.223062275,631755.5960450297,148.0701092197184,15.365714131620702
3650,6083076.01468838,632483.7853855075,148.0701092197184,15.39549118827353
3651,6078309.4084626045,633212.2958107569,148.0701092197184,15.425311134939772
3652,6073547.399156682,633941.126905038,148.0701092197184,15.455174007983203
3653,6068789.981549109,634670.2782523434,148.0701092197184,15.485079843765739
3654,6064037.150425164,635399.7494364049,148.0701092197184,15.515028678647482
3655,6059288.90057686,636129.5400406956,148.0701092197184,15.545020548986816
3656,6054545.226802952,636859.649648429,148.0701092197184,15.57505549114028
3657,6049806.123908938,637590.0778425557,148.0701092197184,15.605133541462397
3658,6045071.586707032,638320.8242057756,148.0701092197184,15.635254736305985
3659,6040341.610016155,639051.8883205259,148.0701092197184,15.665419112021791
3660,6035616.188661943,639783.2697689905,148.0701092197184,15.695626704958624
3661,6030895.317476707,640514.9681330988,148.0701092197184,15.725877551463354
3662,6026178.99129947,641246.9829945221,148.0701092197184,15.756171687880638
3663,6021467.204975893,641979.3139346816,148.0701092197184,15.786509150553242
3664,6016759.953358332,642711.960534751,148.0701092197184,15.816889975821882
3665,6012057.231305786,643444.9223756441,148.0701092197184,15.847314200024945
3666,6007359.033683895,644178.1990380277,148.0701092197184,15.877781859498775
3667,6002665.355364951,644911.7901023208,148.0701092197184,15.908292990577516
3668,5997976.191227851,645645.6951486917,148.0701092197184,15.938847629593084
3669,5993291.536158113,646379.9137570631,148.0701092197184,15.969445812875191
3670,5988611.385047884,647114.4455071092,148.0701092197184,16.000087576751156
3671,5983935.732795886,647849.2899782606,148.0701092197184,16.030772957546098
3672,5979264.5743074315,648584.4467497001,148.0701092197184,16.061501991582706
3673,5974597.904494424,649319.915400369,148.0701092197184,16.092274715181325
3674,5969935.71827533,650055.6955089648,148.0701092197184,16.123091164659886
3675,5965278.010575168,650791.7866539417,148.0701092197184,16.15395137633386
3676,5960624.776325522,651528.188413516,148.0701092197184,16.18485538651629
3677,5955976.010464509,652264.900365662,148.0701092197184,16.215803231517704
3678,5951331.7079367805,653001.9220881134,148.0701092197184,16.246794947646045
3679,5946691.863693511,653739.2531583649,148.0701092197184,16.277830571206675
3680,5942056.472692377,654476.8931536783,148.0701092197184,16.3089101385025
3681,5937425.529897581,655214.8416510744,148.0701092197184,16.34003368583363
3682,5932799.030279797,655953.0982273407,148.0701092197184,16.371201249497645
3683,5928176.968816207,656691.6624590283,148.0701092197184,16.4024128657893
3684,5923559.34049045,657430.5339224568,148.0701092197184,16.43366857100077
3685,5918946.140292642,658169.7121937105,148.0701092197184,16.464968401421373
3686,5914337.3632193515,658909.1968486434,148.0701092197184,16.496312393337693
3687,5909733.004273597,659648.9874628759,148.0701092197184,16.52770058303344
3688,5905133.058464837,660389.0836118041,148.0701092197184,16.55913300678961
3689,5900537.520808966,661129.4848705878,148.0701092197184,16.59060970088414
3690,5895946.386328287,661870.1908141624,148.0701092197184,16.622130701592177
3691,5891359.650051516,662611.2010172359,148.0701092197184,16.653696045185935
3692,5886777.307013786,663352.5150542867,148.0701092197184,16.685305767934516
3693,5882199.352256602,664094.132499571,148.0701092197184,16.716959906104186
3694,5877625.780827873,664836.0529271225,148.0701092197184,16.748658495958168
3695,5873056.58778187,665578.2759107426,148.0701092197184,16.780401573756443
3696,5868491.76817923,666320.8010240194,148.0701092197184,16.812189175756128
3697,5863931.317086956,667063.6278403135,148.0701092197184,16.844021338211064
3698,5859375.229578385,667806.7559327647,148.0701092197184,16.87589809737197
3699,5854823.50073321,668550.1848742939,148.0701092197184,16.907819489486343
3700,5850276.125637441,669293.914237603,148.0701092197184,16.93978555079853
3701,5845733.099383404,670037.943595178,148.0701092197184,16.97179631754968
3702,5841194.417069754,670782.2725192795,148.0701092197184,17.00385182597742
3703,5836660.073801435,671526.9005819613,148.0701092197184,17.035952112316338
3704,5832130.064689679,672271.8273550541,148.0701092197184,17.06809721279752
3705,5827604.384852021,673017.052410177,148.0701092197184,17.100287163648694
3706,5823083.029412262,673762.575318737,148.0701092197184,17.132522001094248
3707,5818565.99350046,674508.3956519273,148.0701092197184,17.164801761355157
3708,5814053.272252946,675254.5129807253,148.0701092197184,17.197126480648762
3709,5809544.860812292,676000.9268759028,148.0701092197184,17.229496195189103
3710,5805040.754327311,676747.6369080172,148.0701092197184,17.26191094118655
3711,5800540.947953044,677494.6426474174,148.0701092197184,17.29437075484796
3712,5796045.436850759,678241.9436642474,148.0701092197184,17.32687567237667
3713,5791554.216187935,678989.539528439,148.0701092197184,17.359425729972276
3714,5787067.2811382525,679737.4298097229,148.0701092197184,17.3920209638309
3715,5782584.626881592,680485.6140776154,148.0701092197184,17.424661410144704
3716,5778106.248604014,681234.0919014383,148.0701092197184,17.45734710510245
3717,5773632.14149776,681982.8628503004,148.0701092197184,17.49007808488891
3718,5769162.300761251,682731.9264931169,148.0701092197184,17.5228543856853
3719,5764696.721599045,683481.2823985906,148.0701092197184,17.555676043668814
3720,5760235.399221871,684230.9301352318,148.0701092197184,17.588543095012998
3721,5755778.328846595,684980.8692713446,148.0701092197184,17.621455575887392
3722,5751325.505696216,685731.0993750369,148.0701092197184,17.654413522457727
3723,5746876.924999845,686481.6200142168,148.0701092197184,17.687416970885806
3724,5742432.581992743,687232.4307565958,148.0701092197184,17.720465957329424
3725,5737992.471916239,687983.5311696894,148.0701092197184,17.753560517942503
3726,5733556.590017792,688734.9208208115,148.0701092197184,17.78670068887472
3727,5729124.931550932,689486.5992770903,148.0701092197184,17.819886506272002
3728,5724697.491775276,690238.5661054517,148.0701092197184,17.853118006275967
3729,5720274.265956519,690990.820872631,148.0701092197184,17.886395225024174
3730,5715855.249366416,691743.3631451771,148.0701092197184,17.919718198650212
3731,5711440.437282776,692496.1924894386,148.0701092197184,17.953086963283265
3732,5707029.824989458,693249.3084715769,148.0701092197184,17.98650155504843
3733,5702623.407776356,694002.7106575678,148.0701092197184,18.019962010066642
3734,5698221.180939399,694756.3986131903,148.0701092197184,18.05346836445438
3735,5693823.139780533,695510.3719040435,148.0701092197184,18.087020654324043
3736,5689429.27960771,696264.630095534,148.0701092197184,18.120618915783602
3737,5685039.595734908,697019.1727528872,148.0701092197184,18.15426318493672
3738,5680654.083482081,697773.9994411381,148.0701092197184,18.187953497882614
3739,5676272.738175168,698529.1097251418,148.0701092197184,18.221689890716195
3740,5671895.555146104,699284.503169565,148.0701092197184,18.255472399527783
3741,5667522.529732772,700040.1793388999,148.0701092197184,18.289301060403474
3742,5663153.657279043,700796.1377974473,148.0701092197184,18.32317590942454
3743,5658788.933134719,701552.3781093344,148.0701092197184,18.357096982667983
3744,5654428.352655551,702308.8998385078,148.0701092197184,18.3910643162062
3745,5650071.911203234,703065.7025487284,148.0701092197184,18.425077946106807
3746,5645719.604145382,703822.7858035889,148.0701092197184,18.45913790843309
3747,5641371.426855536,704580.1491664953,148.0701092197184,18.493244239243396
3748,5637027.374713142,705337.7922006868,148.0701092197184,18.527396974591674
3749,5632687.44310355,706095.7144692179,148.0701092197184,18.561596150526924
3750,5628351.627418006,706853.9155349755,148.0701092197184,18.59584180309356
3751,5624019.923053641,707612.3949606677,148.0701092197184,18.630133968331116
3752,5619692.325413453,708371.1523088323,148.0701092197184,18.66447268227441
3753,5615368.829906334,709130.1871418348,148.0701092197184,18.698857980953367
3754,5611049.431947012,709889.4990218707,148.0701092197184,18.733289900393128
3755,5606734.126956075,710649.0875109632,148.0701092197184,18.76776847661389
3756,5602422.910359964,711408.9521709657,148.0701092197184,18.802293745630884
3757,5598115.777590941,712169.092563567,148.0701092197184,18.83686574345453
3758,5593812.724087106,712929.5082502811,148.0701092197184,18.87148450609006
3759,5589513.745292377,713690.1987924632,148.0701092197184,18.906150069537908
3760,5585218.836656477,714451.1637512995,148.0701092197184,18.940862469793405
3761,5580927.993634943,715212.4026878102,148.0701092197184,18.975621742846744
3762,5576641.211689089,715973.9151628498,148.0701092197184,19.010427924683047
3763,5572358.486286037,716735.7007371134,148.0701092197184,19.045281051282338
3764,5568079.812898665,717497.7589711304,148.0701092197184,19.080181158619457
3765,5563805.187005637,718260.0894252721,148.0701092197184,19.115128282664113
3766,5559534.604091373,719022.6916597473,148.0701092197184,19.15012245938075
3767,5555268.059646049,719785.5652346032,148.0701092197184,19.185163724728536
3768,5551005.549165577,720548.7097097299,148.0701092197184,19.220252114661406
3769,5546747.068151621,721312.1246448595,148.0701092197184,19.255387665127973
3770,5542492.612111563,722075.809599565,148.0701092197184,19.290570412071496
3771,5538242.176558507,722839.7641332683,148.0701092197184,19.32580039143
3772,5533995.757011277,723603.9878052282,148.0701092197184,19.36107763913589
3773,5529753.348994396,724368.4801745552,148.0701092197184,19.39640219111634
3774,5525514.9480380835,725133.2408002028,148.0701092197184,19.43177408329298
3775,5521280.549678253,725898.26924097,148.0701092197184,19.467193351581905
3776,5517050.149456483,726663.5650555091,148.0701092197184,19.50266003189389
3777,5512823.742920051,727429.1278023154,148.0701092197184,19.538174160133927
3778,5508601.325621875,728194.9570397391,148.0701092197184,19.57373577220165
3779,5504382.893120541,728961.0523259772,148.0701092197184,19.609344903990962
3780,5500168.440980287,729727.413219078,148.0701092197184,19.645001591390123
3781,5495957.964770975,730494.039276945,148.0701092197184,19.68070587028187
3782,5491751.460068119,731260.9300573311,148.0701092197184,19.71645777654308
3783,5487548.922452842,732028.0851178451,148.0701092197184,19.75225734604503
3784,5483350.347511895,732795.5040159528,148.0701092197184,19.788104614653268
3785,5479155.730837634,733563.1863089703,148.0701092197184,19.82399961822743
3786,5474965.068028012,734331.1315540754,148.0701092197184,19.859942392621498
3787,5470778.354686576,735099.3393082989,148.0701092197184,19.89593297368351
3788,5466595.586422466,735867.8091285325,148.0701092197184,19.931971397255676
3789,5462416.758850383,736636.5405715274,148.0701092197184,19.968057699174388
3790,5458241.867590619,737405.5331938913,148.0701092197184,20.004191915269942
3791,5454070.908269006,738174.7865520965,148.0701092197184,20.04037408136687
3792,5449903.876516937,738944.3002024763,148.0701092197184,20.07660423328367
3793,5445740.767971362,739714.0737012235,148.0701092197184,20.112882406832732
3794,5441581.578274746,740484.1066043947,148.0701092197184,20.149208637820482
3795,5437426.303075107,741254.3984679162,148.0701092197184,20.185582962047356
3796,5433274.938025971,742024.9488475702,148.0701092197184,20.2220054153075
3797,5429127.478786378,742795.7572990129,148.0701092197184,20.258476033389147
3798,5424983.921020886,743566.8233777611,148.0701092197184,20.29499485207419
3799,5420844.260399539,744338.1466392046,148.0701092197184,20.33156190713853
3800,5416708.492597874,745109.7266385944,148.0701092197184,20.368177234351638
3801,5412576.613296922,745881.5629310594,148.0701092197184,20.40484086947696
3802,5408448.618183179,746653.6550715918,148.0701092197184,20.441552848271527
3803,5404324.502948608,747426.0026150577,148.0701092197184,20.47831320648614
3804,5400204.263290642,748198.6051161921,148.0701092197184,20.515121979865185
3805,5396087.894912153,748971.4621296072,148.0701092197184,20.551979204146853
3806,5391975.393521468,749744.5732097828,148.0701092197184,20.58888491506275
3807,5387866.754832353,750517.9379110786,148.0701092197184,20.625839148338237
3808,5383761.974563984,751291.5557877253,148.0701092197184,20.66284193969217
3809,5379661.048440988,752065.4263938303,148.0701092197184,20.699893324836875
3810,5375563.972193378,752839.5492833798,148.0701092197184,20.736993339478307
3811,5371470.741556597,753613.9240102348,148.0701092197184,20.77414201931575
3812,5367381.352271464,754388.5501281351,148.0701092197184,20.81133940004203
3813,5363295.800084207,755163.427190702,148.0701092197184,20.84858551734337
3814,5359214.080746436,755938.5547514354,148.0701092197184,20.88588040689936
3815,5355136.190015125,756713.9323637134,148.0701092197184,20.923224104382893
3816,5351062.123652623,757489.559580802,148.0701092197184,20.96061664546038
3817,5346991.877426644,758265.435955843,148.0701092197184,20.99805806579129
3818,5342925.44711025,759041.5610418646,148.0701092197184,21.035548401028493
3819,5338862.828481849,759817.9343917795,148.0701092197184,21.07308768681808
3820,5334804.017325192,760594.5555583877,148.0701092197184,21.110675958799447
3821,5330749.009429353,761371.4240943708,148.0701092197184,21.148313252605046
3822,5326697.800588739,762148.5395522973,148.0701092197184,21.18599960386048
3823,5322650.386603064,762925.9014846238,148.0701092197184,21.223735048184526
3824,5318606.76327735,763703.5094437002,148.0701092197184,21.261519621189194
3825,5314566.926421929,764481.362981758,148.0701092197184,21.29935335847933
3826,5310530.871852413,765259.4616509217,148.0701092197184,21.337236295652964
3827,5306498.5953897135,766037.8050032076,148.0701092197184,21.375168468301105
3828,5302470.092860014,766816.3925905225,148.0701092197184,21.41314991200775
3829,5298445.360094762,767595.2239646675,148.0701092197184,21.45118066234994
3830,5294424.392930682,768374.298677332,148.0701092197184,21.48926075489745
3831,5290407.18720975,769153.6162801058,148.0701092197184,21.527390225213164
3832,5286393.738779179,769933.176324468,148.0701092197184,21.565569108852717
3833,5282384.043491441,770712.9783617994,148.0701092197184,21.603797441364698
3834,5278378.097204233,771493.0219433696,148.0701092197184,21.642075258290337
3835,5274375.895780475,772273.3066203524,148.0701092197184,21.68040259516385
3836,5270377.435088317,773053.8319438155,148.0701092197184,21.718779487512066
3837,5266382.711001113,773834.5974647301,148.0701092197184,21.757205970854706
3838,5262391.719397425,774615.602733962,148.0701092197184,21.795682080704037
3839,5258404.456161009,775396.8473022768,148.0701092197184,21.834207852564987
3840,5254420.91718081,776178.3307203501,148.0701092197184,21.872783321935405
3841,5250441.0983509645,776960.0525387485,148.0701092197184,21.911408524305383
3842,5246464.995570773,777742.0123079524,148.0701092197184,21.950083495157973
3843,5242492.60474472,778524.2095783362,148.0701092197184,21.988808269968455
3844,5238523.921782433,779306.6439001859,148.0701092197184,22.027582884204914
3845,5234558.942598697,780089.3148236887,148.0701092197184,22.066407373327806
3846,5230597.663113459,780872.2218989419,148.0701092197184,22.105281772790114
3847,5226640.079251784,781655.3646759444,148.0701092197184,22.14420611803722
3848,5222686.18694388,782438.7427046107,148.0701092197184,22.1831804445071
3849,5218735.982125084,783222.355534756,148.0701092197184,22.22220478762989
3850,5214789.4607358435,784006.2027161096,148.0701092197184,22.261279182828257
3851,5210846.6187217105,784790.2837983111,148.0701092197184,22.300403665517237
3852,5206907.452033358,785574.598330906,148.0701092197184,22.339578271103957
3853,5202971.956626534,786359.1458633599,148.0701092197184,22.378803034988156
3854,5199040.128462101,787143.9259450431,148.0701092197184,22.418077992561525
3855,5195111.963505978,787928.9381252464,148.0701092197184,22.457403179208253
3856,5191187.457729167,788714.1819531692,148.0701092197184,22.49677863030456
3857,5187266.607107754,789499.65697793,148.0701092197184,22.536204381218912
3858,5183349.407622854,790285.3627485596,148.0701092197184,22.5756804673119
3859,5179435.855260667,791071.298814007,148.0701092197184,22.615206923936206
3860,5175525.94601242,791857.4647231379,148.0701092197184,22.654783786436646
3861,5171619.67587438,792643.8600247423,148.0701092197184,22.69441109015025
3862,5167717.040847861,793430.4842675176,148.0701092197184,22.73408887040573
3863,5163818.036939185,794217.3370000926,148.0701092197184,22.773817162524196
3864,5159922.660159696,795004.41777101,148.0701092197184,22.81359600181853
3865,5156030.906525758,795791.7261287314,148.0701092197184,22.853425423593478
3866,5152142.772058735,796579.2616216496,148.0701092197184,22.893305463145982
3867,5148258.252784974,797367.0237980754,148.0701092197184,22.93323615576479
3868,5144377.344735838,798155.0122062417,148.0701092197184,22.9732175367304
3869,5140500.043947648,798943.2263943078,148.0701092197184,23.013249641315273
3870,5136626.346461722,799731.6659103594,148.0701092197184,23.053332504783683
3871,5132756.248324334,800520.330302405,148.0701092197184,23.09346616239162
3872,5128889.745586719,801309.2191183844,148.0701092197184,23.133650649386983
3873,5125026.834305078,802098.3319061614,148.0701092197184,23.17388600100926
3874,5121167.510540548,802887.6682135322,148.0701092197184,23.214172252489817
3875,5117311.770359224,803677.2275882172,148.0701092197184,23.254509439051482
3876,5113459.6098321155,804467.0095778713,148.0701092197184,23.294897595908946
3877,5109611.025035166,805257.0137300772,148.0701092197184,23.335336758268443
3878,5105766.012049257,806047.2395923513,148.0701092197184,23.375826961327768
3879,5101924.566960161,806837.6867121413,148.0701092197184,23.416368240276373
3880,5098086.685858559,807628.3546368295,148.0701092197184,23.45696063029529
3881,5094252.364840052,808419.2429137283,148.0701092197184,23.497604166556876
3882,5090421.600005118,809210.3510900909,148.0701092197184,23.53829888422522
3883,5086594.387459114,810001.6787130988,148.0701092197184,23.57904481845572
3884,5082770.7233123,810793.225329878,148.0701092197184,23.619842004395352
3885,5078950.603679788,811584.9904874851,148.0701092197184,23.660690477182374
3886,5075134.024681573,812376.9737329162,148.0701092197184,23.701590271946454
3887,5071320.982442495,813169.1746131068,148.0701092197184,23.742541423808664
3888,5067511.473092244,813961.5926749323,148.0701092197184,23.783543967881467
3889,5063705.4927653745,814754.2274652035,148.0701092197184,23.82459793926839
3890,5059903.037601261,815547.0785306838,148.0701092197184,23.865703373064672
3891,5056104.103744123,816340.1454180644,148.0701092197184,23.906860304356346
3892,5052308.687342997,817133.4276739848,148.0701092197184,23.94806876822087
3893,5048516.784551738,817926.9248450318,148.0701092197184,23.989328799727026
3894,5044728.391529019,818720.6364777294,148.0701092197184,24.030640433934533
3895,5040943.504438314,819514.5621185502,148.0701092197184,24.072003705894407
3896,5037162.119447894,820308.7013139111,148.0701092197184,24.113418650648736
3897,5033384.232730831,821103.0536101775,148.0701092197184,24.15488530323074
3898,5029609.840464969,821897.618553657,148.0701092197184,24.196403698664604
3899,5025838.938832932,822692.3956906114,148.0701092197184,24.23797387196574
3900,5022071.524022133,823487.3845672472,148.0701092197184,24.279595858140386
3901,5018307.5922247255,824282.5847297172,148.0701092197184,24.321269692185783
3902,5014547.139637637,825077.9957241324,148.0701092197184,24.3629954090903
3903,5010790.1624625465,825873.6170965452,148.0701092197184,24.404773043832957
3904,5007036.65690587,826669.4483929712,148.0701092197184,24.44660263138409
3905,5003286.619178771,827465.489159366,148.0701092197184,24.48848420670445
3906,4999540.045497133,828261.7389416478,148.0701092197184,24.530417804746033
3907,4995796.932081583,829058.1972856816,148.0701092197184,24.57240346045135
3908,4992057.275157448,829854.8637372943,148.0701092197184,24.614441208754002
3909,4988321.070954778,830651.7378422612,148.0701092197184,24.656531084578123
3910,4984588.315708332,831448.8191463195,148.07010921971843,24.69867312283875
3911,4980859.005657553,832246.107195159,148.0701092197184,24.740867358441566
3912,4977133.137046589,833043.6015344295,148.0701092197184,24.783113826282992
3913,4973410.706124273,833841.301709737,148.0701092197184,24.825412561250033
3914,4969691.709144115,834639.2072666518,148.0701092197184,24.867763598220513
3915,4965976.142364297,835437.3177506988,148.0701092197184,24.91016697206272
3916,4962264.002047669,836235.6327073644,148.0701092197184,24.952622717635553
3917,4958555.284461743,837034.1516820993,148.0701092197184,24.995130869788536
3918,4954849.98587868,837832.8742203125,148.0701092197184,25.03769146336166
3919,4951148.10257529,838631.7998673795,148.0701092197184,25.080304533185515
3920,4947449.630833024,839430.9281686376,148.07010921971838,25.122970114081124
3921,4943754.566937975,840230.2586693895,148.0701092197184,25.16568824085997
3922,4940062.907180843,841029.7909149001,148.0701092197184,25.208458948323962
3923,4936374.647856972,841829.5244504027,148.0701092197184,25.2512822712654
3924,4932689.785266306,842629.4588210981,148.0701092197184,25.294158244467063
3925,4929008.315713401,843429.5935721544,148.0701092197184,25.33708690270207
3926,4925330.235507422,844229.9282487043,148.0701092197184,25.380068280733724
3927,4921655.540962121,845030.4623958532,148.0701092197184,25.423102413315792
3928,4917984.228395838,845831.195558674,148.07010921971838,25.46618933519226
3929,4914316.294131507,846632.1272822098,148.0701092197184,25.50932908109733
3930,4910651.734496628,847433.2571114763,148.0701092197184,25.552521685755508
3931,4906990.54582327,848234.5845914613,148.0701092197184,25.595767183881524
3932,4903332.724448081,849036.1092671226,148.0701092197184,25.639065610180122
3933,4899678.266712246,849837.8306833935,148.0701092197184,25.682416999346387
3934,4896027.168961518,850639.7483851815,148.0701092197184,25.725821386065427
3935,4892379.427546184,851441.8619173649,148.0701092197184,25.76927880501241
3936,4888735.038821069,852244.1708248024,148.07010921971838,25.8127892908527
3937,4885093.999145543,853046.6746523255,148.0701092197184,25.856352878241555
3938,4881456.304883484,853849.3729447473,148.0701092197184,25.899969601824502
3939,4877821.95240331,854652.2652468515,148.0701092197184,25.943639496236724
3940,4874190.938077935,855455.3511034059,148.07010921971843,25.987362596103647
3941,4870563.258284781,856258.6300591567,148.0701092197184,26.03113893604061
3942,4866938.909405784,857062.1016588234,148.0701092197184,26.07496855065262
3943,4863317.8878273675,857865.7654471181,148.0701092197184,26.118851474534967
3944,4859700.189940433,858669.6209687243,148.0701092197184,26.162787742272563
3945,4856085.812140385,859473.6677683103,148.0701092197184,26.206777388440155
3946,4852474.750827084,860277.9053905284,148.0701092197184,26.250820447602425
3947,4848867.002404872,861082.3333800138,148.0701092197184,26.294916954313802
3948,4845262.563282551,861886.9512813841,148.0701092197184,26.339066943118418
3949,4841661.429873382,862691.7586392441,148.0701092197184,26.383270448550224
3950,4838063.598595079,863496.7549981846,148.0701092197184,26.42752750513288
3951,4834469.065869791,864301.9399027782,148.0701092197184,26.47183814737966
3952,4830877.828124115,865107.3128975917,148.0701092197184,26.51620240979368
3953,4827289.881789079,865912.8735271735,148.0701092197184,26.560620326867497
3954,4823705.223300134,866718.6213360607,148.0701092197184,26.60509193308332
3955,4820123.849097162,867524.5558687877,148.0701092197184,26.649617262913146
3956,4816545.755624445,868330.6766698685,148.0701092197184,26.694196350818295
3957,4812970.939330678,869136.983283812,148.0701092197184,26.738829231249728
3958,4809399.39666897,869943.4752551205,148.0701092197184,26.78351593864793
3959,4805831.124096805,870750.1521282837,148.0701092197184,26.828256507442823
3960,4802266.118076071,871557.013447789,148.0701092197184,26.873050972053907
3961,4798704.37507304,872364.0587581139,148.0701092197184,26.91789936688998
3962,4795145.891558356,873171.2876037308,148.0701092197184,26.962801726349337
3963,4791590.664007034,873978.6995291103,148.0701092197184,27.007758084819752
3964,4788038.688898465,874786.2940787107,148.0701092197184,27.05276847667807
3965,4784489.962716384,875594.0707969957,148.0701092197184,27.097832936290846
3966,4780944.481948894,876402.0292284176,148.0701092197184,27.14295149801361
3967,4777402.24308844,877210.1689174345,148.0701092197184,27.18812419619146
3968,4773863.2426318005,878018.4894084983,148.0701092197184,27.233351065158658
3969,4770327.477080108,878826.9902460598,148.0701092197184,27.278632139238614
3970,4766794.942938805,879635.6709745713,148.0701092197184,27.3239674527441
3971,4763265.636717671,880444.531138482,148.0701092197184,27.369357039976894
3972,4759739.554930797,881253.5702822491,148.0701092197184,27.41480093522819
3973,4756216.694096585,882062.7879503269,148.0701092197184,27.460299172778182
3974,4752697.050737751,882872.1836871728,148.0701092197184,27.505851786896137
3975,4749180.621381299,883681.7570372475,148.0701092197184,27.551458811840497
3976,4745667.4025585335,884491.507545018,148.0701092197184,27.597120281858786
3977,4742157.390805049,885301.4347549513,148.0701092197184,27.642836231187424
3978,4738650.582660713,886111.5382115223,148.0701092197184,27.688606694051987
3979,4735146.974669677,886921.8174592169,148.0701092197184,27.73443170466714
3980,4731646.563380364,887732.27204252,148.0701092197184,27.780311297236267
3981,4728149.345345453,888542.9015059274,148.0701092197184,27.826245505951864
3982,4724655.317121891,889353.7053939424,148.0701092197184,27.872234364995247
3983,4721164.475270871,890164.6832510802,148.0701092197184,27.9182779085368
3984,4717676.816357825,890975.8346218597,148.0701092197184,27.964376170735594
3985,4714192.33695245,891787.1590508155,148.07010921971843,28.010529185739617
3986,4710711.033628652,892598.6560824907,148.0701092197184,28.056736987685728
3987,4707232.902964584,893410.3252614395,148.0701092197184,28.102999610699484
3988,4703757.9415426105,894222.1661322276,148.07010921971838,28.14931708889524
3989,4700286.145949317,895034.1782394411,148.0701092197184,28.195689456376346
3990,4696817.512775506,895846.3611276654,148.0701092197184,28.24211674723435
3991,4693352.03861618,896658.7143415157,148.0701092197184,28.28859899555006
3992,4689889.72007054,897471.2374256125,148.0701092197184,28.335136235392657
3993,4686430.5537419915,898283.9299245965,148.0701092197184,28.38172850082003
3994,4682974.536238115,899096.7913831199,148.0701092197184,28.42837582587865
3995,4679521.6641706815,899909.8213458598,148.0701092197184,28.475078244603797
3996,4676071.934155636,900723.0193574984,148.0701092197184,28.52183579101893
3997,4672625.342813096,901536.3849627546,148.0701092197184,28.568648499136636
3998,4669181.886767349,902349.9177063487,148.0701092197184,28.615516402957464
3999,4665741.562646835,903163.6171330307,148.0701092197184,28.66243953647082
4000,4662304.367084145,903977.4827875686,148.0701092197184,28.70941793365454
4001,4658870.296716031,904791.5142147496,148.0701092197184,28.756451628474753
4002,4655439.348183376,905605.7109593883,148.0701092197184,28.803540654886323
4003,4652011.518131206,906420.0725663133,148.0701092197184,28.850685046832186
4004,4648586.803208677,907234.5985803858,148.0701092197184,28.897884838243982
4005,4645165.200069066,908049.2885464841,148.0701092197184,28.945140063041535
4006,4641746.705369779,908864.1420095123,148.0701092197184,28.992450755132992
4007,4638331.315772326,909679.158514398,148.0701092197184,29.03981694841483
4008,4634919.027942327,910494.3376061034,148.0701092197184,29.087238676772078
4009,4631509.838549515,911309.6788296057,148.0701092197184,29.13471597407762
4010,4628103.744267711,912125.1817299154,148.0701092197184,29.18224887419284
4011,4624700.7417748235,912940.8458520718,148.0701092197184,29.229837410967388
4012,4621300.827752861,913756.6707411358,148.0701092197184,29.277481618238824
4013,4617903.998887896,914572.6559422076,148.0701092197184,29.325181529833294
4014,4614510.25187009,915388.8010004065,148.0701092197184,29.372937179564666
4015,4611119.583393667,916205.1054608924,148.0701092197184,29.420748601235307
4016,4607731.990156907,917021.5688688501,148.0701092197184,29.46861582863554
4017,4604347.468862166,917838.1907694967,148.07010921971838,29.516538895543658
4018,4600966.016215832,918654.9707080824,148.0701092197184,29.564517835726175
4019,4597587.628928359,919471.90822989,148.0701092197184,29.612552682937494
4020,4594212.30371423,920289.002880238,148.0701092197184,29.66064347092017
4021,4590840.037291958,921106.2542044802,148.0701092197184,29.708790233404805
4022,4587470.8263841085,921923.6617479996,148.0701092197184,29.756993004109653
4023,4584104.667717249,922741.2250562216,148.0701092197184,29.80525181674123
4024,4580741.558021975,923558.9436746038,148.0701092197184,29.85356670499382
4025,4577381.494032897,924376.8171486397,148.0701092197184,29.901937702549525
4026,4574024.4724886315,925194.8450238659,148.07010921971838,29.950364843078514
4027,4570670.490131797,926013.026845855,148.0701092197184,29.998848160238747
4028,4567319.543709013,926831.3621602163,148.0701092197184,30.047387687675883
4029,4563971.629970884,927649.8505126014,148.0701092197184,30.095983459023522
4030,4560626.745672004,928468.4914486991,148.0701092197184,30.144635507902926
4031,4557284.887570948,929287.2845142412,148.0701092197184,30.193343867923172
4032,4553946.052430266,930106.2292550047,148.0701092197184,30.242108572681182
4033,4550610.237016479,930925.325216799,148.0701092197184,30.290929655761282
4034,4547277.438100067,931744.5719454878,148.0701092197184,30.339807150735833
4035,4543947.652455476,932563.9689869707,148.0701092197184,30.38874109116464
4036,4540620.876861104,933383.5158871938,148.0701092197184,30.437731510595185
4037,4537297.108099285,934203.2121921467,148.0701092197184,30.48677844256261
4038,4533976.342956314,935023.0574478672,148.0701092197184,30.53588192058962
4039,4530658.578222415,935843.051200437,148.0701092197184,30.585041978186478
4040,4527343.810691736,936663.1929959855,148.0701092197184,30.634258648851088
4041,4524032.037162368,937483.4823806877,148.07010921971843,30.683531966068692
4042,4520723.254436309,938303.9189007706,148.07010921971843,30.732861963312274
4043,4517417.459319471,939124.5021025024,148.0701092197184,30.782248674042048
4044,4514114.648621695,939945.2315322094,148.0701092197184,30.831692131705875
4045,4510814.81915671,940766.1067362636,148.0701092197184,30.881192369739004
4046,4507517.967742147,941587.1272610832,148.0701092197184,30.93074942156394
4047,4504224.091199535,942408.2926531455,148.0701092197184,30.980363320590822
4048,4500933.186354287,943229.6024589747,148.0701092197184,31.030034100217012
4049,4497645.250035708,944051.056225149,148.0701092197184,31.07976179382723
4050,4494360.279076972,944872.6534982972,148.0701092197184,31.129546434793482
4051,4491078.270315137,945694.3938251084,148.0701092197184,31.179388056475226
4052,4487799.220591118,946516.2767523172,148.0701092197184,31.229286692218956
4053,4484523.126749692,947338.3018267191,148.0701092197184,31.279242375358656
4054,4481249.985639504,948160.4685951633,148.0701092197184,31.329255139215363
4055,4477979.79411304,948982.7766045525,148.0701092197184,31.379325017097347
4056,4474712.549026636,949805.2254018504,148.0701092197184,31.42945204230013
4057,4471448.247240479,950627.8145340807,148.0701092197184,31.479636248106473
4058,4468186.885618574,951450.5435483165,148.0701092197184,31.529877667786067
4059,4464928.461028768,952273.4119916952,148.0701092197184,31.580176334595862
4060,4461672.970342734,953096.4194114126,148.0701092197184,31.630532281779843
4061,4458420.410435958,953919.5653547216,148.0701092197184,31.680945542569056
4062,4455170.778187755,954742.8493689422,148.0701092197184,31.73141615018169
4063,4451924.070481234,955566.2710014491,148.0701092197184,31.781944137822872
4064,4448680.284203316,956389.8297996832,148.0701092197184,31.83252953868485
4065,4445439.416244727,957213.5253111419,148.0701092197184,31.8831723859466
4066,4442201.463499974,958037.3570833937,148.07010921971843,31.93387271277443
4067,4438966.422867368,958861.3246640624,148.0701092197184,31.984630552321203
4068,4435734.291248994,959685.4276008431,148.0701092197184,32.03544593772702
4069,4432505.065550716,960509.6654414919,148.0701092197184,32.08631890211872
4070,4429278.742682181,961334.0377338304,148.07010921971843,32.137249478609974
4071,4426055.319556791,962158.5440257456,148.0701092197184,32.18823770030138
4072,4422834.793091721,962983.1838651967,148.0701092197184,32.23928360028048
4073,4419617.160207905,963807.9568001988,148.07010921971843,32.29038721162123
4074,4416402.417830023,964632.8623788487,148.0701092197184,32.34154856738488
4075,4413190.562886503,965457.900149301,148.0701092197184,32.39276770061911
4076,4409981.59230953,966283.0696597841,148.0701092197184,32.44404464435837
4077,4406775.503035007,967108.3704585965,148.07010921971843,32.495379431624
4078,4403572.292002585,967933.8020941037,148.0701092197184,32.54677209542381
4079,4400371.956155634,968759.3641147439,148.0701092197184,32.598222668752435
4080,4397174.492441249,969585.0560690295,148.0701092197184,32.64973118459119
4081,4393979.897810245,970410.877505541,148.0701092197184,32.70129767590791
4082,4390788.169217145,971236.8279729324,148.0701092197184,32.75292217565707
4083,4387599.303620185,972062.9070199312,148.0701092197184,32.804604716779735
4084,4384413.297981297,972889.1141953418,148.0701092197184,32.85634533220364
4085,4381230.149266108,973715.449048037,148.0701092197184,32.90814405484291
4086,4378049.854443953,974541.9111269702,148.0701092197184,32.96000091759825
4087,4374872.410487838,975368.4999811678,148.0701092197184,33.011915953356905
4088,4371697.814374456,976195.2151597345,148.0701092197184,33.06388919499261
4089,4368526.063084178,977022.0562118482,148.0701092197184,33.115920675365466
4090,4365357.1536010485,977849.0226867665,148.0701092197184,33.16801042732204
4091,4362191.082912778,978676.1141338277,148.07010921971843,33.220158483695435
4092,4359027.8480107365,979503.3301024433,148.0701092197184,33.272364877304966
4093,4355867.445889952,980330.6701421085,148.0701092197184,33.324629640956495
4094,4352709.873549113,981158.1338023946,148.0701092197184,33.37695280744202
4095,4349555.127990544,981985.7206329572,148.0701092197184,33.42933440954009
4096,4346403.206220214,982813.4301835311,148.0701092197184,33.48177448001551
4097,4343254.105247735,983641.2620039289,148.0701092197184,33.53427305161916
4098,4340107.822086347,984469.2156440533,148.0701092197184,33.586830157088514
4099,4336964.3537529195,985297.2906538842,148.0701092197184,33.63944582914709
4100,4333823.697267944,986125.4865834852,148.0701092197184,33.69212010050463
4101,4330685.849655524,986953.8029830046,148.0701092197184,33.744853003857166
4102,4327550.807943383,987782.2394026748,148.07010921971838,33.79764457188681
4103,4324418.569162857,988610.7953928141,148.0701092197184,33.85049483726188
4104,4321289.130348867,989439.4705038293,148.0701092197184,33.90340383263699
4105,4318162.488539949,990268.2642862059,148.0701092197184,33.95637159065255
4106,4315038.640778224,991097.1762905219,148.0701092197184,34.00939814393531
4107,4311917.584109401,991926.2060674428,148.0701092197184,34.06248352509807
4108,4308799.315582781,992755.3531677151,148.0701092197184,34.11562776673941
4109,4305683.832251231,993584.6171421872,148.0701092197184,34.16883090144448
4110,4302571.1311711995,994413.9975417817,148.07010921971838,34.22209296178388
4111,4299461.209402704,995243.4939175214,148.0701092197184,34.27541398031455
4112,4296354.064009319,996073.1058205146,148.0701092197184,34.3287939895793
4113,4293249.692058185,996902.8328019638,148.0701092197184,34.38223302210696
4114,4290148.090619992,997732.6744131574,148.0701092197184,34.43573111041211
4115,4287049.256768988,998562.6302054811,148.0701092197184,34.48928828699537
4116,4283953.187582957,999392.6997304094,148.0701092197184,34.5429045843432
4117,4280859.8801432215,1000222.8825395146,148.0701092197184,34.59658003492806
4118,4277769.3315346455,1001053.1781844551,148.0701092197184,34.65031467120799
4119,4274681.538845626,1001883.5862169928,148.0701092197184,34.704108525627106
4120,4271596.499168067,1002714.1061889755,148.0701092197184,34.757961630615206
4121,4268514.209597419,1003544.7376523532,148.0701092197184,34.81187401858788
4122,4265434.667232632,1004375.4801591691,148.0701092197184,34.86584572194653
4123,4262357.869176166,1005206.3332615629,148.0701092197184,34.919876773078286
4124,4259283.812533997,1006037.2965117699,148.0701092197184,34.97396720435591
4125,4256212.494415596,1006868.3694621254,148.07010921971843,35.02811704813795
4126,4253143.9119339315,1007699.5516650595,148.0701092197184,35.08232633676856
4127,4250078.062205468,1008530.8426731097,148.07010921971843,35.1365951025778
4128,4247014.94235015,1009362.2420389,148.0701092197184,35.190923377880985
4129,4243954.549491414,1010193.7493151639,148.0701092197184,35.24531119497932
4130,4240896.880756166,1011025.3640547338,148.0701092197184,35.29975858615961
4131,4237841.933274793,1011857.0858105369,148.0701092197184,35.35426558369398
4132,4234789.704181142,1012688.9141356092,148.0701092197184,35.40883221984041
4133,4231740.190612529,1013520.8485830851,148.0701092197184,35.46345852684228
4134,4228693.3897097325,1014352.8887062031,148.0701092197184,35.51814453692849
4135,4225649.298616979,1015185.034058304,148.0701092197184,35.57289028231346
4136,4222607.914481944,1016017.2841928332,148.07010921971843,35.62769579519713
4137,4219569.234455756,1016849.6386633399,148.0701092197184,35.68256110776482
4138,4216533.255692978,1017682.0970234743,148.0701092197184,35.73748625218719
4139,4213499.97535161,1018514.6588270013,148.0701092197184,35.792471260620644
4140,4210469.3905930845,1019347.3236277807,148.0701092197184,35.847516165206585
4141,4207441.498582256,1020180.0909797876,148.0701092197184,35.90262099807214
4142,4204416.296487411,1021012.9604370989,148.0701092197184,35.957785791329506
4143,4201393.781480242,1021845.9315538998,148.0701092197184,36.013010577076365
4144,4198373.950735855,1022679.003884485,148.0701092197184,36.06829538739575
4145,4195356.801432776,1023512.1769832583,148.0701092197184,36.12364025435589
4146,4192342.330752921,1024345.4504047319,148.0701092197184,36.1790452100104
4147,4189330.535881615,1025178.8237035258,148.0701092197184,36.23451028639798
4148,4186321.4140075706,1026012.2964343717,148.0701092197184,36.29003551554266
4149,4183314.9623228866,1026845.8681521121,148.0701092197184,36.345620929453766
4150,4180311.1780230594,1027679.5384117019,148.0701092197184,36.40126656012571
4151,4177310.058306959,1028513.306768207,148.0701092197184,36.45697243953811
4152,4174311.6003768244,1029347.1727768047,148.0701092197184,36.51273859965578
4153,4171315.8014382785,1030181.1359927851,148.0701092197184,36.56856507242858
4154,4168322.6587003074,1031015.1959715544,148.0701092197184,36.62445188979156
4155,4165332.1693752483,1031849.3522686316,148.0701092197184,36.680399083664945
4156,4162344.3306788136,1032683.6044396453,148.0701092197184,36.736406685953725
4157,4159359.139830058,1033517.9520403503,148.0701092197184,36.792474728548434
4158,4156376.594051388,1034352.394626606,148.0701092197184,36.84860324332421
4159,4153396.690568558,1035186.9317543914,148.0701092197184,36.90479226214133
4160,4150419.426610648,1036021.5629798041,148.0701092197184,36.96104181684523
4161,4147444.799410094,1036856.2878590574,148.0701092197184,37.01735193926611
4162,4144472.806202643,1037691.1059484845,148.0701092197184,37.07372266121939
4163,4141503.4442273877,1038526.0168045306,148.0701092197184,37.13015401450503
4164,4138536.710726723,1039361.0199837674,148.0701092197184,37.18664603090835
4165,4135572.6029463713,1040196.115042882,148.0701092197184,37.243198742199326
4166,4132611.118135372,1041031.3015386778,148.0701092197184,37.29981218013271
4167,4129652.2535460633,1041866.5790280865,148.0701092197184,37.356486376448444
4168,4126696.006434087,1042701.947068154,148.0701092197184,37.41322136287109
4169,4123742.3740584017,1043537.4052160517,148.0701092197184,37.47001717111002
4170,4120791.353681236,1044372.9530290712,148.0701092197184,37.526873832859586
4171,4117842.9425681224,1045208.5900646263,148.0701092197184,37.58379137979879
4172,4114897.1379878838,1046044.3158802498,148.0701092197184,37.64076984359123
4173,4111953.9372126134,1046880.1300336088,148.0701092197184,37.69780925588574
4174,4109013.337517691,1047716.0320824783,148.0701092197184,37.754909648315206
4175,4106075.336181765,1048552.0215847761,148.0701092197184,37.812071052497956
4176,4103139.930486751,1049388.0980985323,148.0701092197184,37.86929350003653
4177,4100207.1177178314,1050224.2611819028,148.0701092197184,37.92657702251814
4178,4097276.8951634457,1051060.5103931786,148.0701092197184,37.98392165151498
4179,4094349.2601152943,1051896.8452907645,148.0701092197184,38.041327418583435
4180,4091424.209868321,1052733.2654332006,148.0701092197184,38.09879435526477
4181,4088501.7417207174,1053569.7703791594,148.0701092197184,38.156322493085085
4182,4085581.852973927,1054406.3596874266,148.0701092197184,38.21391186355441
4183,4082664.5409326167,1055243.0329169293,148.0701092197184,38.2715624981679
4184,4079749.8029046943,1056079.7896267194,148.0701092197184,38.32927442840508
4185,4076837.6362012983,1056916.6293759735,148.0701092197184,38.387047685729755
4186,4073928.0381367896,1057753.5517240064,148.0701092197184,38.44488230159058
4187,4071021.006028747,1058590.5562302605,148.0701092197184,38.50277830742057
4188,4068116.5371979703,1059427.642454305,148.0701092197184,38.56073573463705
4189,4065214.628968467,1060264.8099558484,148.0701092197184,38.61875461464207
4190,4062315.278667456,1061102.0582947247,148.0701092197184,38.67683497882185
4191,4059418.4836253533,1061939.3870308988,148.0701092197184,38.73497685854699
4192,4056524.2411757805,1062776.7957244804,148.0701092197184,38.79318028517289
4193,4053632.5486555533,1063614.2839357015,148.0701092197184,38.85144529003883
4194,4050743.403404667,1064451.85122493,148.0701092197184,38.9097719044687
4195,4047856.80276632,1065289.497152671,148.0701092197184,38.9681601597706
4196,4044972.744086877,1066127.2212795669,148.0701092197184,39.02661008723718
4197,4042091.224715888,1066965.0231663852,148.0701092197184,39.08512171814495
4198,4039212.2420060765,1067802.9023740417,148.0701092197184,39.1436950837551
4199,4036335.7933133333,1068640.8584635823,148.0701092197184,39.202330215312905
4200,4033461.8759967103,1069478.8909961942,148.0701092197184,39.26102714404804
4201,4030590.487418426,1070316.9995331941,148.0701092197184,39.319785901174065
4202,4027721.624943854,1071155.1836360425,148.0701092197184,39.378606517888954
4203,4024855.285941509,1071993.4428663377,148.0701092197184,39.43748902537494
4204,4021991.467783074,1072831.7767858205,148.0701092197184,39.49643345479837
4205,4019130.167843355,1073670.1849563655,148.0701092197184,39.55543983730971
4206,4016271.3835003143,1074508.6669399866,148.0701092197184,39.61450820404338
4207,4013415.112135034,1075347.2222988412,148.0701092197184,39.67363858611816
4208,4010561.351131736,1076185.8505952298,148.0701092197184,39.73283101463693
4209,4007710.0978777697,1077024.5513915871,148.0701092197184,39.792085520686356
4210,4004861.3497636006,1077863.3242504988,148.0701092197184,39.85140213533759
4211,4002015.104182821,1078702.168734688,148.0701092197184,39.910780889645494
4212,3999171.3585321303,1079541.0844070173,148.0701092197184,39.97022181464897
4213,3996330.1102113365,1080380.0708304993,148.0701092197184,40.02972494137112
4214,3993491.3566233637,1081219.1275682878,148.0701092197184,40.089290300818874
4215,3990655.0951742264,1082058.254183674,148.0701092197184,40.148917923982964
4216,3987821.323273041,1082897.450240109,148.0701092197184,40.208607841838585
4217,3984990.0383320195,1083736.7153011751,148.0701092197184,40.268360085344334
4218,3982161.2377664614,1084576.048930608,148.0701092197184,40.328174685443
4219,3979334.918994746,1085415.4506922858,148.0701092197184,40.388051673061206
4220,3976511.079438345,1086254.920150236,148.0701092197184,40.44799107910942
4221,3973689.716521793,1087094.4568686264,148.0701092197184,40.50799293448185
4222,3970870.8276727125,1087934.060411786,148.0701092197184,40.568057270056904
4223,3968054.410321782,1088773.7303441784,148.0701092197184,40.62818411669645
4224,3965240.461902747,1089613.4662304218,148.0701092197184,40.688373505246346
4225,3962428.9798524193,1090453.2676352826,148.0701092197184,40.74862546653615
4226,3959619.9616106604,1091293.1341236802,148.0701092197184,40.80894003137937
4227,3956813.404620391,1092133.0652606713,148.0701092197184,40.869317230572776
4228,3954009.30632757,1092973.0606114825,148.0701092197184,40.92975709489763
4229,3951207.664181208,1093813.119741475,148.0701092197184,40.99025965511829
4230,3948408.475633356,1094653.242216169,148.0701092197184,41.05082494198304
4231,3945611.7381390966,1095493.4276012343,148.0701092197184,41.111452986223846
4232,3942817.449156543,1096333.6754624927,148.0701092197184,41.172143818556336
4233,3940025.606146843,1097173.9853659188,148.0701092197184,41.232897469679685
4234,3937236.2065741653,1098014.3568776443,148.0701092197184,41.293713970276904
4235,3934449.247905693,1098854.789563948,148.0701092197184,41.35459335101442
4236,3931664.727611635,1099695.2829912666,148.0701092197184,41.41553564254229
4237,3928882.643165201,1100535.8367261908,148.0701092197184,41.47654087549423
4238,3926102.992042619,1101376.4503354654,148.0701092197184,41.53760908048737
4239,3923325.7717231093,1102217.1233859903,148.0701092197184,41.5987402881225
4240,3920550.9796889,1103057.8554448285,148.0701092197184,41.659934528984124
4241,3917778.613425216,1103898.6460791896,148.0701092197184,41.72119183363982
4242,3915008.6704202644,1104739.494856443,148.0701092197184,41.78251223264094
4243,3912241.14816525,1105580.4013441154,148.0701092197184,41.84389575652216
4244,3909476.0441543576,1106421.3651098954,148.0701092197184,41.90534243580179
4245,3906713.3558847457,1107262.3857216227,148.0701092197184,41.96685230098144
4246,3903953.0808565617,1108103.4627473026,148.0701092197184,42.028425382546175
4247,3901195.216572913,1108944.5957550965,148.0701092197184,42.09006171096455
4248,3898439.7605398763,1109785.784313324,148.0701092197184,42.15176131668839
4249,3895686.7102665,1110627.0279904632,148.0701092197184,42.21352423015279
4250,3892936.063264783,1111468.3263551584,148.0701092197184,42.275350481776485
4251,3890187.817049684,1112309.6789762103,148.0701092197184,42.337240101961356
4252,3887441.9691391164,1113151.0854225818,148.0701092197184,42.399193121092566
4253,3884698.5170539366,1113992.545263402,148.0701092197184,42.46120956953886
4254,3881957.45831795,1114834.058067953,148.0701092197184,42.52328947765182
4255,3879218.7904578988,1115675.6234056868,148.0701092197184,42.58543287576663
4256,3876482.511003458,1116517.2408462178,148.0701092197184,42.64763979420173
4257,3873748.617487244,1117358.9099593188,148.0701092197184,42.70991026325849
4258,3871017.1074447953,1118200.6303149343,148.0701092197184,42.77224431322189
4259,3868287.9784145793,1119042.4014831686,148.0701092197184,42.834641974359855
4260,3865561.22793798,1119884.2230342887,148.0701092197184,42.89710327692347
4261,3862836.853559296,1120726.094538734,148.0701092197184,42.95962825114728
4262,3860114.852825748,1121568.015567102,148.0701092197184,43.0222169272486
4263,3857395.2232874557,1122409.9856901588,148.0701092197184,43.08486933542806
4264,3854677.962497448,1123252.0044788432,148.0701092197184,43.14758550586962
4265,3851963.0680116615,1124094.0715042495,148.0701092197184,43.210365468739816
4266,3849250.537388921,1124936.1863376505,148.0701092197184,43.273209254188785
4267,3846540.3681909433,1125778.3485504815,148.0701092197184,43.33611689234955
4268,3843832.5579823446,1126620.5577143426,148.0701092197184,43.39908841333796
4269,3841127.104330621,1127462.813401012,148.0701092197184,43.46212384725329
4270,3838424.0048061535,1128305.1151824263,148.0701092197184,43.525223224177395
4271,3835723.256982196,1129147.4626307038,148.0701092197184,43.588386574175686
4272,3833024.858434883,1129989.8553181218,148.0701092197184,43.65161392729605
4273,3830328.806743218,1130832.2928171356,148.0701092197184,43.71490531356961
4274,3827635.099489065,1131674.774700366,148.0701092197184,43.778260763010366
4275,3824943.7342571616,1132517.3005406042,148.0701092197184,43.84168030561505
4276,3822254.708635098,1133359.8699108222,148.0701092197184,43.90516397136379
4277,3819568.020213317,1134202.4823841578,148.0701092197184,43.96871179021933
4278,3816883.6665851227,1135045.1375339178,148.0701092197184,44.03232379212712
4279,3814201.645346658,1135887.8349335908,148.0701092197184,44.096000007015896
4280,3811521.95409691,1136730.5741568303,148.0701092197184,44.159740464796904
4281,3808844.5904377154,1137573.35477747,148.0701092197184,44.22354519536439
4282,3806169.5519737364,1138416.176369513,148.0701092197184,44.28741422859533
4283,3803496.836312472,1139259.038507143,148.0701092197184,44.35134759434975
4284,3800826.441064254,1140101.940764712,148.0701092197184,44.41534532247008
4285,3798158.363842231,1140944.8827167505,148.0701092197184,44.47940744278179
4286,3795492.602262383,1141787.863937966,148.0701092197184,44.54353398509303
4287,3792829.1539435,1142630.8840032413,148.0701092197184,44.60772497919469
4288,3790168.0165071865,1143473.9424876366,148.0701092197184,44.67198045486048
4289,3787509.1875778637,1144317.0389663896,148.0701092197184,44.736300441846716
4290,3784852.66478275,1145160.173014912,148.0701092197184,44.80068496989237
4291,3782198.445751877,1146003.344208798,148.0701092197184,44.86513406871918
4292,3779546.528118066,1146846.5521238153,148.0701092197184,44.92964776803143
4293,3776896.9095169357,1147689.7963359167,148.0701092197184,44.994226097516304
4294,3774249.587586904,1148533.0764212331,148.0701092197184,45.058869086843444
4295,3771604.559969168,1149376.3919560653,148.0701092197184,45.12357676566488
4296,3768961.824307707,1150219.7425169095,148.0701092197184,45.18834916361583
4297,3766321.3782492937,1151063.1276804316,148.0701092197184,45.253186310313545
4298,3763683.219443465,1151906.547023476,148.0701092197184,45.318088235357884
4299,3761047.345542538,1152750.0001230815,148.0701092197184,45.38305496833171
4300,3758413.7542015943,1153593.486556457,148.0701092197184,45.44808653880002
4301,3755782.4430784867,1154437.005900997,148.0701092197184,45.51318297631042
4302,3753153.409833829,1155280.5577342783,148.0701092197184,45.578344310393
4303,3750526.6521309903,1156124.14163406,148.0701092197184,45.64357057056039
4304,3747902.1676360928,1156967.7571782852,148.0701092197184,45.708861786307736
4305,3745279.95401802,1157811.4039450847,148.0701092197184,45.77421798711267
4306,3742660.0089483927,1158655.0815127622,148.0701092197184,45.839639202434995
4307,3740042.3301015827,1159498.7894598194,148.0701092197184,45.905125461717326
4308,3737426.9151546974,1160342.5273649301,148.0701092197184,45.97067679438428
4309,3734813.7617875813,1161186.2948069633,148.0701092197184,46.03629322984329
4310,3732202.867682814,1162030.0913649658,148.0701092197184,46.10197479748379
4311,3729594.230525708,1162873.916618182,148.0701092197184,46.16772152667804
4312,3726987.8480042904,1163717.7701460277,148.0701092197184,46.233533446780136
4313,3724383.7178093246,1164561.651528114,148.0701092197184,46.29941058712674
4314,3721781.8376342817,1165405.56034424,148.0701092197184,46.365352977036956
4315,3719182.205175351,1166249.4961743893,148.0701092197184,46.43136064581208
4316,3716584.818131439,1167093.4585987332,148.0701092197184,46.49743362273557
4317,3713989.67420415,1167937.4471976373,148.0701092197184,46.56357193707353
4318,3711396.771097805,1168781.4615516448,148.0701092197184,46.62977561807377
4319,3708806.106519413,1169625.5012414975,148.0701092197184,46.69604469496682
4320,3706217.678178687,1170469.5658481258,148.0701092197184,46.762379196965384
4321,3703631.4837880367,1171313.6549526441,148.0701092197184,46.828779153264044
4322,3701047.5210625497,1172157.7681363625,148.0701092197184,46.895244593039976
4323,3698465.787720018,1173001.9049807787,148.0701092197184,46.96177554545223
4324,3695886.2814809014,1173846.065067584,148.0701092197184,47.02837203964226
4325,3693309.000068345,1174690.2479786607,148.0701092197184,47.095034104733635
4326,3690733.9412081707,1175534.453296081,148.0701092197184,47.16176176983194
4327,3688161.1026288737,1176378.6806021093,148.0701092197184,47.2285550640249
4328,3685590.4820616064,1177222.9294792044,148.0701092197184,47.29541401638256
4329,3683022.0772402096,1178067.1995100162,148.0701092197184,47.3623386559567
4330,3680455.8859011643,1178911.4902773933,148.0701092197184,47.42932901178165
4331,3677891.905783616,1179755.8013643702,148.0701092197184,47.49638511287345
4332,3675330.134629373,1180600.1323541754,148.0701092197184,47.563506988230074
4333,3672770.570182884,1181444.4828302434,148.0701092197184,47.63069466683212
4334,3670213.2101912536,1182288.8523761858,148.0701092197184,47.697948177641415
4335,3667658.052404227,1183133.240575827,148.0701092197184,47.765267549602534
4336,3665105.094574186,1183977.6470131753,148.0701092197184,47.83265281164165
4337,3662554.3344561616,1184822.0712724393,148.0701092197184,47.90010399266691
4338,3660005.7698078067,1185666.512938025,148.0701092197184,47.96762112156864
4339,3657459.3983894126,1186510.9715945285,148.0701092197184,48.03520422721874
4340,3654915.2179638897,1187355.4468267483,148.0701092197184,48.102853338471384
4341,3652373.22629678,1188199.938219683,148.0701092197184,48.17056848416265
4342,3649833.4211562425,1189044.4453585239,148.0701092197184,48.238349693110344
4343,3647295.800313051,1189888.9678286628,148.0701092197184,48.30619699411433
4344,3644760.3615405927,1190733.5052156884,148.0701092197184,48.3741104159562
4345,3642227.102614868,1191578.0571053866,148.0701092197184,48.442089987399406
4346,3639696.0213144813,1192422.6230837477,148.0701092197184,48.51013573718938
4347,3637167.1154206353,1193267.2027369596,148.0701092197184,48.57824769405343
4348,3634640.3827171433,1194111.7956514084,148.0701092197184,48.64642588670046
4349,3632115.8209904,1194956.4014136803,148.0701092197184,48.71467034382133
4350,3629593.4280294087,1195801.0196105659,148.0701092197184,48.78298109408867
4351,3627073.2016257485,1196645.6498290508,148.0701092197184,48.851358166156786
4352,3624555.1395735885,1197490.2916563284,148.0701092197184,48.91980158866198
4353,3622039.239669685,1198334.9446797892,148.0701092197184,48.988311390222044
4354,3619525.4997133655,1199179.6084870282,148.0701092197184,49.05688759943667
4355,3617013.9175065416,1200024.2826658415,148.0701092197184,49.12553024488716
4356,3614504.4908536896,1200868.9668042304,148.0701092197184,49.19423935513666
4357,3611997.217561855,1201713.6604903971,148.0701092197184,49.263014958729975
4358,3609492.095440656,1202558.3633127448,148.0701092197184,49.331857084193324
4359,3606989.122302265,1203403.0748598839,148.0701092197184,49.40076576003487
4360,3604488.295961416,1204247.7947206327,148.0701092197184,49.469741014744535
4361,3601989.6142353998,1205092.522484008,148.0701092197184,49.538782876793604
4362,3599493.074944059,1205937.2577392315,148.0701092197184,49.60789137463498
4363,3596998.675909778,1206782.00007573,148.0701092197184,49.67706653670326
4364,3594506.414957499,1207626.7490831476,148.0701092197184,49.746308391414956
4365,3592016.289914695,1208471.5043513167,148.0701092197184,49.81561696716759
4366,3589528.2986113853,1209316.2654702852,148.0701092197184,49.88499229234051
4367,3587042.43888012,1210161.032030307,148.0701092197184,49.95443439529466
4368,3584558.7085559797,1211005.8036218444,148.0701092197184,50.02394330437259
4369,3582077.1054765778,1211850.5798355618,148.0701092197184,50.09351904789812
4370,3579597.627482051,1212695.360262337,148.0701092197184,50.163161654176825
4371,3577120.272415061,1213540.1444932546,148.0701092197184,50.23287115149573
4372,3574645.038120783,1214384.9321196012,148.0701092197184,50.302647568123085
4373,3572171.922446909,1215229.7227328839,148.0701092197184,50.37249093230914
4374,3569700.92324365,1216074.5159248083,148.0701092197184,50.44240127228504
4375,3567232.0383637133,1216919.3112872925,148.0701092197184,50.512378616263675
4376,3564765.2656623204,1217764.108412467,148.0701092197184,50.58242299243936
4377,3562300.602997197,1218608.90689267,148.0701092197184,50.65253442898774
4378,3559838.0482285595,1219453.7063204506,148.0701092197184,50.722712954065926
4379,3557377.5992191248,1220298.5062885715,148.0701092197184,50.79295859581254
4380,3554919.253834104,1221143.3063899975,148.0701092197184,50.86327138234713
4381,3552463.009941191,1221988.1062179136,148.0701092197184,50.933651341771096
4382,3550008.865410575,1222832.9053657153,148.0701092197184,51.00409850216698
4383,3547556.8181149196,1223677.7034270053,148.0701092197184,51.074612891598626
4384,3545106.8659293684,1224522.4999956046,148.0701092197184,51.145194538111355
4385,3542659.00673155,1225367.2946655431,148.0701092197184,51.21584346973158
4386,3540213.238401551,1226212.0870310685,148.0701092197184,51.2865597144674
4387,3537769.5588219413,1227056.8766866315,148.0701092197184,51.357343300307555
4388,3535327.9658777514,1227901.663226908,148.0701092197184,51.42819425522266
4389,3532888.4574564723,1228746.4462467849,148.0701092197184,51.49911260716442
4390,3530451.0314480616,1229591.2253413554,148.0701092197184,51.570098384065446
4391,3528015.68574493,1230436.0001059398,148.0701092197184,51.641151613840094
4392,3525582.4182419367,1231280.7701360655,148.0701092197184,51.71227232438369
4393,3523151.226836402,1232125.5350274746,148.0701092197184,51.78346054357258
4394,3520722.1094280863,1232970.294376131,148.0701092197184,51.85471629926466
4395,3518295.0639191926,1233815.0477782108,148.0701092197184,51.9260396192989
4396,3515870.0882143714,1234659.7948301022,148.0701092197184,51.99743053149511
4397,3513447.180220703,1235504.5351284207,148.0701092197184,52.06888906365483
4398,3511026.3378477097,1236349.2682699854,148.0701092197184,52.14041524356009
4399,3508607.559007336,1237193.9938518442,148.0701092197184,52.21200909897463
4400,3506190.8416139623,1238038.7114712594,148.0701092197184,52.28367065764308
4401,3503776.183584393,1238883.420725708,148.0701092197184,52.35539994729103
4402,3501363.582837846,1239728.1212128869,148.0701092197184,52.42719699562539
4403,3498953.0372959683,1240572.8125307097,148.0701092197184,52.499061830333844
4404,3496544.544882818,1241417.4942773127,148.0701092197184,52.570994479085414
4405,3494138.1035248595,1242262.1660510495,148.0701092197184,52.642994969530164
4406,3491733.7111509806,1243106.8274504931,148.0701092197184,52.715063329299
4407,3489331.3656924586,1243951.478074438,148.0701092197184,52.78719958600412
4408,3486931.065082983,1244796.1175218949,148.0701092197184,52.859403767238504
4409,3484532.807258643,1245640.7453920965,148.0701092197184,52.931675900576124
4410,3482136.5901579224,1246485.3612844981,148.0701092197184,53.00401601357208
4411,3479742.411721691,1247329.964798775,148.0701092197184,53.076424133762515
4412,3477350.2698932267,1248174.5555348215,148.0701092197184,53.14890028866415
4413,3474960.162618175,1249019.1330927603,148.0701092197184,53.221444505775274
4414,3472572.087844581,1249863.6970729297,148.0701092197184,53.29405681257456
4415,3470186.04352286,1250708.2470758874,148.0701092197184,53.366737236521665
4416,3467802.0276058065,1251552.7827024213,148.0701092197184,53.43948580505747
4417,3465420.0380485984,1252397.3035535396,148.0701092197184,53.51230254560351
4418,3463040.0728087733,1253241.8092304731,148.0701092197184,53.585187485562365
4419,3460662.1298462474,1254086.299334675,148.0701092197184,53.65814065231727
4420,3458286.207123295,1254930.7734678274,148.0701092197184,53.73116207323269
4421,3455912.3026045556,1255775.231231827,148.0701092197184,53.80425177565345
4422,3453540.4142570305,1256619.6722288001,148.0701092197184,53.87740978690544
4423,3451170.5400500693,1257464.096061101,148.0701092197184,53.950636134295586
4424,3448802.6779553834,1258308.5023313067,148.0701092197184,54.023930845111465
4425,3446436.825947035,1259152.8906422162,148.0701092197184,54.09729394662125
4426,3444072.982001421,1259997.2605968583,148.0701092197184,54.17072546607429
4427,3441711.144097295,1260841.6117984848,148.0701092197184,54.24422543070039
4428,3439351.3102157447,1261685.9438505708,148.0701092197184,54.317793867710115
4429,3436993.4783401988,1262530.2563568288,148.0701092197184,54.391430804295176
4430,3434637.646456421,1263374.5489211855,148.0701092197184,54.465136267627514
4431,3432283.8125525024,1264218.8211478058,148.0701092197184,54.538910284860314
4432,3429931.974618867,1265063.0726410702,148.0701092197184,54.61275288312694
4433,3427582.130648266,1265907.3030055969,148.0701092197184,54.68666408954186
4434,3425234.2786357664,1266751.511846228,148.0701092197184,54.76064393120015
4435,3422888.4165787604,1267595.6987680295,148.0701092197184,54.83469243517732
4436,3420544.5424769577,1268439.8633763015,148.0701092197184,54.908809628529745
4437,3418202.654332375,1269284.0052765787,148.0701092197184,54.982995538294865
4438,3415862.750149348,1270128.1240746097,148.0701092197184,55.057250191489935
4439,3413524.827934515,1270972.2193763838,148.0701092197184,55.13157361511341
4440,3411188.885696817,1271816.2907881173,148.0701092197184,55.20596583614431
4441,3408854.921447503,1272660.3379162496,148.0701092197184,55.280426881541864
4442,3406522.933200115,1273504.3603674641,148.0701092197184,55.35495677824656
4443,3404192.9189704917,1274348.3577486675,148.0701092197184,55.429555553179156
4444,3401864.8767767693,1275192.3296669908,148.0701092197184,55.504223233240644
4445,3399538.8046393646,1276036.2757298055,148.0701092197184,55.578959845313115
4446,3397214.7005809913,1276880.1955447146,148.0701092197184,55.65376541625906
4447,3394892.562626638,1277724.0887195412,148.0701092197184,55.728639972921165
4448,3392572.3888035784,1278567.954862354,148.0701092197184,55.803583542123135
4449,3390254.177141367,1279411.7935814469,148.0701092197184,55.87859615066887
4450,3387937.9256718224,1280255.6044853493,148.0701092197184,55.95367782534307
4451,3385623.632429049,1281099.3871828192,148.0701092197184,56.02882859291054
4452,3383311.295449411,1281943.141282848,148.0701092197184,56.10404848011671
4453,3381000.9127715398,1282786.8663946672,148.0701092197184,56.179337513687756
4454,3378692.482436333,1283630.5621277362,148.0701092197184,56.254695720330034
4455,3376386.0024869437,1284474.2280917463,148.0701092197184,56.330123126730335
4456,3374081.470968787,1285317.86389663,148.0701092197184,56.40561975955612
4457,3371778.885929532,1286161.4691525477,148.0701092197184,56.48118564545497
4458,3369478.245419091,1287005.043469893,148.0701092197184,56.55682081105499
4459,3367179.547489634,1287848.5864593042,148.0701092197184,56.632525282964934
4460,3364882.790195578,1288692.0977316466,148.0701092197184,56.70829908777359
4461,3362587.971593571,1289535.5768980233,148.0701092197184,56.78414225205039
4462,3360295.089742512,1290379.0235697709,148.0701092197184,56.860054802344855
4463,3358004.1427035322,1291222.4373584688,148.0701092197184,56.936036765187275
4464,3355715.1285399934,1292065.8178759215,148.0701092197184,57.0120881670878
4465,3353428.0453174966,1292909.1647341815,148.0701092197184,57.08820903453733
4466,3351142.891103862,1293752.4775455315,148.0701092197184,57.1643993940069
4467,3348859.6639691438,1294595.7559224959,148.0701092197184,57.240659271947955
4468,3346578.3619856127,1295438.9994778275,148.0701092197184,57.31698869479193
4469,3344298.983227756,1296282.2078245273,148.0701092197184,57.393387688951066
4470,3342021.5257722856,1297125.380575825,148.0701092197184,57.46985628081736
4471,3339745.987698125,1297968.5173451987,148.0701092197184,57.54639449676355
4472,3337472.367086403,1298811.6177463573,148.0701092197184,57.623002363142405
4473,3335200.662020461,1299654.6813932469,148.0701092197184,57.69967990628678
4474,3332930.8705858462,1300497.7079000603,148.0701092197184,57.77642715251015
4475,3330662.9908703053,1301340.6968812202,148.0701092197184,57.85324412810578
4476,3328397.020963787,1302183.6479513983,148.0701092197184,57.93013085934759
4477,3326132.958958434,1303026.5607254982,148.0701092197184,58.007087372489394
4478,3323870.8029485866,1303869.4348186692,148.0701092197184,58.08411369376535
4479,3321610.551030773,1304712.2698462957,148.0701092197184,58.16120984938969
4480,3319352.201303704,1305555.0654240043,148.0701092197184,58.23837586555693
4481,3317095.7518682894,1306397.8211676646,148.0701092197184,58.315611768441656
4482,3314841.2008276084,1307240.5366933842,148.0701092197184,58.39291758419867
4483,3312588.546286931,1308083.2116175147,148.0701092197184,58.47029333896287
4484,3310337.786353693,1308925.8455566473,148.0701092197184,58.54773905884936
4485,3308088.9191375086,1309768.4381276167,148.0701092197184,58.62525476995339
4486,3305841.9427501676,1310610.9889474935,148.0701092197184,58.70284049834998
4487,3303596.8553056237,1311453.4976335978,148.0701092197184,58.78049627009462
4488,3301353.654919992,1312295.963803489,148.0701092197184,58.85822211122285
4489,3299112.3397115627,1313138.387074972,148.0701092197184,58.936018047750174
4490,3296872.9078007736,1313980.7670660934,148.0701092197184,59.01388410567234
4491,3294635.357310224,1314823.1033951354,148.0701092197184,59.09182031096472
4492,3292399.686364671,1315665.395680637,148.0701092197184,59.16982668958329
4493,3290165.893091019,1316507.6435413708,148.0701092197184,59.247903267463656
4494,3287933.975618322,1317349.846596357,148.0701092197184,59.326050070521646
4495,3285703.932077785,1318192.0044648594,148.0701092197184,59.40426712465294
4496,3283475.760602746,1319034.1167663906,148.0701092197184,59.482554455733634
4497,3281249.459328693,1319876.183120699,148.0701092197184,59.56091208961924
4498,3279025.026393247,1320718.2031477843,148.0701092197184,59.63934005214564
4499,3276802.459936168,1321560.1764678906,148.0701092197184,59.717838369128536
4500,3274581.7580993427,1322402.1027015036,148.0701092197184,59.79640706636361
4501,3272362.9190267907,1323243.981469361,148.0701092197184,59.87504616962664
4502,3270145.9408646612,1324085.8123924437,148.0701092197184,59.953755704673235
4503,3267930.8217612226,1324927.595091978,148.0701092197184,60.032535697238956
4504,3265717.5598668614,1325769.329189434,148.0701092197184,60.11138617303924
4505,3263506.153334094,1326611.014306529,148.0701092197184,60.190307157769254
4506,3261296.600317545,1327452.6500652328,148.0701092197184,60.269298677104516
4507,3259088.898973949,1328294.2360877607,148.0701092197184,60.34836075670033
4508,3256883.0474621593,1329135.7719965726,148.0701092197184,60.42749342219169
4509,3254679.0439431304,1329977.2574143705,148.0701092197184,60.5066966991933
4510,3252476.8865799275,1330818.691964116,148.0701092197184,60.58597061330015
4511,3250276.5735377125,1331660.0752690115,148.0701092197184,60.66531519008689
4512,3248078.102983746,1332501.406952506,148.0701092197184,60.74473045510794
4513,3245881.4730873927,1333342.6866383064,148.0701092197184,60.82421643389786
4514,3243686.682020105,1334183.9139503567,148.0701092197184,60.90377315197061
4515,3241493.727955432,1335025.088512854,148.0701092197184,60.98340063482004
4516,3239302.6090690056,1335866.2099502517,148.0701092197184,61.06309890792033
4517,3237113.323538545,1336707.277887242,148.0701092197184,61.14286799672481
4518,3234925.869543859,1337548.2919487685,148.0701092197184,61.2227079266667
4519,3232740.2452668287,1338389.2517600304,148.0701092197184,61.30261872315931
4520,3230556.4488914176,1339230.156946477,148.0701092197184,61.3826004115957
4521,3228374.4786036657,1340071.0071337998,148.0701092197184,61.46265301734827
4522,3226194.3325916845,1340911.801947947,148.0701092197184,61.54277656576951
4523,3224016.009045651,1341752.541015119,148.0701092197184,61.62297108219174
4524,3221839.5061578155,1342593.2239617556,148.0701092197184,61.703236591926405
4525,3219664.8221224914,1343433.8504145667,148.0701092197184,61.78357312026555
4526,3217491.9551360565,1344274.4200004984,148.0701092197184,61.86398069248021
4527,3215320.903396942,1345114.932346756,148.0701092197184,61.94445933382156
4528,3213151.6651056376,1345955.3870807888,148.0701092197184,62.025009069520095
4529,3210984.2384646917,1346795.7838303098,148.0701092197184,62.105629924786406
4530,3208818.6216787,1347636.1222232694,148.0701092197184,62.186321924810166
4531,3206654.8129543094,1348476.4018878888,148.0701092197184,62.267085094761526
4532,3204492.81050021,1349316.6224526248,148.0701092197184,62.34791945978953
4533,3202332.612527137,1350156.7835462,148.0701092197184,62.42882504502345
4534,3200174.2172478703,1350996.884797579,148.0701092197184,62.509801875571604
4535,3198017.6228772216,1351836.925835985,148.0701092197184,62.59084997652231
4536,3195862.8276320393,1352676.9062908986,148.0701092197184,62.67196937294361
4537,3193709.829731214,1353516.82579205,148.0701092197184,62.75316008988287
4538,3191558.6273956522,1354356.6839694222,148.0701092197184,62.834422152367196
4539,3189409.2188482992,1355196.4804532574,148.0701092197184,62.915755585403346
4540,3187261.602314123,1356036.2148740445,148.0701092197184,62.997160413977355
4541,3185115.7760201115,1356875.886862533,148.0701092197184,63.07863666305514
4542,3182971.7381952773,1357715.4960497243,148.0701092197184,63.16018435758196
4543,3180829.4870706466,1358555.0420668782,148.0701092197184,63.24180352248287
4544,3178689.0208792607,1359394.5245455073,148.0701092197184,63.32349418266231
4545,3176550.337856178,1360233.943117381,148.0701092197184,63.40525636300428
4546,3174413.4362384607,1361073.2974145235,148.0701092197184,63.48709008837235
4547,3172278.31426518,1361912.587069208,148.0701092197184,63.568995383609234
4548,3170144.970177414,1362751.8117139805,148.0701092197184,63.6509722735379
4549,3168013.402218239,1363590.97098163,148.0701092197184,63.733020782960324
4550,3165883.6086327382,1364430.0645052015,148.0701092197184,63.815140936657684
4551,3163755.5876679816,1365269.0919180026,148.0701092197184,63.89733275939124
4552,3161629.3375730384,1366108.052853597,148.0701092197184,63.979596275901514
4553,3159504.8565989723,1366946.9469458018,148.0701092197184,64.0619315109083
4554,3157382.1429988346,1367785.7738286983,148.0701092197184,64.14433848911116
4555,3155261.195027658,1368624.5331366165,148.0701092197184,64.22681723518885
4556,3153142.0109424675,1369463.2245041484,148.0701092197184,64.30936777379955
4557,3151024.5890022633,1370301.847566146,148.0701092197184,64.39199012958112
4558,3148908.927468033,1371140.4019577145,148.0701092197184,64.47468432715047
4559,3146795.024602729,1371978.8873142207,148.0701092197184,64.55745039110425
4560,3144682.8786712857,1372817.3032712883,148.0701092197184,64.64028834601835
4561,3142572.487940611,1373655.6494648054,148.0701092197184,64.7231982164482
4562,3140463.850679572,1374493.925530912,148.0701092197184,64.80618002692854
4563,3138356.965159014,1375332.1311060062,148.0701092197184,64.88923380197323
4564,3136251.8296517376,1376170.2658267487,148.0701092197184,64.97235956607572
4565,3134148.442432508,1377008.3293300632,148.0701092197184,65.05555734370904
4566,3132046.80177805,1377846.3212531256,148.0701092197184,65.13882715932515
4567,3129946.905967045,1378684.2412333775,148.0701092197184,65.22216903735561
4568,3127848.753280125,1379522.0889085168,148.0701092197184,65.30558300221125
4569,3125752.34199988,1380359.8639165054,148.0701092197184,65.38906907828222
4570,3123657.670410842,1381197.5658955618,148.0701092197184,65.472627289938
4571,3121564.736799488,1382035.1944841633,148.0701092197184,65.55625766152728
4572,3119473.5394542534,1382872.7493210584,148.0701092197184,65.63996021737827
4573,3117384.076665497,1383710.230045243,148.0701092197184,65.72373498179819
4574,3115296.3467255286,1384547.6362959857,148.0701092197184,65.80758197907387
4575,3113210.347928589,1385384.9677128084,148.0701092197184,65.89150123347109
4576,3111126.078570854,1386222.2239354984,148.0701092197184,65.97549276923512
4577,3109043.5369504346,1387059.4046040997,148.0701092197184,66.05955661059014
4578,3106962.7213673657,1387896.5093589318,148.0701092197184,66.14369278174034
4579,3104883.630123611,1388733.537840557,148.0701092197184,66.2279013068682
4580,3102806.2615230624,1389570.4896898163,148.0701092197184,66.31218221013616
4581,3100730.6138715222,1390407.3645478033,148.0701092197184,66.39653551568557
4582,3098656.685476728,1391244.162055877,148.0701092197184,66.4809612476369
4583,3096584.474648319,1392080.881855661,148.0701092197184,66.56545943009013
4584,3094513.9796978617,1392917.523589042,148.0701092197184,66.65003008712428
4585,3092445.1989388247,1393754.0868981672,148.0701092197184,66.73467324279754
4586,3090378.1306865904,1394590.571425444,148.0701092197184,66.81938892114714
4587,3088312.773258448,1395426.9768135548,148.0701092197184,66.90417714619
4588,3086249.124973595,1396263.3027054346,148.0701092197184,66.98903794192158
4589,3084187.1841531205,1397099.5487442866,148.0701092197184,67.07397133231697
4590,3082126.949120027,1397935.7145735775,148.0701092197184,67.15897734133009
4591,3080068.4181992053,1398771.7998370433,148.0701092197184,67.24405599289442
4592,3078011.589717444,1399607.8041786698,148.0701092197184,67.32920731092184
4593,3075956.4620034234,1400443.727242727,148.0701092197184,67.41443131930433
4594,3073903.0333877136,1401279.5686737353,148.0701092197184,67.49972804191228
4595,3071851.302202776,1402115.3281164812,148.0701092197184,67.5850975025952
4596,3069801.2667829557,1402951.0052160262,148.0701092197184,67.67053972518222
4597,3067752.9254644746,1403786.5996176868,148.0701092197184,67.7560547334812
4598,3065706.276585446,1404622.1109670512,148.0701092197184,67.84164255127912
4599,3063661.318485854,1405457.5389099652,148.0701092197184,67.9273032023419
4600,3061618.0495075574,1406292.8830925534,148.0701092197184,68.01303671041514
4601,3059576.467994297,1407128.1431611916,148.0701092197184,68.09884309922256
4602,3057536.572291674,1407963.3187625317,148.0701092197184,68.18472239246778
4603,3055498.3607471646,1408798.4095434938,148.0701092197184,68.2706746138333
4604,3053461.8317101113,1409633.4151512538,148.0701092197184,68.35669978698023
4605,3051426.983531718,1410468.3352332616,148.0701092197184,68.4427979355491
4606,3049393.81456505,1411303.1694372331,148.0701092197184,68.52896908315941
4607,3047362.323165035,1412137.9174111472,148.0701092197184,68.61521325340948
4608,3045332.5076884525,1412972.5788032594,148.0701092197184,68.7015304698772
4609,3043304.366493943,1413807.1532620802,148.0701092197184,68.7879207561187
4610,3041277.897941992,1414641.6404364016,148.0701092197184,68.87438413566994
4611,3039253.1003949414,1415476.0399752664,148.0701092197184,68.96092063204497
4612,3037229.9722169745,1416310.3515279987,148.0701092197184,69.04753026873757
4613,3035208.511774122,1417144.5747441817,148.0701092197184,69.13421306922002
4614,3033188.71743426,1417978.7092736769,148.0701092197184,69.22096905694403
4615,3031170.5875671017,1418812.7547666049,148.0701092197184,69.30779825533989
4616,3029154.1205441966,1419646.7108733575,148.0701092197184,69.394700687817
4617,3027139.3147389344,1420480.577244595,148.0701092197184,69.48167637776363
4618,3025126.1685265377,1421314.3535312458,148.0701092197184,69.568725348547
4619,3023114.6802840545,1422148.0393845113,148.0701092197184,69.65584762351355
4620,3021104.8483903697,1422981.6344558562,148.0701092197184,69.74304322598819
4621,3019096.6712261867,1423815.1383970203,148.0701092197184,69.83031217927523
4622,3017090.1471740394,1424648.5508600029,148.0701092197184,69.91765450665726
4623,3015085.2746182806,1425481.871497084,148.0701092197184,70.0050702313964
4624,3013082.0519450796,1426315.0999608103,148.0701092197184,70.09255937673359
4625,3011080.4775424283,1427148.2359039874,148.0701092197184,70.18012196588799
4626,3009080.5498001305,1427981.278979712,148.0701092197184,70.26775802205876
4627,3007082.2671098053,1428814.2288413304,148.0701092197184,70.35546756842291
4628,3005085.627864875,1429647.0851424697,148.0701092197184,70.44325062813691
4629,3003090.6304605757,1430479.847537026,148.0701092197184,70.53110722433597
4630,3001097.273293952,1431312.5156791646,148.0701092197184,70.619037380134
4631,2999105.554763844,1432145.0892233227,148.0701092197184,70.70704111862399
4632,2997115.473270894,1432977.5678242105,148.0701092197184,70.7951184628779
4633,2995127.0272175535,1433809.9511367993,148.0701092197184,70.88326943594573
4634,2993140.215008055,1434642.2388163458,148.0701092197184,70.97149406085742
4635,2991155.035048438,1435474.4305183643,148.0701092197184,71.05979236062075
4636,2989171.485746525,1436306.5258986522,148.0701092197184,71.14816435822311
4637,2987189.565511934,1437138.5246132747,148.0701092197184,71.23661007663037
4638,2985209.272756071,1437970.4263185654,148.0701092197184,71.32512953878702
4639,2983230.6058921223,1438802.2306711278,148.0701092197184,71.41372276761642
4640,2981253.563335057,1439633.9373278487,148.0701092197184,71.50238978602117
4641,2979278.143501632,1440465.5459458733,148.0701092197184,71.5911306168819
4642,2977304.3448103713,1441297.0561826297,148.0701092197184,71.67994528305879
4643,2975332.1656815903,1442128.4676958122,148.0701092197184,71.76883380739008
4644,2973361.6045373627,1442959.780143393,148.0701092197184,71.85779621269346
4645,2971392.6598015437,1443790.9931836103,148.0701092197184,71.94683252176479
4646,2969425.3298997544,1444622.1064749786,148.0701092197184,72.03594275737893
4647,2967459.613259384,1445453.1196762891,148.0701092197184,72.12512694228965
4648,2965495.508309584,1446284.0324465977,148.0701092197184,72.21438509922912
4649,2963533.0134812733,1447114.8444452432,148.0701092197184,72.30371725090856
4650,2961572.12720713,1447945.5553318327,148.0701092197184,72.39312342001774
4651,2959612.8479215857,1448776.1647662444,148.0701092197184,72.48260362922517
4652,2957655.174060833,1449606.6724086325,148.0701092197184,72.57215790117796
4653,2955699.1040628175,1450437.0779194303,148.0701092197184,72.66178625850233
4654,2953744.636367236,1451267.3809593325,148.0701092197184,72.7514887238025
4655,2951791.7694155346,1452097.5811893241,148.0701092197184,72.84126531966221
4656,2949840.5016509034,1452927.67827065,148.0701092197184,72.9311160686433
4657,2947890.8315182854,1453757.6718648383,148.0701092197184,73.0210409932865
4658,2945942.757464358,1454587.561633687,148.0701092197184,73.1110401161112
4659,2943996.2779375464,1455417.34723927,148.0701092197184,73.20111345961533
4660,2942051.391388005,1456247.028343936,148.0701092197184,73.29126104627571
4661,2940108.096267633,1457076.6046103118,148.0701092197184,73.38148289854783
4662,2938166.391030063,1457906.0757012935,148.0701092197184,73.47177903886546
4663,2936226.2741306527,1458735.441280057,148.0701092197184,73.56214948964148
4664,2934287.7440264933,1459564.7010100489,148.0701092197184,73.65259427326711
4665,2932350.7991764056,1460393.8545549954,148.0701092197184,73.74311341211227
4666,2930415.438040934,1461222.901578895,148.0701092197184,73.83370692852544
4667,2928481.6590823443,1462051.8417460269,148.0701092197184,73.924374844834
4668,2926549.4607646256,1462880.6747209416,148.0701092197184,74.01511718334373
4669,2924618.8415534846,1463709.4001684627,148.0701092197184,74.1059339663388
4670,2922689.799916344,1464538.0177536989,148.0701092197184,74.19682521608249
4671,2920762.3343223426,1465366.5271420267,148.0701092197184,74.28779095481626
4672,2918836.443242327,1466194.927999101,148.0701092197184,74.37883120476033
4673,2916912.125148864,1467023.2199908558,148.0701092197184,74.46994598811341
4674,2914989.378516216,1467851.4027835012,148.0701092197184,74.56113532705308
4675,2913068.2018203577,1468679.4760435207,148.0701092197184,74.65239924373512
4676,2911148.593538969,1469507.4394376753,148.0701092197184,74.74373776029397
4677,2909230.552151426,1470335.2926330077,148.0701092197184,74.83515089884291
4678,2907314.076138809,1471163.0352968283,148.0701092197184,74.92663868147328
4679,2905399.1639838926,1471990.667096734,148.0701092197184,75.0182011302554
4680,2903485.8141711457,1472818.1877005955,148.0701092197184,75.10983826723809
4681,2901574.025186735,1473645.5967765604,148.0701092197184,75.20155011444852
4682,2899663.795518515,1474472.8939930506,148.0701092197184,75.2933366938923
4683,2897755.123656025,1475300.0790187733,148.0701092197184,75.3851980275541
4684,2895848.008090495,1476127.1515227018,148.0701092197184,75.47713413739633
4685,2893942.447314841,1476954.1111741036,148.0701092197184,75.5691450453608
4686,2892038.439823662,1477780.957642508,148.0701092197184,75.66123077336697
4687,2890135.984113229,1478607.6905977323,148.0701092197184,75.75339134331345
4688,2888235.078681498,1479434.3097098696,148.0701092197184,75.84562677707721
4689,2886335.7220281004,1480260.8146492853,148.0701092197184,75.93793709651324
4690,2884437.9126543403,1481087.2050866308,148.0701092197184,76.03032232345558
4691,2882541.6490631937,1481913.4806928372,148.0701092197184,76.12278247971673
4692,2880646.929759307,1482739.6411391064,148.0701092197184,76.2153175870873
4693,2878753.7532489914,1483565.6860969248,148.0701092197184,76.30792766733671
4694,2876862.11804023,1484391.6152380572,148.0701092197184,76.40061274221267
4695,2874972.022642661,1485217.4282345409,148.0701092197184,76.49337283344124
4696,2873083.4655675874,1486043.1247587018,148.0701092197184,76.58620796272733
4697,2871196.4453279763,1486868.7044831405,148.0701092197184,76.67911815175394
4698,2869310.9604384457,1487694.167080735,148.0701092197184,76.77210342218261
4699,2867427.0094152656,1488519.512224647,148.0701092197184,76.86516379565357
