,reflection_BB,emission_BB,reflection_depth_ppm,emission_depth_ppm
0,6385564.080141758,6.794907662352673e-11,12.339175768309868,1.3130172827792507e-16
1,6417430.467332409,7.40219971472587e-11,12.339175768309868,1.4232650251075112e-16
2,6449260.48020329,8.06136384332014e-11,12.339175768309868,1.542356456222555e-16
3,6481053.133535988,8.776621874623212e-11,12.339175768309868,1.6709673216933477e-16
4,6512807.4492928125,9.552521915830485e-11,12.339175768309868,1.8098223825558256e-16
5,6544522.4566429285,1.0393962201284654e-10,12.339175768309868,1.9596987768089772e-16
6,6576197.191987363,1.1306216578934616e-10,12.339175768309868,2.1214295978234316e-16
7,6607830.69898283,1.2294961742307083e-10,12.339175768309868,2.295907702755243e-16
8,6639422.0285642985,1.336630631978255e-10,12.339175768309868,2.4840897647913487e-16
9,6670970.238966495,1.4526821939608028e-10,12.339175768309868,2.687000583824128e-16
10,6702474.395744251,1.5783576396092229e-10,12.339175768309868,2.9057376709650654e-16
11,6733933.57179167,1.7144169049804455e-10,12.339175768309868,3.141476123157988e-16
12,6765346.847360245,1.86167686023982e-10,12.339175768309868,3.395473805050749e-16
13,6796713.3100758605,2.0210153394871912e-10,12.339175768309868,3.669076856223108e-16
14,6828032.054954643,2.1933754386733982e-10,12.339175768309868,3.963725542859157e-16
15,6859302.184417827,2.379770098263793e-10,12.339175768309868,4.2809604739898544e-16
16,6890522.808305551,2.5812869882642475e-10,12.339175768309868,4.622429203521674e-16
17,6921693.0438895095,2.799093714234542e-10,12.339175768309868,4.989893240412043e-16
18,6952812.015884697,3.0344433639759647e-10,12.339175768309868,5.385235490552322e-16
19,6983878.856460079,3.288680415698569e-10,12.339175768309868,5.810468155180975e-16
20,7014892.70524824,3.563247029647921e-10,12.339175768309868,6.267741111968702e-16
21,7045852.709354058,3.85968974640989e-10,12.339175768309868,6.759350806307321e-16
22,7076758.023362423,4.179666616410733e-10,12.339175768309868,7.287749681785009e-16
23,7107607.809344949,4.5249547864975474e-10,12.339175768309868,7.855556180356282e-16
24,7138401.236865725,4.897458570921092e-10,12.339175768309868,8.465565344312926e-16
25,7169137.482986245,5.299218035552085e-10,12.339175768309868,9.120760053835386e-16
26,7199815.732269194,5.732418125748421e-10,12.339175768309868,9.824322935659618e-16
27,7230435.17678156,6.199398369955876e-10,12.339175768309868,1.0579648980230428e-15
28,7260995.0160966795,6.702663192874634e-10,12.339175768309868,1.1390358906639403e-15
29,7291494.457295439,7.244892873858045e-10,12.339175768309868,1.2260313316657008e-15
30,7321932.7149666725,7.82895518814034e-10,12.339175768309868,1.3193627681284258e-15
31,7352309.011206591,8.457917770505721e-10,12.339175768309868,1.419468820544778e-15
32,7382622.575617411,9.135061243141111e-10,12.339175768309868,1.5268168618787434e-15
33,7412872.645305211,9.86389315162936e-10,12.339175768309868,1.6419047942887112e-15
34,7443058.464876842,1.0648162755380869e-09,12.339175768309868,1.7652629287843345e-15
35,7473179.286436087,1.1491876721240528e-09,12.339175768309868,1.8974559733700574e-15
36,7503234.369579109,1.239931577157501e-09,12.339175768309868,2.0390851355056774e-15
37,7533222.981388944,1.3375052340826305e-09,12.339175768309868,2.1907903450027872e-15
38,7563144.39642935,1.4423969297334153e-09,12.339175768309868,2.353252603778628e-15
39,7592997.896737839,1.5551279790178391e-09,12.339175768309868,2.5271964692051e-15
40,7622782.771817998,1.6762548283871226e-09,12.339175768309868,2.7133926781195493e-15
41,7652498.31863106,1.8063712846970735e-09,12.339175768309868,2.912660918910486e-15
42,7682143.841586698,1.946110876406047e-09,12.339175768309868,3.125872759450174e-15
43,7711718.652533216,2.096149354408307e-09,12.339175768309868,3.3539547390226778e-15
44,7741222.070746905,2.257207340171834e-09,12.339175768309868,3.5978916327886946e-15
45,7770653.422920889,2.4300531292371455e-09,12.339175768309868,3.858729897738462e-15
46,7800012.043153093,2.6155056585383945e-09,12.339175768309868,4.13758130951143e-15
47,7829297.272933666,2.814437646432025e-09,12.339175768309868,4.435626799908244e-15
48,7858508.461131795,3.0277789147613728e-09,12.339175768309868,4.754120505386895e-15
49,7887644.963981704,3.2565199027471394e-09,12.339175768309868,5.0943940373188326e-15
50,7916706.14506825,3.5017153829794734e-09,12.339175768309868,5.457860985290585e-15
51,7945691.375311673,3.764488390290142e-09,12.339175768309868,5.846021665261306e-15
52,7974600.032951909,4.046034374813876e-09,12.339175768309868,6.2604681249414106e-15
53,8003431.5035322495,4.347625591096506e-09,12.339175768309868,6.7028894193278965e-15
54,8032185.1798823755,4.670615735684916e-09,12.339175768309868,7.175077169933231e-15
55,8060860.46210086,5.016444846233802e-09,12.339175768309868,7.678931421866928e-15
56,8089456.75753715,5.386644475791568e-09,12.339175768309868,8.216466813579143e-15
57,8117973.480772848,5.782843156581373e-09,12.339175768309868,8.789819074751674e-15
58,8146410.0536027,6.206772168276956e-09,12.339175768309868,9.401251868527441e-15
59,8174765.905014741,6.6602716264842705e-09,12.339175768309868,1.0053163995003507e-14
60,8203040.471170173,7.145296907881299e-09,12.339175768309868,1.0748096973673863e-14
61,8231233.195382632,7.663925429246151e-09,12.339175768309868,1.1488743023309758e-14
62,8259343.528096981,8.218363798405497e-09,12.339175768309868,1.2277953458585023e-14
63,8287370.926867532,8.810955355981107e-09,12.339175768309868,1.311874752362221e-14
64,8315314.856335905,9.444188127685883e-09,12.339175768309868,1.4014321683526869e-14
65,8343174.788208387,1.0120703207835328e-08,12.339175768309868,1.4968059395911874e-14
66,8370950.201232774,1.0843303595690613e-08,12.339175768309868,1.5983541385381645e-14
67,8398640.581174769,1.1614963507240204e-08,12.339175768309868,1.706455644495443e-14
68,8426245.420794072,1.2438838186060444e-08,12.339175768309868,1.821511278945165e-14
69,8453764.219819842,1.331827423796361e-08,12.339175768309868,1.9439449986965492e-14
70,8481196.484925885,1.4256820515267657e-08,12.339175768309868,2.0742051495658865e-14
71,8508541.729705393,1.5258239577677708e-08,12.339175768309868,2.21276578343192e-14
72,8535799.474645222,1.6326519757982613e-08,12.339175768309868,2.360128041631444e-14
73,8562969.24709987,1.7465887862028973e-08,12.339175768309866,2.516821607787e-14
74,8590050.581265008,1.8680822533743412e-08,12.339175768309866,2.683406233290402e-14
75,8617043.018150683,1.997606831733423e-08,12.339175768309868,2.860473338802621e-14
76,8643946.105554096,2.135665045022133e-08,12.339175768309868,3.04864769527323e-14
77,8670759.39803207,2.2827890421713613e-08,12.339175768309868,3.248589188130068e-14
78,8697482.456873171,2.4395422333978298e-08,12.339175768309868,3.460994668442594e-14
79,8724114.850069482,2.6065210103447597e-08,12.33917576830987,3.686599895023215e-14
80,8750656.152288008,2.7843565542436963e-08,12.339175768309866,3.926181571592827e-14
81,8777105.944841845,2.9737167362492214e-08,12.33917576830987,4.1805594833121365e-14
82,8803463.81566095,3.175308114273849e-08,12.339175768309868,4.4505987371544564e-14
83,8829729.35926265,3.389878030836576e-08,12.339175768309868,4.7372121107818e-14
84,8855902.17672184,3.6182168166305866e-08,12.339175768309868,5.0413625147772126e-14
85,8881981.875640955,3.861160104714209e-08,12.339175768309868,5.3640655732835797e-14
86,8907968.070119517,4.119591260436604e-08,12.339175768309868,5.70639232830551e-14
87,8933860.380723547,4.394443932423942e-08,12.33917576830987,6.069472073143176e-14
88,8959658.434454706,4.6867047301748715e-08,12.339175768309868,6.454495320648527e-14
89,8985361.864719057,4.997416034043751e-08,12.339175768309868,6.862716912221308e-14
90,9010970.311295709,5.32767894363189e-08,12.339175768309868,7.295459273702183e-14
91,9036483.420305135,5.678656370852816e-08,12.339175768309868,7.754115824562589e-14
92,9061900.844177378,6.051576284196917e-08,12.339175768309868,8.24015454704744e-14
93,9087222.241619833,6.447735110986382e-08,12.339175768309866,8.7551217221889e-14
94,9112447.277584972,6.868501304689359e-08,12.339175768309868,9.300645839883418e-14
95,9137575.623237805,7.315319084646925e-08,12.339175768309866,9.878441690504508e-14
96,9162606.95592318,7.789712355865421e-08,12.339175768309868,1.0490314645818411e-13
97,9187540.95913275,8.293288816832678e-08,12.339175768309868,1.1138165137270482e-13
98,9212377.322471889,8.827744263635569e-08,12.339175768309868,1.1823993340023207e-13
99,9237115.741626432,9.39486709898792e-08,12.339175768309868,1.254990407145335e-13
100,9261755.918329077,9.996543055114709e-08,12.339175768309866,1.3318111913144786e-13
101,9286297.560325783,1.0634760139799127e-07,12.339175768309868,1.4130946565769257e-13
102,9310740.38134198,1.1311613815257151e-07,12.33917576830987,1.4990858446595708e-13
103,9335084.101048492,1.202931241988941e-07,12.339175768309866,1.590042453974859e-13
104,9359328.445027458,1.2790182843346947e-07,12.33917576830987,1.6862354509711436e-13
105,9383473.14473808,1.3596676465757318e-07,12.339175768309868,1.7879497088975232e-13
106,9407517.93748215,1.4451375372372395e-07,12.339175768309868,1.8954846751134968e-13
107,9431462.566369517,1.5356998855334712e-07,12.339175768309868,2.0091550681163387e-13
108,9455306.780283427,1.631641021471074e-07,12.33917576830987,2.1292916055033323e-13
109,9479050.333845697,1.7332623871393087e-07,12.339175768309868,2.2562417641299149e-13
110,9502692.987381872,1.8408812804966508e-07,12.339175768309868,2.390370573773299e-13
111,9526234.506886113,1.9548316330115345e-07,12.339175768309868,2.532061445657828e-13
112,9549674.663986135,2.0754648225667806e-07,12.33917576830987,2.681717037248877e-13
113,9573013.235907976,2.2031505230901641e-07,12.339175768309868,2.8397601547737683e-13
114,9596250.005440716,2.3382775924278065e-07,12.339175768309868,3.0066346949807353e-13
115,9619384.760900993,2.4812550000336925e-07,12.339175768309868,3.1828066277022226e-13
116,9642417.296097657,2.632512796106961e-07,12.339175768309868,3.368765020845421e-13
117,9665347.410296096,2.792503123868626e-07,12.33917576830987,3.5650231094914956e-13
118,9688174.908182686,2.9617012767312117e-07,12.339175768309868,3.7721194108446675e-13
119,9710899.599829119,3.140606802179748e-07,12.33917576830987,3.9906188868359236e-13
120,9733521.300656574,3.3297446542471883e-07,12.33917576830987,4.221114156248341e-13
121,9756039.831399992,3.529666396537582e-07,12.33917576830987,4.464226758299762e-13
122,9778455.018072223,3.740951457818713e-07,12.339175768309868,4.720608469684449e-13
123,9800766.691928089,3.964208442280176e-07,12.339175768309868,4.99094267714784e-13
124,9822974.689428493,4.2000764966267846e-07,12.339175768309866,5.27594580773986e-13
125,9845078.852204412,4.4492267362549704e-07,12.339175768309868,5.576368818967977e-13
126,9867079.027020907,4.712363732839419e-07,12.339175768309868,5.892998751148158e-13
127,9888975.065741153,4.990227065739203e-07,12.339175768309868,6.22666034433148e-13
128,9910766.825290293,5.283592939717982e-07,12.33917576830987,6.578217722267078e-13
129,9932454.167619452,5.593275871558381e-07,12.339175768309868,6.948576145944285e-13
130,9954036.959669592,5.920130448243846e-07,12.339175768309868,7.338683839348398e-13
131,9975515.073335532,6.265053159469985e-07,12.339175768309868,7.749533890148931e-13
132,9996888.38542973,6.62898430734641e-07,12.339175768309868,8.182166228136703e-13
133,10018156.777646245,7.012909996246024e-07,12.339175768309868,8.637669684317712e-13
134,10039320.136524713,7.417864205861718e-07,12.339175768309868,9.117184133672508e-13
135,10060378.35341416,7.844930950633516e-07,12.339175768309868,9.621902724689323e-13
136,10081331.324436994,8.295246528816886e-07,12.339175768309868,1.0153074198883164e-12
137,10102178.950452972,8.770001864575614e-07,12.339175768309868,1.0712005303623288e-12
138,10122921.137023082,9.270444946591144e-07,12.339175768309868,1.1300063301695095e-12
139,10143557.794373652,9.797883366805943e-07,12.339175768309868,1.1918678581146039e-12
140,10164088.83736028,1.0353686963028694e-06,12.339175768309868,1.2569347369070124e-12
141,10184514.185431892,1.0939290569263376e-06,12.339175768309868,1.3253634553117487e-12
142,10204833.76259486,1.1556196877744341e-06,12.339175768309866,1.3973176614630386e-12
143,10225047.497377079,1.220597941679391e-06,12.339175768309868,1.4729684677438146e-12
144,10245155.322792178,1.289028564875577e-06,12.339175768309868,1.5524947676476147e-12
145,10265157.176303688,1.3610840192391495e-06,12.339175768309868,1.6360835650523365e-12
146,10285052.999789272,1.4369448174275746e-06,12.339175768309868,1.7239303163497609e-12
147,10304842.739505066,1.5167998713867812e-06,12.339175768309868,1.8162392858884338e-12
148,10324526.346050069,1.6008468547093354e-06,12.339175768309868,1.9132239152028123e-12
149,10344103.77433044,1.6892925793417062e-06,12.33917576830987,2.0151072065156353e-12
150,10363574.983524065,1.7823533871557788e-06,12.339175768309868,2.122122121017269e-12
151,10382939.937045107,1.8802555569150007e-06,12.33917576830987,2.23451199244039e-12
152,10402198.602508517,1.9832357271832086e-06,12.339175768309868,2.3525309564656924e-12
153,10421350.951694753,2.091541335740953e-06,12.339175768309868,2.476444396510441e-12
154,10440396.960514592,2.2054310760923505e-06,12.339175768309868,2.6065294064695204e-12
155,10459336.608973807,2.325175371663174e-06,12.33917576830987,2.7430752709958018e-12
156,10478169.881138124,2.4510568683100797e-06,12.339175768309868,2.8863839639252103e-12
157,10496896.765098277,2.583370945780209e-06,12.339175768309866,3.036770665470906e-12
158,10515517.252934903,2.7224262487791114e-06,12.339175768309868,3.1945642988289717e-12
159,10534031.340683801,2.8685452383269235e-06,12.339175768309866,3.3601080868596108e-12
160,10552439.02830109,3.0220647641016833e-06,12.339175768309868,3.533760129526198e-12
161,10570740.319628606,3.183336658491529e-06,12.339175768309868,3.715894002796887e-12
162,10588935.22235922,3.35272835309829e-06,12.339175768309868,3.906899379733729e-12
163,10607023.748002352,3.5306235184582407e-06,12.339175768309868,4.107182674516926e-12
164,10625005.911849642,3.7174227277683467e-06,12.33917576830987,4.317167710173852e-12
165,10642881.732940573,3.913544145430143e-06,12.339175768309868,4.5372964108058655e-12
166,10660651.234028291,4.119424241247484e-06,12.339175768309868,4.768029519129311e-12
167,10678314.441545503,4.335518531139634e-06,12.339175768309868,5.00984734017196e-12
168,10695871.38557052,4.562302345256323e-06,12.33917576830987,5.263250511990643e-12
169,10713322.099793289,4.800271624406917e-06,12.339175768309868,5.528760804300856e-12
170,10730666.621481681,5.049943745744502e-06,12.339175768309868,5.806921945937271e-12
171,10747904.991447816,5.311858378670769e-06,12.339175768309868,6.098300482088546e-12
172,10765037.254014492,5.586578371957193e-06,12.339175768309868,6.4034866622789856e-12
173,10782063.45698173,5.874690673106885e-06,12.339175768309868,6.723095360098036e-12
174,10798983.6515935,6.176807281009817e-06,12.339175768309868,7.057767025706139e-12
175,10815797.89250447,6.493566232975494e-06,12.339175768309866,7.4081686721767e-12
176,10832506.237746928,6.825632627257892e-06,12.339175768309868,7.774994896763931e-12
177,10849108.74869784,7.173699682219045e-06,12.339175768309866,8.158968938217502e-12
178,10865605.490046017,7.538489833308952e-06,12.339175768309868,8.560843771295635e-12
179,10881996.529759329,7.920755869076442e-06,12.33917576830987,8.981403239665228e-12
180,10898281.939052207,8.32128210745442e-06,12.339175768309868,9.421463228405123e-12
181,10914461.79235312,8.740885613602068e-06,12.339175768309868,9.881872877368309e-12
182,10930536.167272275,9.180417460620619e-06,12.339175768309868,1.0363515836691805e-11
183,10946505.144569384,9.640764034495267e-06,12.339175768309868,1.0867311565778915e-11
184,10962368.808121633,1.012284838465427e-05,12.339175768309868,1.1394216677116447e-11
185,10978127.244891722,1.0627631621573657e-05,12.339175768309866,1.1945226326326734e-11
186,10993780.544896057,1.115611436289604e-05,12.339175768309868,1.2521375649894056e-11
187,11009328.801173085,1.1709338229570012e-05,12.339175768309868,1.3123741252042485e-11
188,11024772.109751813,1.2288387393561398e-05,12.339175768309868,1.3753442742287275e-11
189,11040110.569620335,1.2894390178723512e-05,12.339175768309868,1.441164432521707e-11
190,11055344.282694623,1.3528520716463324e-05,12.33917576830987,1.509955644411417e-11
191,11070473.35378747,1.419200065787825e-05,12.339175768309868,1.5818437480057447e-11
192,11085497.890577419,1.4886100944086251e-05,12.339175768309866,1.656959550820104e-11
193,11100418.00357799,1.5612143636517155e-05,12.339175768309868,1.7354390112966174e-11
194,11115233.806107024,1.6371503808978924e-05,12.339175768309866,1.8174234263930187e-11
195,11129945.414256064,1.716561150336085e-05,12.339175768309868,1.903059625424487e-11
196,11144552.946860071,1.7995953750884625e-05,12.339175768309868,1.9925001703464807e-11
197,11159056.52546708,1.8864076660866123e-05,12.339175768309868,2.08590356267199e-11
198,11173456.274308154,1.9771587578993054e-05,12.339175768309868,2.1834344572206548e-11
199,11187752.320267407,2.0720157317191465e-05,12.339175768309868,2.2852638829042863e-11
200,11201944.79285225,2.171152245719002e-05,12.33917576830987,2.3915694707567028e-11
201,11216033.82416367,2.2747487729955884e-05,12.339175768309868,2.5025356894225234e-11
202,11230019.548866762,2.382992847323048e-05,12.339175768309868,2.6183540883249407e-11
203,11243902.104161413,2.496079316944525e-05,12.339175768309868,2.73922354873779e-11
204,11257681.629753036,2.6142106066359354e-05,12.339175768309868,2.8653505429934965e-11
205,11271358.267823586,2.737596988281956e-05,12.339175768309868,2.996949402064334e-11
206,11284932.163002621,2.8664568602102606e-05,12.339175768309868,3.1342425917606126e-11
207,11298403.462338576,3.0010170355358545e-05,12.339175768309866,3.277460997795217e-11
208,11311772.315270223,3.1415130397744756e-05,12.339175768309868,3.426844219971261e-11
209,11325038.873598153,3.288189417989148e-05,12.339175768309866,3.58264087575478e-11
210,11338203.291456588,3.441300051741991e-05,12.339175768309868,3.7451089135025725e-11
211,11351265.7252852,3.601108486128532e-05,12.339175768309868,3.9145159356205445e-11
212,11364226.333801188,3.767888267180066e-05,12.339175768309868,4.0911395319364555e-11
213,11377085.27797148,3.941923289924928e-05,12.339175768309868,4.2752676235762955e-11
214,11389842.720985036,4.1235081574083406e-05,12.339175768309868,4.467198817642735e-11
215,11402498.828225382,4.312948550976158e-05,12.339175768309868,4.667242772999674e-11
216,11415053.767243287,4.5105616121359446e-05,12.339175768309868,4.875720577475432e-11
217,11427507.707729608,4.716676336316788e-05,12.339175768309868,5.092965136805294e-11
218,11439860.821488233,4.9316339788551855e-05,12.339175768309868,5.319321575640209e-11
219,11452113.2824092,5.1557884735444894e-05,12.339175768309866,5.55514765095897e-11
220,11464265.266442116,5.389506864091053e-05,12.339175768309868,5.800814178226936e-11
221,11476316.951569473,5.633169748829887e-05,12.339175768309868,6.056705470654685e-11
222,11488268.517780377,5.8871717390602393e-05,12.339175768309868,6.323219791917427e-11
223,11500120.147044288,6.151921931369628e-05,12.339175768309868,6.600769822704863e-11
224,11511872.02328494,6.427844394324399e-05,12.339175768309868,6.889783141480887e-11
225,11523524.332354464,6.715378669911755e-05,12.339175768309868,7.190702719839689e-11
226,11535077.2620077,7.014980290130361e-05,12.33917576830987,7.503987432857656e-11
227,11546531.001876516,7.327121309130451e-05,12.339175768309868,7.830112584844401e-11
228,11557885.743444469,7.652290851320378e-05,12.339175768309868,8.169570450912925e-11
229,11569141.680021482,7.990995675858158e-05,12.339175768309868,8.522870834790816e-11
230,11580299.00671887,8.343760757964138e-05,12.33917576830987,8.890541643312619e-11
231,11591357.920424245,8.71112988749347e-05,12.339175768309868,9.273129478036618e-11
232,11602318.619776858,9.09366628522157e-05,12.339175768309868,9.671200244443939e-11
233,11613181.3051429,9.491953237304523e-05,12.339175768309868,1.0085339779187852e-10
234,11623946.178591173,9.906594748385394e-05,12.33917576830987,1.0516154495870033e-10
235,11634613.44386865,0.00010338216213829913,12.33917576830987,1.0964272049834543e-10
236,11645183.306376394,0.00010787465111583737,12.339175768309868,1.1430342022478753e-10
237,11655655.97314569,0.00011255011714156286,12.339175768309868,1.1915036625594564e-10
238,11666031.652814051,0.00011741549821243376,12.339175768309868,1.241905142626126e-10
239,11676310.555601707,0.00012247797513518664,12.339175768309868,1.2943106092829285e-10
240,11686492.893288063,0.00012774497928126827,12.339175768309868,1.348794516253866e-10
241,11696578.879188366,0.00013322420056429983,12.339175768309868,1.405433883133469e-10
242,11706568.728130527,0.00013892359564567568,12.33917576830987,1.4643083766453472e-10
243,11716462.656432165,0.00014485139637401454,12.339175768309868,1.5255003942361913e-10
244,11726260.881877657,0.0001510161184643096,12.339175768309868,1.589095150065128e-10
245,11735963.623695545,0.00015742657042275477,12.339175768309868,1.65518076344966e-10
246,11745571.102535924,0.00016409186272334125,12.339175768309868,1.7238483498307944e-10
247,11755083.540448155,0.00017102141724242685,12.339175768309868,1.795192114321046e-10
248,11764501.160858542,0.00017822497695766724,12.33917576830987,1.8693094479010994e-10
249,11773824.188548353,0.00018571261591775548,12.339175768309868,1.9463010263314795e-10
250,11783052.849631893,0.000193494749489612,12.339175768309866,2.0262709118477704e-10
251,11792187.37153481,0.00020158214488976588,12.339175768309868,2.1093266577089562e-10
252,11801227.982972415,0.0002099859320068168,12.339175768309868,2.1955794156701482e-10
253,11810174.913928334,0.0002187176145220265,12.339175768309868,2.2851440464526088e-10
254,11819028.395633228,0.00022778908133519097,12.339175768309868,2.3781392332852274e-10
255,11827788.660543665,0.0002372126183031243,12.339175768309868,2.474687598593522e-10
256,11836455.942321159,0.00024700092029821875,12.339175768309868,2.574915823913707e-10
257,11845030.475811392,0.00025716710359469737,12.339175768309868,2.678954773111088e-10
258,11853512.497023555,0.0002677247185903119,12.339175768309866,2.7869396189835475e-10
259,11861902.243109869,0.0002786877628714206,12.339175768309868,2.899009973332882e-10
260,11870199.952345245,0.00029007069462953604,12.339175768309868,3.015310020588506e-10
261,11878405.864107111,0.0003018884464375113,12.33917576830987,3.1359886550689607e-10
262,11886520.218855351,0.00031415643939385675,12.339175768309868,3.261199621970169e-10
263,11894543.258112513,0.00032689059764366924,12.339175768309868,3.391101662169381e-10
264,11902475.22444398,0.0003401073632849189,12.339175768309868,3.525858660936702e-10
265,11910316.361438563,0.00035382371166900277,12.339175768309868,3.665639800647823e-10
266,11918066.913688896,0.0003680571671046289,12.339175768309868,3.810619717593543e-10
267,11925727.126772312,0.0003828258189741931,12.33917576830987,3.9609786629825595e-10
268,11933297.247231694,0.00039814833827219847,12.339175768309868,4.116902668238517e-10
269,11940777.522556536,0.0004140439945751711,12.339175768309868,4.2785837146912507e-10
270,11948168.20116407,0.0004305326734528975,12.33917576830987,4.446219907766353e-10
271,11955469.532380698,0.00044763489433098083,12.339175768309868,4.6200156557790167e-10
272,11962681.766423425,0.0004653718288147319,12.339175768309868,4.800181853438711e-10
273,11969805.154381495,0.00048376531948486986,12.339175768309866,4.986936070176016e-10
274,11976839.94819824,0.0005028378991754388,12.339175768309868,5.180502743402542e-10
275,11983786.400652964,0.0005226128107446748,12.339175768309868,5.381113376818562e-10
276,11990644.765343022,0.000543114027349761,12.339175768309868,5.589006743885169e-10
277,11997415.296666129,0.0005643662732365906,12.339175768309868,5.80442909658e-10
278,12004098.249802649,0.0005863950450557007,12.33917576830987,6.027634379556358e-10
279,12010693.880698154,0.0006092266337161231,12.339175768309868,6.258884449831646e-10
280,12017202.44604611,0.0006328881467886708,12.339175768309868,6.49844930212915e-10
281,12023624.20327069,0.0006574075314706426,12.339175768309868,6.746607300002236e-10
282,12029959.410509707,0.0006828135981241498,12.339175768309866,7.003645412872594e-10
283,12036208.326597743,0.00070913604440033,12.339175768309868,7.269859459115107e-10
284,12042371.211049402,0.0007364054799620797,12.339175768309868,7.545554355326054e-10
285,12048448.324042661,0.0007646534518180255,12.339175768309868,7.831044371912657e-10
286,12054439.92640244,0.0007939124702808879,12.339175768309868,8.126653395146639e-10
287,12060346.279584287,0.0008242160355632724,12.339175768309868,8.432715195823809e-10
288,12066167.645658115,0.000855598665024558,12.339175768309868,8.749573704678521e-10
289,12071904.287292244,0.0008880959210825167,12.339175768309868,9.077583294701727e-10
290,12077556.46773747,0.0009217444398034474,12.339175768309868,9.417109070513583e-10
291,12083124.450811232,0.0009565819601853179,12.339175768309868,9.76852716494911e-10
292,12088608.500882126,0.0009926473541480246,12.339175768309868,1.013222504301171e-09
293,12094008.882854225,0.0010299806572455846,12.339175768309868,1.0508601813357687e-09
294,12099325.86215194,0.0010686231001151448,12.339175768309868,1.0898068547475064e-09
295,12104559.70470458,0.0011086171406779375,12.339175768309868,1.1301048606724215e-09
296,12109710.676931469,0.0011500064971075486,12.339175768309868,1.1717977977409509e-09
297,12114779.045726862,0.0011928361815813718,12.339175768309868,1.2149305614057979e-09
298,12119765.078445211,0.001237152534830773,12.339175768309868,1.2595493791077128e-09
299,12124669.042886442,0.0012830032615065452,12.339175768309868,1.3057018462975924e-09
300,12129491.207281474,0.001330437466375925,12.339175768309868,1.3534369633330022e-09
301,12134231.84027773,0.0013795056913677673,12.339175768309868,1.4028051732676559e-09
302,12138891.21092489,0.001430259953483146,12.339175768309868,1.453858400553091e-09
303,12143469.588660797,0.0014827537835883245,12.339175768309868,1.5066500906715358e-09
304,12147967.243297352,0.0015370422661078777,12.339175768309868,1.5612352507198949e-09
305,12152384.445006685,0.0015931820796356072,12.33917576830987,1.6176704909646557e-09
306,12156721.464307396,0.0016512315384814473,12.33917576830987,1.6760140673882023e-09
307,12160978.572050916,0.001711250635172688,12.33917576830987,1.736325925247202e-09
308,12165156.039407972,0.0017733010839281601,12.339175768309868,1.798667743664128e-09
309,12169254.137855321,0.001837446365124479,12.339175768309868,1.8631029812734912e-09
310,12173273.139162388,0.0019037517707733071,12.33917576830987,1.929696922944369e-09
311,12177213.315378193,0.0019722844510296116,12.339175768309868,1.9985167276018185e-09
312,12181074.938818382,0.0020431134617502917,12.339175768309866,2.069631477169321e-09
313,12184858.282052366,0.002116309813123811,12.339175768309868,2.1431122266557264e-09
314,12188563.617890486,0.002191946519390763,12.339175768309868,2.2190320554095562e-09
315,12192191.219371501,0.0022700986496768157,12.339175768309868,2.297466119565099e-09
316,12195741.359750064,0.002350843379958338,12.339175768309868,2.378491705703741e-09
317,12199214.312484285,0.002434260046182798,12.339175768309868,2.462188285755828e-09
318,12202610.351223549,0.00252043019856527,12.339175768309868,2.5486375731676647e-09
319,12205929.749796376,0.002609437657083178,12.339175768309866,2.637923580359224e-09
320,12209172.782198356,0.0027013685681917064,12.339175768309868,2.730132677498501e-09
321,12212339.722580291,0.0027963114627824466,12.339175768309868,2.8253536526186684e-09
322,12215430.845236482,0.00289435731540871,12.339175768309868,2.923677773105199e-09
323,12218446.424592936,0.002995599604799947,12.339175768309868,3.025198848579276e-09
324,12221386.735195944,0.0031001343756903,12.339175768309868,3.1300132952063794e-09
325,12224252.051700618,0.003208060301984025,12.339175768309868,3.238220201456918e-09
326,12227042.648859547,0.0033194787512833583,12.339175768309868,3.3499213953486567e-09
327,12229758.801511738,0.003434493850802418,12.339175768309868,3.4652215131987666e-09
328,12232400.784571344,0.0035532125546932467,12.339175768309868,3.5842280699161793e-09
329,12234968.873016877,0.003675744712808749,12.339175768309868,3.7070515308633647e-09
330,12237463.341880245,0.003802203140928542,12.339175768309868,3.833805385318412e-09
331,12239884.466236107,0.003932703692474291,12.339175768309868,3.96460622156868e-09
332,12242232.52119115,0.004067365331740083,12.339175768309868,4.0995738036666254e-09
333,12244507.78187368,0.004206310208665974,12.339175768309868,4.2388311498809305e-09
334,12246710.523423167,0.004349663735180722,12.33917576830987,4.3825046128742915e-09
335,12248841.020979913,0.004497554663142407,12.339175768309868,4.530723961641893e-09
336,12250899.549674971,0.004650115163904101,12.339175768309868,4.683622465243221e-09
337,12252886.38461996,0.0048074809095338894,12.339175768309868,4.841336978362323e-09
338,12254801.800897192,0.004969791155716807,12.339175768309868,5.004008028729764e-09
339,12256646.073549775,0.005137188826369315,12.339175768309868,5.17177990644302e-09
340,12258419.477571834,0.005309820599994283,12.339175768309868,5.34480075521939e-09
341,12260122.287898926,0.0054878369978078444,12.339175768309868,5.523222665619075e-09
342,12261754.779398423,0.005671392473667544,12.339175768309868,5.707201770274422e-09
343,12263317.226860141,0.005860645505832837,12.339175768309868,5.896898341162955e-09
344,12264809.904986955,0.006055758690589124,12.339175768309868,6.092476888962323e-09
345,12266233.088385655,0.006256898837766709,12.339175768309868,6.2941062645254205e-09
346,12267587.051557705,0.006464237068186597,12.339175768309868,6.501959762515021e-09
347,12268872.068890274,0.0066779489130657,12.339175768309868,6.716215227237647e-09
348,12270088.414647331,0.006898214415413967,12.339175768309868,6.937055160716894e-09
349,12271236.362960776,0.007125218233456971,12.339175768309868,7.164666833047533e-09
350,12272316.187821783,0.007359149746117103,12.339175768309868,7.3992423950713925e-09
351,12273328.163072063,0.007600203160587654,12.339175768309868,7.64097899341768e-09
352,12274272.562395457,0.007848577622034072,12.339175768309868,7.890078887950128e-09
353,12275149.659309417,0.008104477325458015,12.339175768309868,8.14674957166545e-09
354,12275959.727156743,0.008368111629757787,12.33917576830987,8.41120389308531e-09
355,12276703.039097272,0.00863969517402314,12.339175768309868,8.683660181188926e-09
356,12277379.868099833,0.00891944799609875,12.339175768309868,8.964342372929727e-09
357,12277990.486934138,0.009207595653453872,12.339175768309868,9.253480143383232e-09
358,12278535.168162799,0.009504369346395295,12.339175768309868,9.551309038572848e-09
359,12279014.184133539,0.009810006043660214,12.339175768309868,9.858070611020073e-09
360,12279427.806971442,0.010124748610428728,12.339175768309868,1.0174012558069164e-08
361,12279776.308571173,0.010448845938791886,12.339175768309868,1.0499388863032605e-08
362,12280059.960589537,0.010782553080717152,12.339175768309868,1.0834459939209669e-08
363,12280279.034437904,0.011126131383547209,12.339175768309868,1.1179492776825295e-08
364,12280433.801274799,0.011479848628074388,12.339175768309868,1.153476109294252e-08
365,12280524.531998655,0.011843979169231375,12.339175768309868,1.190054548440054e-08
366,12280551.497240571,0.01221880407943541,12.339175768309868,1.227713358382749e-08
367,12280514.967357142,0.012604611294630788,12.339175768309868,1.266482021878472e-08
368,12280415.212423503,0.013001695763069993,12.339175768309868,1.3063907574094959e-08
369,12280252.502226267,0.013410359596875556,12.339175768309868,1.3474705357409405e-08
370,12280027.106256785,0.0138309122264242,12.339175768309868,1.3897530968067678e-08
371,12279739.293704178,0.014263670557597934,12.339175768309868,1.4332709669308984e-08
372,12279389.333448855,0.014708959131945556,12.339175768309868,1.4780574763890695e-08
373,12278977.494055763,0.015167110289797519,12.33917576830987,1.5241467773171807e-08
374,12278504.04376788,0.01563846433637803,12.33917576830987,1.57157386197186e-08
375,12277969.250499792,0.016123369710962846,12.339175768309868,1.6203745813495626e-08
376,12277373.381831355,0.016622183159124154,12.339175768309868,1.6705856641697964e-08
377,12276716.705001317,0.017135269908110005,12.33917576830987,1.7222447362287453e-08
378,12275999.486901242,0.01766300384540715,12.339175768309868,1.7753903401296652e-08
379,12275221.99406936,0.01820576770052944,12.339175768309868,1.830061955395884e-08
380,12274384.492684402,0.01876395323008317,12.339175768309868,1.8863000189731395e-08
381,12273487.248559875,0.019337961406157053,12.339175768309866,1.944145946127598e-08
382,12272530.527137972,0.01992820260808245,12.339175768309868,2.003642151745906e-08
383,12271514.593483897,0.02053509681761509,12.339175768309868,2.064832072043982e-08
384,12270439.71228011,0.021159073817588317,12.339175768309868,2.1277601866913885e-08
385,12269306.147820672,0.02180057339408674,12.339175768309868,2.192472041357914e-08
386,12268114.164005646,0.022460045542188913,12.339175768309868,2.2590142706890606e-08
387,12266864.024335712,0.023137950675335254,12.339175768309868,2.3274346217178892e-08
388,12265555.991906667,0.023834759838366252,12.339175768309868,2.3977819777196775e-08
389,12264190.329404049,0.024550954924288618,12.339175768309868,2.470106382517064e-08
390,12262767.299097983,0.025287028894819433,12.339175768309868,2.5444590652426296e-08
391,12261287.162837926,0.026043486004759735,12.339175768309868,2.620892465566148e-08
392,12259750.182047509,0.026820842030254102,12.339175768309866,2.699460259394181e-08
393,12258156.617719583,0.027619624500990314,12.339175768309868,2.7802173850495127e-08
394,12256506.730411151,0.028440372936391522,12.339175768309868,2.8632200699378712e-08
395,12254800.78023852,0.0292836390858552,12.339175768309868,2.9485258577094828e-08
396,12253039.026872467,0.030149987173101037,12.339175768309868,3.0361936359239653e-08
397,12251221.729533484,0.031039994144677237,12.339175768309868,3.126283664225757e-08
398,12249349.146986997,0.03195424992268242,12.339175768309868,3.218857603038156e-08
399,12247421.537538875,0.032893357661765585,12.339175768309868,3.3139785427845155e-08
400,12245439.159030814,0.03385793401045879,12.339175768309868,3.411711033644575e-08
401,12243402.268835792,0.03484860937689684,12.33917576830987,3.512121115853771e-08
402,12241311.123853762,0.03586602819899325,12.339175768309866,3.615276350554937e-08
403,12239165.980507227,0.0369108492191195,12.339175768309866,3.721245851209736e-08
404,12236967.094736947,0.03798374576335693,12.339175768309868,3.8301003155793126e-08
405,12234714.72199778,0.03908540602538099,12.339175768309868,3.941912058282818e-08
406,12232409.11725448,0.040216533355031496,12.339175768309868,4.056755043941902e-08
407,12230050.534977576,0.041377846551638175,12.33917576830987,4.174704920920868e-08
408,12227639.229139425,0.04257008016216132,12.339175768309868,4.295839055671243e-08
409,12225175.453210237,0.043793984784211995,12.339175768309868,4.420236567690157e-08
410,12222659.460154051,0.04505032737400781,12.33917576830987,4.547978365101057e-08
411,12220091.50242508,0.046339891559339486,12.339175768309868,4.679147180867146e-08
412,12217471.831963843,0.047663477957601265,12.339175768309868,4.813827609646055e-08
413,12214800.700193394,0.04902190449896076,12.339175768309868,4.9521061452963376e-08
414,12212078.358015807,0.05041600675472398,12.339175768309868,5.094071219044429e-08
415,12209305.055808494,0.05184663827096796,12.339175768309866,5.239813238322689e-08
416,12206481.043420637,0.05331467090750278,12.339175768309866,5.389424626287878e-08
417,12203606.570169825,0.05482099518223954,12.339175768309868,5.5429998620310226e-08
418,12200681.884838557,0.056366520621017865,12.339175768309868,5.7006355214875396e-08
419,12197707.235670917,0.05795217611297227,12.339175768309868,5.862430319058903e-08
420,12194682.870369261,0.0595789102715011,12.339175768309868,6.028485149955797e-08
421,12191609.036090972,0.06124769180091041,12.339175768309868,6.198903133273551e-08
422,12188485.979445353,0.0629595098688024,12.339175768309868,6.373789655810431e-08
423,12185313.946490332,0.06471537448427003,12.339175768309868,6.55325241663881e-08
424,12182093.182729555,0.06651631688198516,12.339175768309868,6.737401472441461e-08
425,12178823.933109334,0.06836338991224042,12.339175768309868,6.926349283623094e-08
426,12175506.442015588,0.0702576684370156,12.339175768309868,7.120210761208039e-08
427,12172140.953271039,0.07220024973215003,12.339175768309868,7.3191033145361e-08
428,12168727.710132359,0.07419225389568554,12.339175768309868,7.523146899767213e-08
429,12165266.95528726,0.07623482426245944,12.339175768309868,7.732464069207009e-08
430,12161758.9308519,0.07832912782502122,12.339175768309868,7.947180021464593e-08
431,12158203.878368078,0.08047635566094372,12.339175768309868,8.167422652454232e-08
432,12154602.038800582,0.08267772336660437,12.339175768309868,8.393322607252571e-08
433,12150953.652534716,0.08493447149752617,12.339175768309868,8.625013332824791e-08
434,12147258.959373647,0.08724786601533253,12.339175768309868,8.862631131629787e-08
435,12143518.198535934,0.08961919874140614,12.339175768309868,9.106315216117743e-08
436,12139731.608653132,0.09204978781733605,12.339175768309868,9.356207764133212e-08
437,12135899.427767364,0.09454097817221367,12.339175768309868,9.612453975234551e-08
438,12132021.893328985,0.09709414199687094,12.339175768309868,9.875202127943764e-08
439,12128099.242194299,0.09971067922513054,12.339175768309868,1.0144603637938618e-07
440,12124131.71062333,0.10239201802215978,12.339175768309868,1.042081311720116e-07
441,12120119.534277553,0.10513961527999054,12.339175768309868,1.0703988434133969e-07
442,12116062.948217856,0.10795495712031039,12.339175768309866,1.0994290774659592e-07
443,12111962.186902346,0.11083955940457725,12.339175768309868,1.1291884704313838e-07
444,12107817.48418434,0.1137949682515618,12.339175768309868,1.1596938231348419e-07
445,12103629.073310323,0.11682276056240488,12.339175768309868,1.1909622870857238e-07
446,12099397.186918028,0.1199245445532428,12.339175768309868,1.2230113709936813e-07
447,12095122.057034457,0.1231019602955094,12.33917576830987,1.2558589473897575e-07
448,12090803.915074052,0.1263566802639992,12.339175768309868,1.2895232593539811e-07
449,12086442.991836902,0.1296904098927697,12.33917576830987,1.324022927350794e-07
450,12082039.517506808,0.13310488813895457,12.339175768309868,1.3593769561736236e-07
451,12077593.721649708,0.13660188805460166,12.339175768309866,1.395604742000283e-07
452,12073105.833211914,0.14018321736660488,12.339175768309868,1.4327260795605455e-07
453,12068576.080518411,0.14385071906481195,12.339175768309868,1.4707611694172889e-07
454,12064004.691271273,0.14760627199841808,12.339175768309868,1.5097306253629348e-07
455,12059391.892548144,0.15145179148070242,12.339175768309868,1.549655481932371e-07
456,12054737.910800599,0.1553892299022182,12.339175768309868,1.5905572020341354e-07
457,12050042.971852748,0.15942057735252724,12.339175768309868,1.6324576847013683e-07
458,12045307.300899738,0.16354786225055143,12.339175768309868,1.6753792729639568e-07
459,12040531.122506345,0.16777315198363407,12.339175768309868,1.7193447618434453e-07
460,12035714.6606056,0.17209855355542725,12.339175768309868,1.7643774064725585e-07
461,12030858.138497494,0.17652621424265907,12.339175768309868,1.8105009303405548e-07
462,12025961.77884765,0.18105832226090082,12.339175768309868,1.8577395336663238e-07
463,12021025.803686038,0.18569710743940296,12.339175768309868,1.9061179019006124e-07
464,12016050.43440585,0.19044484190511646,12.339175768309868,1.9556612143592525e-07
465,12011035.891762247,0.19530384077598312,12.339175768309868,2.0063951529889926e-07
466,12005982.395871224,0.20027646286356945,12.339175768309868,2.0583459112673798e-07
467,12000890.16620854,0.20536511138517452,12.339175768309868,2.1115402032387608e-07
468,11995759.421608645,0.210572234685471,12.339175768309868,2.166005272687762e-07
469,11990590.380263606,0.2159003269678022,12.339175768309868,2.2217689024522537e-07
470,11985383.259722158,0.22135192903521272,12.339175768309868,2.278859423877329e-07
471,11980138.276888736,0.22692962904131564,12.339175768309868,2.3373057264121556e-07
472,11974855.648022536,0.2326360632510855,12.339175768309868,2.397137267351378e-07
473,11969535.58873663,0.2384739168117003,12.339175768309868,2.458384081723141e-07
474,11964178.313997135,0.24444592453348643,12.339175768309868,2.521076792325063e-07
475,11958784.038122315,0.25055487168109847,12.339175768309868,2.585246619910386e-07
476,11953352.974781912,0.25680359477502446,12.339175768309868,2.650925393525963e-07
477,11947885.336996315,0.2631949824035146,12.339175768309868,2.7181455610040486e-07
478,11942381.33713581,0.26973197604502064,12.339175768309868,2.786940199609544e-07
479,11936841.186919983,0.2764175709012591,12.339175768309868,2.857343026844741e-07
480,11931265.09741701,0.2832548167410118,12.339175768309868,2.929388411413642e-07
481,11925653.279042998,0.2902468187547219,12.339175768309868,3.003111384347315e-07
482,11920005.941561481,0.2973967384200379,12.339175768309868,3.078547650292706e-07
483,11914323.294082794,0.30470779437836415,12.339175768309868,3.155733598966522e-07
484,11908605.54506352,0.31218326332253943,12.339175768309868,3.234706316776261e-07
485,11902852.902306104,0.31982648089576615,12.339175768309868,3.315503598610605e-07
486,11897065.572958253,0.3276408426018468,12.339175768309868,3.39816395980078e-07
487,11891243.763512548,0.33562980472685494,12.339175768309868,3.4827266482550493e-07
488,11885387.679806087,0.34379688527236363,12.339175768309868,3.5692316567686153e-07
489,11879497.527020024,0.3521456649003175,12.339175768309868,3.6577197355108645e-07
490,11873573.509679226,0.36067978788962285,12.33917576830987,3.748232404691627e-07
491,11867615.831652017,0.36940296310462245,12.339175768309868,3.840811967409222e-07
492,11861624.696149822,0.3783189649755179,12.339175768309868,3.93550152268198e-07
493,11855600.305726906,0.3874316344908423,12.339175768309868,4.0323449786653154e-07
494,11849542.862280173,0.39674488020213133,12.339175768309868,4.13138706605692e-07
495,11843452.567048918,0.40626267924084153,12.339175768309868,4.232673351691679e-07
496,11837329.62061464,0.4159890783476639,12.339175768309868,4.3362502523288917e-07
497,11831174.222900907,0.42592819491434014,12.339175768309868,4.442165048633996e-07
498,11824986.573173253,0.4360842180380637,12.339175768309868,4.5504658993567505e-07
499,11818766.870038958,0.4464614095885738,12.339175768309868,4.661201855708182e-07
500,11812515.311447108,0.45706410528809555,12.339175768309868,4.774422875938848e-07
501,11806232.094688488,0.4678967158041896,12.339175768309868,4.890179840120414e-07
502,11799917.416395495,0.47896372785562247,12.339175768309868,5.008524565132748e-07
503,11793571.472542234,0.4902697053313883,12.339175768309866,5.129509819859042e-07
504,11787194.45844449,0.5018192904229967,12.339175768309868,5.253189340591426e-07
505,11780786.568759749,0.5136172047701058,12.339175768309868,5.37961784664905e-07
506,11774347.99748731,0.5256682506196135,12.339175768309868,5.508851056210991e-07
507,11767878.937968377,0.5379773119983685,12.339175768309868,5.640945702366967e-07
508,11761379.582886163,0.5505493558995549,12.339175768309868,5.775959549387621e-07
509,11754850.124266012,0.5633894334828745,12.339175768309866,5.913951409216956e-07
510,11748290.75347562,0.5765026812886683,12.339175768309868,6.054981158189605e-07
511,11741701.661225177,0.5898943224660426,12.339175768309868,6.199109753975012e-07
512,11735083.037567547,0.6035696680151535,12.339175768309868,6.346399252751386e-07
513,11728435.071898613,0.617534118043749,12.339175768309868,6.496912826611676e-07
514,11721757.9529574,0.6317931630380672,12.339175768309868,6.650714781204199e-07
515,11715051.86882641,0.6463523851482036,12.339175768309868,6.807870573610158e-07
516,11708317.006931955,0.6612174594881034,12.339175768309868,6.96844683046122e-07
517,11701553.55404441,0.6763941554502432,12.339175768309868,7.132511366299203e-07
518,11694761.696278574,0.6918883380351146,12.339175768309868,7.300133202180396e-07
519,11687941.619094035,0.7077059691956958,12.339175768309868,7.471382584527883e-07
520,11681093.507295588,0.7238531091969084,12.339175768309868,7.646331004233294e-07
521,11674217.545033526,0.7403359179902742,12.339175768309866,7.825051216011752e-07
522,11667313.915804185,0.7571606566038694,12.339175768309868,8.00761725801229e-07
523,11660382.802450303,0.7743336885476354,12.339175768309868,8.194104471686108e-07
524,11653424.38716153,0.7918614812341876,12.33917576830987,8.384589521915445e-07
525,11646438.851474859,0.8097506074153237,12.339175768309868,8.579150417406824e-07
526,11639426.376275156,0.8280077466341915,12.339175768309868,8.777866531349711e-07
527,11632387.141795658,0.8466396866933477,12.339175768309868,8.980818622344586e-07
528,11625321.327618504,0.865653325138789,12.339175768309868,9.188088855602883e-07
529,11618229.112675343,0.8850556707600752,12.339175768309868,9.399760824421544e-07
530,11611110.675247809,0.9048538451066502,12.339175768309868,9.615919571935093e-07
531,11603966.192968182,0.9250550840204699,12.339175768309868,9.83665161314774e-07
532,11596795.842819998,0.9456667391850925,12.339175768309866,1.0062044957248987e-06
533,11589599.801138593,0.9666962796913315,12.339175768309866,1.029218913021545e-06
534,11582378.243611831,0.98815129361954,12.339175768309868,1.0527175197701054e-06
535,11575131.345280731,1.0100394896387177,12.339175768309868,1.0767095788219642e-06
536,11567859.280540112,1.0323686986225036,12.33917576830987,1.1012045116622145e-06
537,11560562.223139329,1.0551468752822286,12.339175768309868,1.126211900787192e-06
538,11553240.346182955,1.0783820998170734,12.33917576830987,1.1517414921120545e-06
539,11545893.822131496,1.1020825795814484,12.339175768309868,1.1778031974087008e-06
540,11538522.82280213,1.1262566507698883,12.339175768309868,1.2044070967745184e-06
541,11531127.519369513,1.150912780119277,12.339175768309868,1.2315634411319396e-06
542,11523708.082366448,1.1760595666287719,12.339175768309868,1.2592826547593978e-06
543,11516264.681684757,1.2017057432974465,12.339175768309868,1.2875753378538534e-06
544,11508797.486576058,1.227860178879799,12.339175768309868,1.3164522691252681e-06
545,11501306.665652541,1.2545318796591458,12.339175768309868,1.3459244084232138e-06
546,11493792.386887828,1.281729991239231,12.339175768309868,1.3760028993961582e-06
547,11486254.817617843,1.3094638003538879,12.339175768309868,1.406699072183445e-06
548,11478694.124541601,1.3377427366951344,12.339175768309868,1.4380244461405856e-06
549,11471110.47372212,1.3665763747596746,12.33917576830987,1.469990732597996e-06
550,11463504.030587312,1.3959744357139305,12.339175768309868,1.5026098376535287e-06
551,11455874.959930874,1.4259467892777546,12.339175768309868,1.5358938649991598e-06
552,11448223.425913157,1.4565034556269503,12.339175768309868,1.569855118782164e-06
553,11440549.592062164,1.4876546073147165,12.33917576830987,1.6045061065010888e-06
554,11432853.621274438,1.5194105712120782,12.339175768309868,1.6398595419368301e-06
555,11425135.675815996,1.5517818304674749,12.339175768309868,1.6759283481191784e-06
556,11417395.917323356,1.5847790264856447,12.339175768309868,1.7127256603291835e-06
557,11409634.506804468,1.618412960925866,12.33917576830987,1.7502648291376424e-06
558,11401851.604639674,1.652694597719653,12.33917576830987,1.7885594234800106e-06
559,11394047.370582763,1.6876350651082062,12.339175768309868,1.8276232337682612e-06
560,11386221.963761969,1.7232456576994082,12.339175768309868,1.867470275039709e-06
561,11378375.542680955,1.7595378385448186,12.339175768309866,1.908114790143495e-06
562,11370508.265219895,1.7965232412365981,12.339175768309868,1.9495712529648678e-06
563,11362620.288636507,1.8342136720245161,12.339175768309868,1.991854371687664e-06
564,11354711.769567061,1.8726211119530782,12.339175768309868,2.0349790920952564e-06
565,11346782.864027528,1.9117577190191672,12.339175768309868,2.0789606009105898e-06
566,11338833.727414582,1.9516358303499672,12.339175768309868,2.1238143291753317e-06
567,11330864.514506742,1.992267964401439,12.339175768309868,2.1695559556686143e-06
568,11322875.379465451,2.033666823177587,12.339175768309868,2.216201410365894e-06
569,11314866.475836195,2.075845294470401,12.339175768309868,2.263766877938017e-06
570,11306837.95654958,2.1188164541207684,12.339175768309868,2.312268801291066e-06
571,11298789.973922525,2.162593568300356,12.339175768309868,2.3617238851471986e-06
572,11290722.679659382,2.207190095814665,12.339175768309868,2.412149099666973e-06
573,11282636.224853026,2.252619690427354,12.339175768309868,2.4635616841134985e-06
574,11274530.759986112,2.2988962032059006,12.339175768309868,2.5159791505587013e-06
575,11266406.434932152,2.346033684888704,12.339175768309868,2.569419287632129e-06
576,11258263.398956781,2.394046388273888,12.339175768309868,2.62390016431275e-06
577,11250101.800718835,2.4429487706297524,12.339175768309868,2.679440133764029e-06
578,11241921.78827166,2.4927554961270917,12.339175768309868,2.736057837212679e-06
579,11233723.509064216,2.5434814382933117,12.339175768309868,2.7937722078713626e-06
580,11225507.109942358,2.595141682488878,12.339175768309868,2.852602474906107e-06
581,11217272.73715004,2.647751528405707,12.339175768309868,2.912568167448323e-06
582,11209020.536330506,2.7013264925878606,12.339175768309868,2.9736891186520702e-06
583,11200750.652527584,2.7558823109747603,12.33917576830987,3.0359854697970495e-06
584,11192463.230186906,2.8114349414668522,12.339175768309868,3.099477674437546e-06
585,11184158.413157122,2.86800056651377,12.339175768309868,3.164186502597647e-06
586,11175836.34469123,2.925595595725488,12.339175768309868,3.2301330450134984e-06
587,11167497.167447828,2.984236668506056,12.339175768309868,3.2973387174224885e-06
588,11159141.023492306,3.0439406567104905,12.33917576830987,3.365825264900257e-06
589,11150768.054298256,3.104724667324642,12.339175768309868,3.43561476624554e-06
590,11142378.400748674,3.166606045168234,12.339175768309868,3.506729638413466e-06
591,11133972.203137297,3.229602375621255,12.339175768309868,3.579192640997683e-06
592,11125549.601169886,3.293731487373631,12.339175768309868,3.6530268807615852e-06
593,11117110.733965535,3.3590114551986363,12.339175768309868,3.7282558162194135e-06
594,11108655.740058018,3.4254606027496743,12.339175768309868,3.8049032622670995e-06
595,11100184.757397074,3.493097505380896,12.339175768309868,3.882993394863704e-06
596,11091697.923349753,3.5619409929916372,12.33917576830987,3.96255075576368e-06
597,11083195.374701768,3.632010152894953,12.339175768309868,4.043600257300594e-06
598,11074677.247658813,3.7033243327098377,12.339175768309868,4.126167187222153e-06
599,11066143.677847935,3.775903143278082,12.339175768309868,4.21027721357787e-06
600,11057594.800318861,3.849766461604944,12.339175768309868,4.295956389658801e-06
601,11049030.749545356,3.924934433824473,12.339175768309868,4.383231158990553e-06
602,11040451.659426639,4.001427478189293,12.339175768309868,4.472128360379663e-06
603,11031857.663288714,4.07926628808488,12.339175768309868,4.562675233013744e-06
604,11023248.893885713,4.158471835068393,12.33917576830987,4.654899421615743e-06
605,11014625.483401364,4.2390653719327505,12.339175768309868,4.748828981653361e-06
606,11005987.563450305,4.321068435795205,12.339175768309868,4.844492384603226e-06
607,10997335.265079498,4.404502851210826,12.339175768309868,4.941918523270507e-06
608,10988668.718769653,4.489390733311544,12.339175768309866,5.041136717165045e-06
609,10979988.05443659,4.5757544909700485,12.339175768309868,5.142176717933582e-06
610,10971293.40143264,4.663616829989113,12.339175768309868,5.245068714849012e-06
611,10962584.888548119,4.7530007563161565,12.339175768309868,5.3498433403567585e-06
612,10953862.644012673,4.843929579283563,12.339175768309868,5.456531675679281e-06
613,10945126.795496723,4.936426914874551,12.339175768309868,5.565165256478728e-06
614,10936377.470112918,5.0305166890145205,12.339175768309868,5.675776078578007e-06
615,10927614.794417525,5.126223140888457,12.339175768309868,5.788396603741352e-06
616,10918838.894411862,5.223570826284097,12.339175768309868,5.903059765514279e-06
617,10910049.895543754,5.322584620961286,12.339175768309868,6.019798975123841e-06
618,10901247.922708979,5.423289724047113,12.339175768309868,6.138648127439027e-06
619,10892433.100252667,5.525711661457371,12.339175768309868,6.25964160699233e-06
620,10883605.551970819,5.629876289344554,12.339175768309866,6.382814294062984e-06
621,10874765.401111694,5.7358097975718545,12.339175768309868,6.508201570821733e-06
622,10865912.770377284,5.843538713213817,12.339175768309868,6.635839327538147e-06
623,10857047.78192478,5.953089904083488,12.339175768309868,6.7657639688507e-06
624,10848170.557368051,6.064490582286491,12.339175768309868,6.8980124201004535e-06
625,10839281.21777905,6.177768307801241,12.33917576830987,7.032622133727871e-06
626,10830379.883689327,6.292950992086828,12.339175768309868,7.16963109573477e-06
627,10821466.675091522,6.410066901717058,12.339175768309868,7.309077832210142e-06
628,10812541.711440764,6.529144662042002,12.339175768309868,7.451001415921776e-06
629,10803605.11165621,6.650213260876512,12.339175768309868,7.595441472973346e-06
630,10794656.994122516,6.773302052215895,12.339175768309868,7.742438189527645e-06
631,10785697.476691268,6.898440759978866,12.339175768309868,7.892032318596512e-06
632,10776726.67668254,7.025659481777896,12.339175768309868,8.044265186897809e-06
633,10767744.710886337,7.1549886927171915,12.339175768309868,8.199178701780332e-06
634,10758751.695564073,7.28645924921777,12.339175768309868,8.356815358216275e-06
635,10749747.746450106,7.420102392870767,12.339175768309868,8.517218245862956e-06
636,10740732.978753196,7.5559497543178935,12.339175768309868,8.680431056193062e-06
637,10731707.507157985,7.694033357159836,12.339175768309868,8.846498089694616e-06
638,10722671.445826568,7.834385621892975,12.33917576830987,9.015464263141483e-06
639,10713624.908399925,7.977039369873441,12.339175768309868,9.187375116933852e-06
640,10704568.007999403,8.122027827309243,12.33917576830987,9.362276822509795e-06
641,10695500.857228318,8.269384629281141,12.339175768309868,9.540216189829036e-06
642,10686423.568173358,8.419143823791075,12.339175768309868,9.72124067492823e-06
643,10677336.252406152,8.571339875839119,12.339175768309868,9.90539838754898e-06
644,10668239.020984747,8.726007671528416,12.339175768309868,1.0092738098838609e-05
645,10659131.98445513,8.883182522199345,12.339175768309868,1.0283309249125409e-05
646,10650015.252852738,9.042900168591478,12.339175768309868,1.0477161955767207e-05
647,10640888.93570396,9.205196785033957,12.339175768309868,1.0674347021074382e-05
648,10631753.142027665,9.37010898366533,12.339175768309868,1.0874915940308897e-05
649,10622607.980336728,9.537673818681402,12.33917576830987,1.107892090975821e-05
650,10613453.55863948,9.707928790612073,12.33917576830987,1.1286414834885622e-05
651,10604289.984441325,9.880911850627042,12.339175768309868,1.1497451338557142e-05
652,10595117.364746187,10.05666140487034,12.33917576830987,1.1712084769345625e-05
653,10585935.806058021,10.235216318824078,12.339175768309868,1.1930370209912792e-05
654,10576745.414382406,10.41661592170107,12.339175768309868,1.2152363485469205e-05
655,10567546.29522799,10.600900010866443,12.33917576830987,1.2378121172312968e-05
656,10558338.553608032,10.78810885628854,12.339175768309868,1.260770060644775e-05
657,10549122.29404195,10.978283205019565,12.339175768309868,1.2841159892281169e-05
658,10539897.620556826,11.171464285704577,12.339175768309868,1.307855791140242e-05
659,10530664.636688896,11.3676938131204,12.339175768309868,1.3319954331441421e-05
660,10521423.445485136,11.567013992744302,12.33917576830987,1.3565409615009618e-05
661,10512174.149504747,11.769467525351482,12.33917576830987,1.381498502872204e-05
662,10502916.850820666,11.975097611642349,12.33917576830987,1.4068742652302053e-05
663,10493651.65102113,12.183947956899647,12.33917576830987,1.4326745387769299e-05
664,10484378.65121117,12.39606277567499,12.339175768309868,1.4589056968710965e-05
665,10475097.952014146,12.61148679650515,12.339175768309868,1.48557419696371e-05
666,10465809.653573262,12.830265266658238,12.339175768309868,1.5126865815420677e-05
667,10456513.855553111,13.052443956909473,12.33917576830987,1.540249479082249e-05
668,10447210.657141179,13.278069166347002,12.339175768309868,1.5682696050101986e-05
669,10437900.15704939,13.507187727207764,12.339175768309868,1.596753762671442e-05
670,10428582.453515586,13.739847009743091,12.339175768309868,1.6257088443094544e-05
671,10419257.644305116,13.976094927114294,12.33917576830987,1.6551418320527433e-05
672,10409925.826712318,14.21597994031851,12.339175768309868,1.685059798910755e-05
673,10400587.097562032,14.459551063144941,12.339175768309868,1.7154699097786495e-05
674,10391241.553211149,14.706857867160226,12.339175768309868,1.7463794224508425e-05
675,10381889.289550137,14.957950486725446,12.33917576830987,1.7777956886436714e-05
676,10372530.402004546,15.212879624042186,12.339175768309868,1.8097261550269303e-05
677,10363164.985536521,15.471696554229275,12.339175768309868,1.8421783642645104e-05
678,10353793.13464635,15.734453130430422,12.33917576830987,1.875159956064217e-05
679,10344414.943373986,16.001201788951395,12.339175768309868,1.908678668236669e-05
680,10335030.505300513,16.271995554427626,12.33917576830987,1.9427423377634345e-05
681,10325639.913549721,16.546888045023135,12.339175768309868,1.9773589018745374e-05
682,10316243.260789637,16.82593347765947,12.339175768309866,2.012536399135258e-05
683,10306840.639233954,17.10918667327399,12.339175768309868,2.048282970542206e-05
684,10297432.140643643,17.396703062110962,12.339175768309868,2.0846068606290835e-05
685,10288017.856328428,17.688538689041476,12.339175768309868,2.1215164185817732e-05
686,10278597.877148297,17.984750218914915,12.339175768309868,2.1590200993630988e-05
687,10269172.293515014,18.285394941939792,12.339175768309866,2.1971264648470514e-05
688,10259741.195393633,18.59053077909701,12.339175768309868,2.2358441849629088e-05
689,10250304.672304053,18.900216287582776,12.339175768309868,2.2751820388489536e-05
690,10240862.813322434,19.214510666282145,12.339175768309868,2.315148916016002e-05
691,10231415.707082799,19.533473761273704,12.339175768309868,2.3557538175207935e-05
692,10221963.441778503,19.85716607136476,12.339175768309868,2.3970058571492805e-05
693,10212506.10516371,20.18564875365754,12.339175768309866,2.4389142626099085e-05
694,10203043.784554953,20.518983629146287,12.339175768309866,2.4814883767369084e-05
695,10193576.566832624,20.8572331883444,12.339175768309868,2.524737658703588e-05
696,10184104.538442425,21.200460596943373,12.339175768309868,2.5686716852458864e-05
697,10174627.785396954,21.54872970150226,12.33917576830987,2.6133001518960456e-05
698,10165146.393277114,21.902105035168148,12.33917576830987,2.658632874226595e-05
699,10155660.447233684,22.26065182342619,12.339175768309868,2.704679789104443e-05
700,10146170.031988798,22.624435989883253,12.339175768309866,2.7514509559556857e-05
701,10136675.231837392,22.99352416208011,12.339175768309868,2.7989565580405656e-05
702,10127176.13064875,23.367983677335108,12.33917576830987,2.847206903738946e-05
703,10117672.811867971,23.747882588619216,12.339175768309868,2.8962124278464152e-05
704,10108165.35851751,24.133289670462343,12.339175768309868,2.9459836928809964e-05
705,10098653.853198564,24.52427442488875,12.339175768309866,2.996531390400342e-05
706,10089138.378092626,24.920907087386315,12.339175768309868,3.0478663423299486e-05
707,10079619.014962984,25.323258632903574,12.339175768309868,3.0999995023017735e-05
708,10070095.84515617,25.73140078188017,12.339175768309868,3.152941957003999e-05
709,10060568.949603425,26.145406006307095,12.339175768309868,3.206704927541546e-05
710,10051038.408822238,26.56534753581836,12.339175768309868,3.2612997708075674e-05
711,10041504.302917747,26.991299363812725,12.339175768309868,3.31673798086589e-05
712,10031966.711584283,27.42333625360727,12.339175768309868,3.3730311903445905e-05
713,10022425.714106804,27.861533744622232,12.339175768309866,3.430191171840765e-05
714,10012881.389362356,28.305968158595164,12.339175768309866,3.488229839336293e-05
715,10003333.815821577,28.756716605827766,12.339175768309868,3.547159249625034e-05
716,9993783.071550153,29.21385699146243,12.339175768309868,3.606991603751202e-05
717,9984229.234210245,29.677468021790254,12.339175768309868,3.6677392484591866e-05
718,9974672.381061995,30.147629210589674,12.339175768309868,3.729414677654733e-05
719,9965112.588964988,30.624420885496672,12.339175768309868,3.7920305338777025e-05
720,9955549.934379654,31.107924194403868,12.339175768309868,3.8555996097861623e-05
721,9945984.4933688,31.59822111189319,12.339175768309868,3.920134849652356e-05
722,9936416.34159901,32.09539444569806,12.339175768309868,3.985649350870233e-05
723,9926845.554342099,32.59952784319457,12.339175768309868,4.052156365474435e-05
724,9917272.206476582,33.11070579792661,12.339175768309868,4.119669301671475e-05
725,9907696.372489126,33.62901365616035,12.339175768309868,4.188201725382566e-05
726,9898118.126475966,34.154537623469196,12.339175768309868,4.2577673617983377e-05
727,9888537.542144334,34.6873647713485,12.339175768309868,4.3283800969453956e-05
728,9878954.692813968,35.227583043863326,12.33917576830987,4.400053979265147e-05
729,9869369.651418481,35.77528126432605,12.33917576830987,4.4728032212046706e-05
730,9859782.4905068,36.330549142002475,12.339175768309868,4.546642200819436e-05
731,9850193.282244643,36.89347727885113,12.339175768309868,4.6215854633885156e-05
732,9840602.098415913,37.46415717629215,12.339175768309868,4.697647723041979e-05
733,9831009.010424111,38.042681242006765,12.339175768309868,4.7748438644006044e-05
734,9821414.089293787,38.62914279676676,12.339175768309868,4.853188944227887e-05
735,9811817.405671963,39.22363608129519,12.339175768309868,4.9326981930945986e-05
736,9802219.029829547,39.826256263156374,12.339175768309868,5.013387017055706e-05
737,9792619.031662706,40.43709944367784,12.339175768309868,5.0952709993400676e-05
738,9783017.480694352,41.05626266490153,12.339175768309868,5.178365902052564e-05
739,9773414.446075505,41.683843916564115,12.339175768309868,5.2626876678888054e-05
740,9763809.996586714,42.31994214311078,12.339175768309868,5.348252421862974e-05
741,9754204.200639447,42.964657250736494,12.339175768309868,5.435076473048125e-05
742,9744597.126277514,43.61809011445731,12.339175768309868,5.523176316329327e-05
743,9734988.84117846,44.28034258521333,12.339175768309868,5.612568634169919e-05
744,9725379.412654968,44.951517497001504,12.339175768309868,5.7032702983907345e-05
745,9715768.907656213,45.63171867403641,12.339175768309868,5.7952983719621254e-05
746,9706157.392769318,46.32105093794413,12.339175768309868,5.888670110809436e-05
747,9696544.934220705,47.01962011498225,12.339175768309868,5.9834029656312064e-05
748,9686931.597877461,47.727533043293235,12.339175768309868,6.0795145837310594e-05
749,9677317.449248757,48.44489758018537,12.339175768309868,6.17702281086254e-05
750,9667702.553487225,49.17182260944407,12.339175768309868,6.275945693087416e-05
751,9658086.975390296,49.90841804867233,12.339175768309868,6.376301478647328e-05
752,9648470.779401617,50.654794856661276,12.33917576830987,6.478108619848939e-05
753,9638854.029612415,51.41106504079062,12.339175768309866,6.581385774962655e-05
754,9629236.789762827,52.17734166445677,12.339175768309866,6.686151810134763e-05
755,9619619.123243315,52.95373885453305,12.339175768309868,6.792425801313463e-05
756,9610001.093096005,53.740371808855926,12.339175768309868,6.90022703618826e-05
757,9600382.762016019,54.53735680374233,12.339175768309866,7.009575016143338e-05
758,9590764.192352891,55.344811201538455,12.339175768309868,7.120489458225023e-05
759,9581145.446111873,56.1628534581915,12.339175768309868,7.232990297122381e-05
760,9571526.584955279,56.99160313085535,12.339175768309868,7.347097687162397e-05
761,9561907.67020388,57.83118088552471,12.339175768309868,7.46283200431903e-05
762,9552288.7628382,58.681708504697085,12.339175768309868,7.580213848236303e-05
763,9542669.92349987,59.54330889506126,12.339175768309868,7.699264044265142e-05
764,9533051.21249298,60.416106095219355,12.339175768309868,7.82000364551506e-05
765,9523432.689785397,61.30022528343383,12.339175768309868,7.942453934919632e-05
766,9513814.415010089,62.19579278540406,12.339175768309868,8.066636427316368e-05
767,9504196.447466481,63.102936082070876,12.339175768309868,8.192572871540926e-05
768,9494578.846121758,64.02178381745017,12.339175768309866,8.320285252535816e-05
769,9484961.66961219,64.95246580649466,12.339175768309868,8.449795793473601e-05
770,9475344.976244433,65.8951130429835,12.339175768309868,8.581126957894587e-05
771,9465728.823996883,66.84985770743897,12.339175768309868,8.714301451858973e-05
772,9456113.27052097,67.81683317507215,12.339175768309866,8.849342226113801e-05
773,9446498.373142464,68.79617402375806,12.33917576830987,8.986272478274867e-05
774,9436884.188862743,69.7880160420356,12.339175768309868,9.125115655023016e-05
775,9427270.774360178,70.79249623713511,12.339175768309868,9.265895454315199e-05
776,9417658.185991375,71.80975284303736,12.339175768309868,9.408635827611028e-05
777,9408046.479792451,72.83992532855527,12.339175768309868,9.553360982113656e-05
778,9398435.711480403,73.88315440544754,12.339175768309868,9.700095383026184e-05
779,9388825.93645431,74.93958203655227,12.339175768309866,9.848863755822332e-05
780,9379217.20979668,76.00935144395862,12.339175768309866,9.99969108853354e-05
781,9369609.58627472,77.09260711719558,12.339175768309868,0.00010152602634050042
782,9360003.120341582,78.18949482145138,12.33917576830987,0.00010307623912437689
783,9350397.866137678,79.30016160582122,12.33917576830987,0.00010464780713270219
784,9340793.877491951,80.42475581157962,12.339175768309868,0.00010624099097976659
785,9331191.207923107,81.56342708047961,12.339175768309866,0.00010785605402204253
786,9321589.910640918,82.71632636307957,12.339175768309868,0.00010949326238196913
787,9311990.038547484,83.88360592709478,12.339175768309868,0.00011115288497189084
788,9302391.644238453,85.06541936577514,12.339175768309868,0.00011283519351815238
789,9292794.780004324,86.26192160631182,12.339175768309866,0.00011454046258535291
790,9283199.497831684,87.47326891826653,12.339175768309868,0.00011626896960075403
791,9273605.849404428,88.69961892202804,12.33917576830987,0.00011802099487884726
792,9264013.886105057,89.941130597294,12.339175768309868,0.00011979682164607865
793,9254423.65901588,91.19796429157998,12.33917576830987,0.0001215967360657355
794,9244835.218920266,92.47028172875024,12.33917576830987,0.00012342102726298714
795,9235248.616303876,93.75824601757975,12.339175768309868,0.0001252699873500935
796,9225663.901355917,95.06202166033493,12.339175768309868,0.0001271439114517662
797,9216081.12397032,96.38177456138165,12.33917576830987,0.00012904309773069386
798,9206500.333747031,97.71767203582499,12.339175768309868,0.00013096784741323763
799,9196921.579993187,99.06988281815993,12.339175768309866,0.00013291846481527166
800,9187344.91172433,100.43857707095827,12.339175768309868,0.00013489525736820165
801,9177770.377665676,101.82392639357737,12.339175768309868,0.00013689853564514252
802,9168198.026253257,103.22610383089247,12.33917576830987,0.00013892861338726087
803,9158627.90563517,104.64528388204731,12.33917576830987,0.0001409858075302728
804,9149060.063672801,106.08164250924155,12.33917576830987,0.00014307043823112405
805,9139494.547941957,107.53535714653187,12.339175768309866,0.00014518282889482395
806,9129931.405734124,109.00660670866094,12.339175768309866,0.00014732330620144887
807,9120370.684057666,110.49557159990808,12.33917576830987,0.0001494922001333113
808,9110812.429638976,112.00243372296488,12.33917576830987,0.0001516898440022987
809,9101256.688923676,113.52737648783476,12.33917576830987,0.00015391657447738093
810,9091703.508077804,115.07058482075479,12.339175768309868,0.00015617273161228477
811,9082152.932989014,116.63224517313937,12.339175768309868,0.00015845865887333628
812,9072605.00926774,118.21254553054776,12.339175768309868,0.00016077470316747436
813,9063059.782248342,119.81167542167684,12.339175768309868,0.00016312121487043857
814,9053517.296990326,121.42982592737364,12.339175768309868,0.00016549854785512266
815,9043977.598279472,123.06718968966601,12.33917576830987,0.00016790705952009544
816,9034440.730629012,124.72396092082911,12.339175768309868,0.00017034711081831088
817,9024906.738280796,126.40033541245711,12.339175768309868,0.00017281906628596825
818,9015375.665206447,128.0965105445707,12.33917576830987,0.00017532329407156448
819,9005847.555108482,129.81268529473456,12.339175768309868,0.0001778601659651043
820,8996322.451421522,131.54906024720955,12.339175768309868,0.00018043005742750116
821,8986800.397313392,133.30583760211488,12.339175768309868,0.00018303334762013912
822,8977281.435686253,135.08322118461479,12.339175768309866,0.00018567041943461405
823,8967765.60917781,136.88141645413017,12.339175768309868,0.0001883416595226542
824,8958252.96016236,138.7006305135691,12.339175768309866,0.00019104745832621738
825,8948743.530751986,140.5410721185727,12.339175768309868,0.00019378821010775533
826,8939237.36279766,142.4029516867911,12.33917576830987,0.00019656431298066947
827,8929734.497890385,144.28648130717306,12.339175768309868,0.00019937616893993563
828,8920234.97736228,146.19187474927472,12.339175768309868,0.000202224183892906
829,8910738.842287749,148.1193474725967,12.339175768309866,0.00020510876769030045
830,8901246.133484561,150.06911663593158,12.339175768309866,0.00020803033415736587
831,8891756.891514968,152.0414011067361,12.339175768309868,0.00021098930112522195
832,8882271.156686822,154.03642147052184,12.339175768309866,0.00021398609046238608
833,8872788.969054671,156.05440004026653,12.339175768309868,0.00021702112810648166
834,8863310.36842085,158.09556086583976,12.339175768309868,0.00022009484409612188
835,8853835.39433661,160.16012974345432,12.33917576830987,0.00022320767260298384
836,8844364.086103179,162.24833422513075,12.339175768309868,0.00022636005196405914
837,8834896.48277287,164.3604036281829,12.33917576830987,0.00022955242471409067
838,8825432.623150157,166.49656904472445,12.339175768309868,0.00023278523761819677
839,8815972.545792773,168.65706335118472,12.339175768309868,0.00023605894170466697
840,8806516.289012793,170.84212121785265,12.339175768309868,0.00023937399229795737
841,8797063.890877668,173.05197911843308,12.339175768309868,0.00024273084905186443
842,8787615.389211353,175.28687533962545,12.339175768309868,0.00024612997598288933
843,8778170.82159535,177.5470499907066,12.339175768309868,0.00024957184150377164
844,8768730.225369785,179.8327450131489,12.339175768309868,0.0002530569184572351
845,8759293.637634441,182.1442041902473,12.339175768309868,0.00025658568414990967
846,8749861.095249858,184.48167315675553,12.339175768309868,0.00026015862038642986
847,8740432.634838358,186.84539940855146,12.33917576830987,0.00026377621350373977
848,8731008.292785134,189.2356323123113,12.339175768309866,0.0002674389544055758
849,8721588.105239239,191.65262311520343,12.339175768309868,0.00027114733859714567
850,8712172.108114695,194.09662495459563,12.339175768309868,0.0002749018662199901
851,8702760.337091506,196.5678928677785,12.339175768309868,0.00027870304208703844
852,8693352.827616671,199.06668380170586,12.339175768309868,0.00028255137571785686
853,8683949.614905277,201.59325662275,12.33917576830987,0.00028644738137408493
854,8674550.733941486,204.14787212647406,12.339175768309868,0.00029039157809506935
855,8665156.219479572,206.7307930474072,12.339175768309868,0.0002943844897336721
856,8655766.106044965,209.34228406885768,12.339175768309868,0.000298426644992303
857,8646380.427935245,211.98261183272052,12.339175768309868,0.0003025185774591193
858,8636999.219221171,214.6520449493012,12.339175768309868,0.0003066608256444203
859,8627622.513747713,217.35085400716534,12.339175768309868,0.0003108539330172524
860,8618250.345135039,220.07931158299417,12.339175768309866,0.00031509844804219925
861,8608882.746779526,222.83769225144817,12.339175768309868,0.0003193949242163583
862,8599519.751854772,225.62627259505607,12.339175768309868,0.00032374392010652936
863,8590161.393312613,228.44533121411308,12.339175768309866,0.0003281459993865942
864,8580807.703884069,231.29514873657985,12.339175768309866,0.0003326017308750766
865,8571458.716080401,234.1760078280153,12.339175768309868,0.000337111688572926
866,8562114.462194053,237.0881932015056,12.339175768309868,0.00034167645170147956
867,8552774.974299675,240.03199162761516,12.33917576830987,0.0003462966047406323
868,8543440.284255069,243.00769194433556,12.339175768309868,0.00035097273746718824
869,8534110.42370222,246.01558506706803,12.339175768309868,0.00035570544499343863
870,8524785.424068203,249.05596399859982,12.339175768309868,0.00036049532780591795
871,8515465.316566236,252.12912383909597,12.339175768309868,0.00036534299180436005
872,8506150.132196603,255.2353617961062,12.33917576830987,0.00037024904834086507
873,8496839.901747618,258.37497719458037,12.33917576830987,0.0003752141142592613
874,8487534.655796604,261.5482714868965,12.339175768309868,0.0003802388119346706
875,8478234.424710853,264.7555482628911,12.339175768309868,0.00038532376931326416
876,8468939.2386486,267.9971132599114,12.339175768309868,0.00039046961995223544
877,8459649.127559932,271.27327437286675,12.339175768309868,0.00039567700305996384
878,8450364.121187758,274.5843416643048,12.339175768309868,0.00040094656353639827
879,8441084.249068782,277.93062737447616,12.339175768309868,0.0004062789520136148
880,8431809.540534427,281.3124459314208,12.339175768309868,0.00041167482489659716
881,8422540.024711754,284.73011396106915,12.339175768309868,0.00041713484440422937
882,8413275.730524438,288.1839502973426,12.339175768309868,0.0004226596786104771
883,8404016.686693663,291.67427599225516,12.339175768309866,0.00042825000148576553
884,8394762.921739101,295.20141432604214,12.339175768309868,0.00043390649293858715
885,8385514.46397979,298.7656908172919,12.339175768309868,0.00043962983885731106
886,8376271.3415350765,302.3674332330672,12.339175768309868,0.0004454207311521691
887,8367033.582325547,306.00697159905667,12.339175768309868,0.0004512798677974821
888,8357801.214073945,309.68463820972335,12.339175768309868,0.00045720795287407733
889,8348574.264306049,313.4007676384632,12.339175768309868,0.0004632056966119207
890,8339352.760351624,317.1556967477647,12.339175768309868,0.0004692738154329428
891,8330136.729345335,320.94976469938314,12.339175768309868,0.0004754130319940881
892,8320926.198227588,324.78331296451273,12.339175768309868,0.0004816240752305617
893,8311721.1937455125,328.656685333975,12.339175768309868,0.0004879076803992942
894,8302521.742453806,332.5702279284019,12.339175768309868,0.0004942645891226052
895,8293327.870715632,336.524289208428,12.339175768309868,0.0005006955494320789
896,8284139.604703536,340.51921998489865,12.339175768309868,0.0005072013158126643
897,8274956.970400321,344.55537342906683,12.339175768309868,0.000513782649246963
898,8265779.993599909,348.6331050827991,12.339175768309868,0.0005204403172597345
899,8256608.699908272,352.7527728687966,12.339175768309868,0.000527175093962625
900,8247443.114744267,356.9147371008101,12.339175768309868,0.0005339877600990961
901,8238283.263340517,361.119360493856,12.339175768309868,0.000540879103089559
902,8229129.170744311,365.3670081744492,12.339175768309868,0.0005478499170767381
903,8219980.861818443,369.6580476908288,12.339175768309868,0.0005549010029712347
904,8210838.361242077,373.9928490231847,12.339175768309868,0.0005620331684972986
905,8201701.6935116425,378.3717845939028,12.339175768309868,0.0005692472282388332
906,8192570.8829416465,382.79522927779294,12.339175768309868,0.0005765440036855896
907,8183445.953665569,387.2635604123381,12.339175768309868,0.0005839243232795974
908,8174326.929636707,391.7771578079192,12.339175768309868,0.0005913890224617717
909,8165213.834628987,396.33640375808295,12.339175768309868,0.0005989389437187994
910,8156106.692237873,400.94168304976995,12.339175768309868,0.0006065749366301705
911,8147005.525881152,405.5933829735653,12.339175768309868,0.0006142978579154642
912,8137910.35879983,410.2918933339484,12.339175768309868,0.0006221085714818404
913,8128821.2140589105,415.0376064595432,12.339175768309868,0.0006300079484717534
914,8119738.114548263,419.8309172133643,12.339175768309868,0.0006379968673108686
915,8110661.08298346,424.67222300306867,12.339175768309868,0.0006460762137562042
916,8101590.141906591,429.5619237912003,12.339175768309868,0.0006542468809444818
917,8092525.31368706,434.50042210544495,12.339175768309868,0.0006625097694407091
918,8083466.620522472,439.4881230488842,12.339175768309868,0.0006708657872869732
919,8074414.084439391,444.52543431023065,12.339175768309868,0.0006793158500514342
920,8065367.727294181,449.6127661740743,12.339175768309868,0.0006878608808775462
921,8056327.570773818,454.7505315311517,12.339175768309868,0.0006965018105335374
922,8047293.636396707,459.9391458885653,12.339175768309868,0.0007052395774620332
923,8038265.945513449,465.1790273800288,12.339175768309868,0.0007140751278299443
924,8029244.519307701,470.47059677611236,12.339175768309868,0.000723009415578569
925,8020229.378796932,475.81427749449324,12.339175768309868,0.0007320434024739348
926,8011220.54483323,481.21049561016537,12.339175768309868,0.0007411780581572968
927,8002218.0381041095,486.65967986568404,12.339175768309868,0.0007504143601959126
928,7993221.879133297,492.1622616813968,12.339175768309868,0.0007597532941340235
929,7984232.088281499,497.7186751656647,12.339175768309868,0.0007691958535440475
930,7975248.685747209,503.3293571250891,12.339175768309868,0.0007787430400780035
931,7966271.691567497,508.9947470747195,12.339175768309868,0.000788395863519134
932,7957301.125618743,514.7152872482709,12.339175768309868,0.0007981553418337758
933,7948337.00761747,520.4914226083366,12.339175768309868,0.0008080225012234422
934,7939379.357121079,526.3236008565926,12.339175768309868,0.0008179983761771292
935,7930428.193528628,532.2122724439766,12.339175768309868,0.0008280840095238093
936,7921483.536081603,538.1578905809092,12.339175768309868,0.0008382804524852202
937,7912545.403864682,544.1609112474644,12.339175768309868,0.0008485887647288069
938,7903613.815806486,550.2217932035504,12.339175768309868,0.0008590100144209125
939,7894688.790680341,556.3409979990879,12.339175768309868,0.0008695452782801951
940,7885770.347105055,562.5189899841814,12.339175768309868,0.000880195641631267
941,7876858.503545628,568.7562363192718,12.339175768309868,0.0008909621984585427
942,7867953.278314021,575.0532069852993,12.339175768309868,0.0009018460514603332
943,7859054.689569929,581.4103747938539,12.339175768309868,0.0009128483121031533
944,7850162.75532148,587.8282153972888,12.339175768309868,0.0009239701006762146
945,7841277.493426008,594.3072072988855,12.339175768309868,0.0009352125463462296
946,7832398.92159076,600.8478318629597,12.339175768309868,0.0009465767872123623
947,7823527.0573736625,607.4505733249714,12.339175768309868,0.0009580639703614218
948,7814661.918184037,614.1159188016395,12.339175768309868,0.0009696752519233021
949,7805803.521283319,620.8443583010312,12.339175768309868,0.0009814117971266216
950,7796951.883785809,627.6363847326606,12.339175768309868,0.0009932747803546157
951,7788107.022659374,634.4924939175521,12.339175768309868,0.001005265385201214
952,7779268.954726174,641.4131845983104,12.339175768309868,0.0010173848045273715
953,7770437.696663391,648.3989584491867,12.339175768309868,0.0010296342405176286
954,7761613.265003914,655.4503200861182,12.339175768309868,0.0010420149047368824
955,7752795.67613709,662.5677770767662,12.339175768309868,0.0010545280181873844
956,7743984.9463094035,669.7518399505359,12.339175768309868,0.001067174811365964
957,7735181.091625187,677.0030222085898,12.339175768309868,0.0010799565243214814
958,7726384.128047334,684.3218403338702,12.339175768309868,0.0010928744067125388
959,7717594.071397997,691.7088138010581,12.339175768309868,0.0011059297178653363
960,7708810.937359278,699.1644650865582,12.339175768309868,0.0011191237268318173
961,7700034.741473924,706.6893196784861,12.339175768309868,0.0011324577124480614
962,7691265.499146035,714.2839060866023,12.339175768309868,0.0011459329633928398
963,7682503.22564172,721.9487558522401,12.339175768309868,0.0011595507782464108
964,7673747.936089829,729.6844035582523,12.339175768309868,0.0011733124655495888
965,7664999.645482596,737.4913868389286,12.339175768309868,0.0011872193438630225
966,7656258.36867634,745.370246389861,12.339175768309868,0.0012012727418266326
967,7647524.12039214,753.321525977857,12.339175768309868,0.0012154739982193805
968,7638796.915216518,761.3457724508007,12.339175768309868,0.0012298244620192
969,7630076.767602081,769.443535747503,12.339175768309868,0.0012443254924631706
970,7621363.691868244,777.6153689075522,12.339175768309868,0.0012589784591079303
971,7612657.702201848,785.861828081124,12.339175768309868,0.001273784741890289
972,7603958.812657846,794.1834725387959,12.339175768309868,0.0012887457311880949
973,7595267.037159977,802.5808646813421,12.339175768309868,0.001303862827881322
974,7586582.389501386,811.0545700495218,12.339175768309868,0.0013191374434134073
975,7577904.8833453255,819.605157333797,12.339175768309868,0.0013345709998527208
976,7569234.532225799,828.2331983841342,12.339175768309868,0.0013501649299544288
977,7560571.349548177,836.9392682196892,12.339175768309868,0.0013659206772224347
978,7551915.348589887,845.7239450385221,12.339175768309868,0.0013818396959716067
979,7543266.54250105,854.5878102273068,12.339175768309868,0.0013979234513902647
980,7534624.944305119,863.5314483709776,12.339175768309868,0.0014141734196028218
981,7525990.566899507,872.5554472624085,12.339175768309868,0.0014305910877327377
982,7517363.423056238,881.6603979120285,12.339175768309868,0.0014471779539656229
983,7508743.525422603,890.8468945574729,12.339175768309868,0.0014639355276126577
984,7500130.886521748,900.1155346731213,12.339175768309868,0.0014808653291740995
985,7491525.518753348,909.4669189797502,12.339175768309868,0.0014979688904032211
986,7482927.434394204,918.901651454042,12.339175768309868,0.0015152477543702875
987,7474336.645598878,928.4203393381359,12.339175768309868,0.0015327034755268573
988,7465753.16440033,938.0235931491607,12.339175768309868,0.0015503376197703114
989,7457177.002710521,947.7120266887127,12.339175768309868,0.0015681517645085654
990,7448608.172321022,957.4862570523649,12.339175768309868,0.0015861474987250903
991,7440046.684903656,967.34690463909,12.339175768309868,0.001604326423044049
992,7431492.552011097,977.2945931607134,12.339175768309868,0.001622690149795755
993,7422945.785077471,987.3299496513222,12.339175768309868,0.0016412403030823225
994,7414406.395418975,997.4536044766842,12.339175768309868,0.0016599785188435908
995,7405874.394234486,1007.6661913435685,12.339175768309868,0.0016789064449231562
996,7397349.792606144,1017.9683473091244,12.339175768309868,0.001698025741134771
997,7388832.601499968,1028.3607127902171,12.339175768309868,0.0017173380793289266
998,7380322.831766449,1038.8439315727098,12.339175768309868,0.0017368451434596238
999,7371820.494141154,1049.418650820741,12.339175768309868,0.0017565486296513963
1000,7363325.599245296,1060.085521085981,12.339175768309868,0.0017764502462665744
1001,7354838.157586344,1070.8451963168854,12.339175768309868,0.0017965517139728055
1002,7346358.179558604,1081.6983338678858,12.339175768309868,0.0018168547658107416
1003,7337885.675443798,1092.6455945085502,12.339175768309868,0.001837361147261948
1004,7329420.655411658,1103.6876424327797,12.339175768309868,0.0018580726163171368
1005,7320963.12952051,1114.8251452679365,12.339175768309868,0.0018789909435445562
1006,7312513.107717813,1126.0587740839196,12.339175768309868,0.0019001179121585794
1007,7304070.599840792,1137.3892034022756,12.339175768309868,0.0019214553180885924
1008,7295635.615616975,1148.8171112052523,12.339175768309868,0.0019430049700480832
1009,7287208.164664765,1160.3431789448152,12.339175768309868,0.0019647686896039377
1010,7278788.256494009,1171.9680915516783,12.339175768309868,0.0019867483112460194
1011,7270375.900506583,1183.6925374442492,12.339175768309868,0.002008945682456887
1012,7261971.105996936,1195.5172085375998,12.339175768309868,0.0020313626637818286
1013,7253573.882152649,1207.4428002523807,12.339175768309868,0.002054001128899075
1014,7245184.238055,1219.4700115237397,12.339175768309868,0.0020768629646902926
1015,7236802.182679534,1231.5995448101442,12.339175768309868,0.0020999500713111807
1016,7228427.72489659,1243.832106102267,12.339175768309868,0.002123264362262471
1017,7220060.87347187,1256.1684049317814,12.339175768309868,0.00214680776446103
1018,7211701.637066975,1268.6091543801274,12.339175768309868,0.0021705822183111993
1019,7203350.024239978,1281.1550710873069,12.339175768309868,0.002194589677776451
1020,7195006.04344594,1293.8068752605632,12.339175768309868,0.0022188321104511387
1021,7186669.703037459,1306.5652906830999,12.339175768309868,0.0022433114976325792
1022,7178341.011265226,1319.431044722755,12.339175768309868,0.0022680298343933404
1023,7170019.976278543,1332.4048683406315,12.339175768309868,0.002292989129653734
1024,7161706.606125864,1345.4874960996806,12.339175768309868,0.002318191406254505
1025,7153400.908755334,1358.6796661733176,12.339175768309868,0.002343638701029856
1026,7145102.89201532,1371.982120353937,12.339175768309868,0.0023693330648805713
1027,7136812.563654917,1385.395604061436,12.339175768309868,0.002395276562847455
1028,7128529.931324517,1398.9208663516952,12.339175768309868,0.002421471274184943
1029,7120255.002576296,1412.5586599250419,12.339175768309868,0.002447919292435
1030,7111987.78486474,1426.309741134661,12.339175768309868,0.0024746227255011866
1031,7103728.285547181,1440.1748699949737,12.339175768309868,0.002501583695722953
1032,7095476.511884319,1454.1548101899944,12.339175768309868,0.0025288043399501778
1033,7087232.471040688,1468.2503290816694,12.339175768309868,0.002556286809617976
1034,7078996.170085237,1482.4621977181678,12.339175768309868,0.0025840332708216666
1035,7070767.615991803,1496.7911908421092,12.339175768309868,0.002612045904391951
1036,7062546.815639606,1511.2380868988075,12.339175768309868,0.002640326905970387
1037,7054333.775813789,1525.8036680444714,12.339175768309868,0.0026688784860850663
1038,7046128.503205909,1540.4887201543406,12.339175768309868,0.0026977028702264696
1039,7037931.004414422,1555.2940328308027,12.339175768309868,0.002726802298923578
1040,7029741.285945212,1570.2203994115005,12.339175768309868,0.0027561790278202336
1041,7021559.354212068,1585.2686169773856,12.339175768309868,0.0027858353277517085
1042,7013385.215537177,1600.4394863607201,12.339175768309868,0.0028157734848214696
1043,7005218.876151635,1615.7338121530518,12.339175768309868,0.0028459958004781565
1044,6997060.342195934,1631.1524027131836,12.339175768309868,0.0028765045915928635
1045,6988909.61972043,1646.6960701750947,12.339175768309868,0.0029073021905366135
1046,6980766.714685842,1662.3656304557649,12.339175768309868,0.0029383909452579448
1047,6972631.632963759,1678.1619032630565,12.339175768309868,0.0029697732193608773
1048,6964504.380337098,1694.0857121035247,12.339175768309868,0.003001451392183057
1049,6956384.96250058,1710.1378842901415,12.339175768309868,0.003033427858874028
1050,6948273.385061218,1726.3192509500639,12.339175768309868,0.0030657050304738684
1051,6940169.653538803,1742.6306470322943,12.339175768309868,0.0030982853339919163
1052,6932073.773366372,1759.072911315367,12.339175768309868,0.003131171212485839
1053,6923985.749890655,1775.6468864149333,12.339175768309868,0.003164365125140822
1054,6915905.588372595,1792.3534187913776,12.339175768309868,0.003197869547349062
1055,6907833.293987758,1809.1933587573153,12.339175768309868,0.003231686970789392
1056,6899768.871826863,1826.1675604851155,12.339175768309868,0.003265819903507185
1057,6891712.326896184,1843.2768820143808,12.339175768309868,0.0033002708699945184
1058,6883663.66411805,1860.522185259326,12.339175768309868,0.0033350424112704147
1059,6875622.88833129,1877.9043360162204,12.339175768309868,0.0033701370849614993
1060,6867590.004291714,1895.4242039706933,12.339175768309868,0.0034055574653826916
1061,6859565.016672522,1913.0826627050394,12.339175768309868,0.0034413061436182166
1062,6851547.930064807,1930.880589705522,12.339175768309868,0.0034773857276028555
1063,6843538.748977983,1948.8188663695644,12.339175768309868,0.003513798842203326
1064,6835537.477840225,1966.898378012915,12.339175768309868,0.0035505481292998965
1065,6827544.120998949,1985.120013876872,12.339175768309868,0.0035876362478683746
1066,6819558.6827212265,2003.4846671353005,12.339175768309868,0.0036250658740620495
1067,6811581.167194238,2021.993234901755,12.339175768309868,0.0036628397012940937
1068,6803611.578525729,2040.6466182364552,12.339175768309868,0.003700960440319987
1069,6795649.920744433,2059.4457221533094,12.339175768309868,0.0037394308193203366
1070,6787696.197800509,2078.3914556268282,12.339175768309868,0.003778253583983778
1071,6779750.413565993,2097.4847315990096,12.339175768309868,0.003817431497590114
1072,6771812.571835219,2116.7264669862325,12.339175768309868,0.003856967341093774
1073,6763882.676325255,2136.117582685999,12.339175768309868,0.003896863913207275
1074,6755960.7306763325,2155.6590035838108,12.339175768309868,0.003937124030485232
1075,6748046.738452285,2175.351658559791,12.339175768309868,0.0039777505274081835
1076,6740140.703140947,2195.196480495392,12.339175768309868,0.004018746256466897
1077,6732242.628154615,2215.1944062800862,12.339175768309868,0.004060114088246888
1078,6724352.516830441,2235.3463768179095,12.339175768309868,0.004101856911513004
1079,6716470.372430874,2255.6533370340194,12.339175768309868,0.004143977633294313
1080,6708596.198144063,2276.1162358811935,12.339175768309868,0.004186479178969175
1081,6700729.997084281,2296.7360263463574,12.339175768309868,0.004229364492350669
1082,6692871.772292339,2317.5136654569296,12.339175768309868,0.0042726365357719665
1083,6685021.526736007,2338.4501142871864,12.339175768309868,0.004316298290172038
1084,6677179.263310419,2359.546337964685,12.339175768309868,0.004360352755181764
1085,6669344.984838466,2380.8033056764402,12.339175768309868,0.0044048029492099045
1086,6661518.694071242,2402.2219906752284,12.339175768309868,0.004449651909529547
1087,6653700.393688408,2423.8033702857497,12.339175768309868,0.004494902692364643
1088,6645890.086298641,2445.5484259107975,12.339175768309868,0.0045405583729768075
1089,6638087.774439986,2467.458143037326,12.339175768309868,0.004586622045752267
1090,6630293.460580302,2489.5335112425505,12.339175768309868,0.004633096824289111
1091,6622507.147117632,2511.7755241999066,12.339175768309868,0.004679985841484632
1092,6614728.836380608,2534.1851796850287,12.339175768309868,0.004727292249622952
1093,6606958.530628858,2556.763479581701,12.339175768309868,0.004775019220462905
1094,6599196.232053377,2579.511429887654,12.339175768309868,0.004823169945325946
1095,6591441.942776929,2602.430040720451,12.339175768309868,0.004871747635184503
1096,6583695.664854449,2625.520326323206,12.339175768309868,0.004920755520750296
1097,6575957.400273422,2648.783305070366,12.33917576830987,0.0049701968525631005
1098,6568227.150954248,2672.219999473303,12.339175768309868,0.005020074901079447
1099,6560504.918750668,2695.831436186042,12.339175768309868,0.005070392956761841
1100,6552790.705450121,2719.6186460107824,12.339175768309868,0.005121154330167912
1101,6545084.512774114,2743.5826639034103,12.339175768309868,0.005172362352039863
1102,6537386.34237863,2767.724528979042,12.339175768309868,0.005224020373394213
1103,6529696.195854499,2792.0452845174195,12.339175768309868,0.005276131765611605
1104,6522014.074727744,2816.545977968278,12.339175768309868,0.005328699920526861
1105,6514339.980460003,2841.227660956719,12.339175768309868,0.005381728250519288
1106,6506673.914448869,2866.0913892885,12.339175768309868,0.005435220188603188
1107,6499015.878028254,2891.1382229552173,12.339175768309868,0.0054891791885184225
1108,6491365.872468795,2916.369226139536,12.339175768309868,0.005543608724821349
1109,6483723.898978194,2941.7854672203243,12.339175768309868,0.005598512292975915
1110,6476089.958701575,2967.388018777725,12.339175768309868,0.0056538934094449
1111,6468464.052721879,2993.177957598192,12.339175768309868,0.0057097556117813725
1112,6460846.182060205,3019.15636467946,12.339175768309868,0.005766102458720344
1113,6453236.347676175,3045.3243252355355,12.339175768309868,0.005822937530270747
1114,6445634.550468286,3071.682928701521,12.339175768309868,0.005880264427807384
1115,6438040.7912742905,3098.2332687384564,12.339175768309868,0.005938086774163198
1116,6430455.07087153,3124.9764432380707,12.339175768309868,0.005996408213721694
1117,6422877.389977297,3151.913554327637,12.339175768309868,0.00605523241250982
1118,6415307.749249178,3179.0457083744923,12.339175768309868,0.006114563058290535
1119,6407746.149285432,3206.374015990721,12.339175768309868,0.006174403860655924
1120,6400192.590625311,3233.899592037747,12.339175768309868,0.006234758551120517
1121,6392647.073749417,3261.623555630887,12.339175768309868,0.006295630883214763
1122,6385109.599080046,3289.547030143687,12.339175768309868,0.006357024632578405
1123,6377580.166981549,3317.671143212469,12.339175768309868,0.006418943597054533
1124,6370058.777760654,3345.9970267406543,12.339175768309868,0.006481391596783542
1125,6362545.431666817,3374.525816903034,12.339175768309868,0.006544372474297242
1126,6355040.128892556,3403.2586541500714,12.339175768309868,0.006607890094613342
1127,6347542.869573807,3432.1966832120775,12.339175768309868,0.006671948345329963
1128,6340053.653790227,3461.341053103349,12.339175768309868,0.00673655113672042
1129,6332572.481565566,3490.6929171263437,12.339175768309868,0.0068017024018282935
1130,6325099.352867982,3520.253432875609,12.339175768309868,0.006867406096562381
1131,6317634.267610369,3550.023762241837,12.339175768309868,0.00693366619979216
1132,6310177.225650698,3580.0050714157705,12.339175768309868,0.007000486713443253
1133,6302728.226792341,3610.198530892138,12.339175768309868,0.007067871662593245
1134,6295287.2707844,3640.6053154733795,12.339175768309868,0.007135825095567384
1135,6287854.357322028,3671.2266042735046,12.339175768309868,0.007204351084034841
1136,6280429.486046769,3702.0635807217627,12.339175768309868,0.007273453723104864
1137,6273012.656546856,3733.1174325663123,12.339175768309868,0.007343137131423277
1138,6265603.868357556,3764.389351877844,12.339175768309868,0.007413405451269119
1139,6258203.1209614705,3795.8805350531125,12.339175768309868,0.007484262848651445
1140,6250810.413788879,3827.5921828184055,12.339175768309868,0.007555713513406248
1141,6243425.746218023,3859.5255002330405,12.339175768309868,0.007627761659293791
1142,6236049.117575449,3891.681696692706,12.339175768309868,0.007700411524095839
1143,6228680.527136316,3924.061985932819,12.339175768309868,0.007773667369713288
1144,6221319.974124687,3956.667586031721,12.339175768309868,0.007847533482263748
1145,6213967.457713884,3989.4997194140346,12.339175768309868,0.007922014172179671
1146,6206622.977026744,4022.5596128536727,12.33917576830987,0.007997113774306208
1147,6199286.531135974,4055.8484974770354,12.339175768309868,0.00807283664799957
1148,6191958.1190644335,4089.3676087660206,12.339175768309868,0.008149187177225459
1149,6184637.739785445,4123.118186560997,12.33917576830987,0.008226169770657602
1150,6177325.392223079,4157.10147506382,12.339175768309868,0.00830378886177675
1151,6170021.0752525125,4191.318722840574,12.339175768309868,0.008382048908969294
1152,6162724.787700261,4225.771182824505,12.339175768309868,0.008460954395626719
1153,6155436.528344522,4260.46011231874,12.339175768309868,0.008540509830244772
1154,6148156.295915456,4295.386772998985,12.339175768309868,0.008620719746522955
1155,6140884.089095493,4330.55243091618,12.339175768309868,0.008701588703464191
1156,6133619.906519625,4365.958356499023,12.339175768309868,0.008783121285474513
1157,6126363.746775688,4401.605824556683,12.33917576830987,0.008865322102463467
1158,6119115.608404673,4437.496114281084,12.339175768309868,0.008948195789943844
1159,6111875.489901006,4473.630509249359,12.339175768309868,0.009031747009132137
1160,6104643.389712844,4510.010297426287,12.339175768309868,0.009115980447049199
1161,6097419.306242358,4546.636771166539,12.339175768309868,0.009200900816620805
1162,6090203.2378460225,4583.511227216911,12.339175768309868,0.0092865128567785
1163,6082995.182834898,4620.634966718469,12.339175768309866,0.009372821332560517
1164,6075795.139474935,4658.009295208834,12.33917576830987,0.009459831035213279
1165,6068603.105987213,4695.635522623996,12.339175768309868,0.009547546782292263
1166,6061419.080548275,4733.514963300566,12.339175768309868,0.009635973417763972
1167,6054243.061290374,4771.648935977562,12.339175768309868,0.009725115812107298
1168,6047075.046301762,4810.038763798326,12.339175768309868,0.009814978862415407
1169,6039915.033626963,4848.685774312436,12.339175768309868,0.009905567492497927
1170,6032763.021267057,4887.591299477375,12.339175768309868,0.009996886652982886
1171,6025619.007179956,4926.756675660289,12.33917576830987,0.010088941321419123
1172,6018482.989280669,4966.183243639609,12.33917576830987,0.010181736502378719
1173,6011354.965441573,5005.872348606669,12.339175768309868,0.010275277227559715
1174,6004234.933492706,5045.825340167277,12.339175768309868,0.010369568555888954
1175,5997122.891222006,5086.0435723430965,12.339175768309866,0.010464615573624884
1176,5990018.836375604,5126.528403573059,12.339175768309868,0.010560423394460661
1177,5982922.766658079,5167.281196714855,12.339175768309866,0.010656997159627717
1178,5975834.679732727,5208.303319046052,12.339175768309868,0.010754342037998825
1179,5968754.573221823,5249.596142265438,12.339175768309868,0.010852463226191916
1180,5961682.444706899,5291.161042494166,12.339175768309868,0.010951365948673748
1181,5954618.291728987,5332.99940027679,12.339175768309868,0.011051055457863663
1182,5947562.111788883,5375.112600582461,12.339175768309868,0.01115153703423794
1183,5940513.902347423,5417.502032805849,12.339175768309868,0.011252815986433812
1184,5933473.660825724,5460.169090767932,12.339175768309868,0.011354897651353557
1185,5926441.384605451,5503.115172717135,12.339175768309868,0.011457787394269538
1186,5919417.071029068,5546.341681329926,12.339175768309868,0.011561490608928436
1187,5912400.717400094,5589.850023711669,12.339175768309866,0.011666012717656238
1188,5905392.3209833605,5633.641611397208,12.339175768309868,0.011771359171462988
1189,5898391.879005263,5677.717860351652,12.339175768309868,0.0118775354501482
1190,5891399.3886539955,5722.08019097077,12.339175768309868,0.011984547062405777
1191,5884414.84707983,5766.730028081618,12.339175768309868,0.012092399545929609
1192,5877438.251395355,5811.668800942861,12.33917576830987,0.012201098467518864
1193,5870469.598675701,5856.897943245309,12.339175768309868,0.012310649423184035
1194,5863508.885958814,5902.418893112107,12.339175768309866,0.012421058038252428
1195,5856556.1102456935,5948.2330930990365,12.339175768309868,0.012532329967474243
1196,5849611.268500623,5994.341990194669,12.339175768309868,0.012644470895128598
1197,5842674.3576514395,6040.747035820636,12.339175768309868,0.012757486535130013
1198,5835745.3745897515,6087.449685831538,12.339175768309868,0.0128713826311345
1199,5828824.316171181,6134.451400515027,12.339175768309868,0.012986164956646217
1200,5821911.179215621,6181.75364459174,12.339175768309868,0.01310183931512408
1201,5815005.960507461,6229.35788721526,12.339175768309868,0.013218411540088716
1202,5808108.656795812,6277.265601971796,12.339175768309868,0.01333588749522915
1203,5801219.264794768,6325.478266880072,12.339175768309868,0.013454273074510057
1204,5794337.781183633,6373.99736439099,12.339175768309868,0.013573574202278924
1205,5787464.202607133,6422.8243813872305,12.339175768309868,0.013693796833373342
1206,5780598.525675678,6471.960809182871,12.33917576830987,0.01381494695322851
1207,5773740.746965579,6521.408143522917,12.339175768309868,0.013937030577984897
1208,5766890.86301927,6571.167884582683,12.339175768309868,0.014060053754595861
1209,5760048.870345563,6621.241536967263,12.339175768309868,0.014184022560935627
1210,5753214.765419849,6671.6306097107845,12.339175768309868,0.014308943105907173
1211,5746388.544684339,6722.336616275749,12.339175768309868,0.014434821529550503
1212,5739570.204548283,6773.361074552159,12.339175768309868,0.014561664003150745
1213,5732759.741388205,6824.7055068567515,12.339175768309868,0.014689476729346717
1214,5725957.151548114,6876.371439931891,12.33917576830987,0.014818265942239065
1215,5719162.431339733,6928.360404944877,12.339175768309868,0.014948037907499507
1216,5712375.577042722,6980.673937486632,12.339175768309868,0.015078798922479023
1217,5705596.584904894,7033.313577570659,12.339175768309868,0.015210555316316893
1218,5698825.451142435,7086.280869631983,12.339175768309868,0.015343313450049956
1219,5692062.171940126,7139.5773625257925,12.339175768309868,0.015477079716721444
1220,5685306.7434515515,7193.204609526169,12.339175768309868,0.015611860541490328
1221,5678559.161799335,7247.164168324725,12.339175768309868,0.01574766238174063
1222,5671819.423075318,7301.457601029198,12.339175768309866,0.015884491727191044
1223,5665087.5233408185,7356.086474162045,12.33917576830987,0.016022355100004618
1224,5658363.458626809,7411.052358658636,12.33917576830987,0.016161259054897976
1225,5651647.224934138,7466.356829865885,12.339175768309868,0.0163012101792517
1226,5644938.818233756,7522.00146754056,12.339175768309868,0.016442215093220212
1227,5638238.234466897,7577.98785584736,12.339175768309866,0.016584280449841494
1228,5631545.469545322,7634.317583357303,12.339175768309868,0.01672741293514762
1229,5624860.519351488,7690.992243045784,12.339175768309868,0.016871619268274962
1230,5618183.379738785,7748.013432290639,12.339175768309868,0.017016906201574554
1231,5611514.046531729,7805.382752870192,12.339175768309868,0.017163280520722666
1232,5604852.515526168,7863.101810961075,12.339175768309866,0.017310749044831195
1233,5598198.782489482,7921.172217136365,12.339175768309868,0.017459318626558976
1234,5591552.843160797,7979.595586363175,12.339175768309868,0.017608996152222077
1235,5584914.693251166,8038.373538000401,12.339175768309868,0.0177597885419048
1236,5578284.3284438085,8097.5076957966585,12.339175768309868,0.01791170274957118
1237,5571661.744394251,8156.999687887651,12.33917576830987,0.018064745763175752
1238,5565046.936730578,8216.851146793806,12.339175768309868,0.018218924604774787
1239,5558439.901053613,8277.063709417958,12.339175768309866,0.018374246330638156
1240,5551840.632937101,8337.639017042473,12.339175768309868,0.01853071803136013
1241,5545249.127927923,8398.578715326867,12.339175768309868,0.01868834683197146
1242,5538665.381546282,8459.884454305138,12.339175768309868,0.01884713989205109
1243,5532089.389285895,8521.557888382715,12.33917576830987,0.019007104405837316
1244,5525521.146614189,8583.600676334041,12.339175768309868,0.019168247602340503
1245,5518960.6489725,8646.014481299431,12.339175768309868,0.019330576745454478
1246,5512407.891776247,8708.800970782257,12.339175768309866,0.019494099134068892
1247,5505862.870415132,8771.961816645857,12.33917576830987,0.01965882210218123
1248,5499325.580253338,8835.498695110553,12.339175768309868,0.01982475301900915
1249,5492796.016629693,8899.413286750532,12.339175768309868,0.019991899289103016
1250,5486274.174857879,8963.707276490473,12.339175768309868,0.020160268352457846
1251,5479760.050226612,9028.382353602543,12.339175768309868,0.02032986768462643
1252,5473253.6379998205,9093.440211702977,12.339175768309868,0.02050070479683178
1253,5466754.933416835,9158.882548748596,12.339175768309866,0.020672787236079612
1254,5460263.931692571,9224.711067033582,12.339175768309868,0.020846122585271642
1255,5453780.62801772,9290.927473185735,12.33917576830987,0.021020718463317954
1256,5447305.017558907,9357.533478162977,12.339175768309868,0.02119658252525022
1257,5440837.095458899,9424.530797249945,12.339175768309868,0.021373722462335223
1258,5434376.856836765,9491.92115005391,12.339175768309866,0.0215521460021872
1259,5427924.296788061,9559.706260501305,12.339175768309868,0.021731860908881736
1260,5421479.410385017,9627.887856833806,12.339175768309868,0.021912874983068816
1261,5415042.192676704,9696.46767160444,12.339175768309868,0.022095196062086302
1262,5408612.638689197,9765.447441673645,12.339175768309868,0.02227883202007349
1263,5402190.743425783,9834.828908205309,12.339175768309868,0.022463790768084628
1264,5395776.501867111,9904.613816662542,12.339175768309868,0.0226500802542024
1265,5389369.908971366,9974.803916803743,12.33917576830987,0.022837708463652066
1266,5382970.959674457,10045.400962678312,12.339175768309868,0.02302668341891501
1267,5376579.64889017,10116.406712622369,12.339175768309868,0.02321701317984272
1268,5370195.971510353,10187.822929254307,12.339175768309868,0.023408705843770358
1269,5363819.922405078,10259.651379470808,12.339175768309868,0.023601769545631764
1270,5357451.496422822,10331.893834441957,12.339175768309868,0.023796212458072577
1271,5351090.688390602,10404.552069606822,12.339175768309866,0.023992042791564704
1272,5344737.493114197,10477.62786466917,12.33917576830987,0.024189268794521084
1273,5338391.905378267,10551.123003592471,12.339175768309868,0.02438789875340932
1274,5332053.919946528,10625.039274595305,12.339175768309868,0.024587940992866368
1275,5325723.531561945,10699.378470146803,12.339175768309868,0.0247894038758133
1276,5319400.734946857,10774.142386961525,12.339175768309868,0.024992295803569316
1277,5313085.524803169,10849.332825994694,12.33917576830987,0.02519662521596658
1278,5306777.895812501,10924.951592437359,12.33917576830987,0.025402400591465094
1279,5300477.8426363515,11001.000495711163,12.339175768309868,0.025609630447267002
1280,5294185.3599162605,11077.481349463438,12.33917576830987,0.025818323339431733
1281,5287900.442273964,11154.395971561993,12.339175768309868,0.026028487862990685
1282,5281623.084311564,11231.746184090061,12.339175768309868,0.026240132652062494
1283,5275353.2806116715,11309.53381334065,12.339175768309868,0.02645326637996713
1284,5269091.025737587,11387.76068981174,12.339175768309868,0.026667897759342047
1285,5262836.314233418,11466.428648200537,12.339175768309866,0.026884035542256643
1286,5256589.140624286,11545.539527398214,12.339175768309868,0.02710168852032758
1287,5250349.4994164305,11625.095170484114,12.33917576830987,0.027320865524833593
1288,5244117.385097401,11705.097424720629,12.339175768309868,0.02754157542683161
1289,5237892.792136204,11785.548141547135,12.339175768309868,0.02776382713727109
1290,5231675.714983428,11866.449176574673,12.339175768309868,0.027987629607110428
1291,5225466.148071427,11947.802389579856,12.33917576830987,0.02821299182743138
1292,5219264.085814466,12029.609644499344,12.339175768309868,0.028439922829555316
1293,5213069.5226088585,12111.87280942363,12.339175768309868,0.028668431685157987
1294,5206882.452833119,12194.59375659152,12.339175768309868,0.028898527506386076
1295,5200702.870848128,12277.774362383803,12.339175768309868,0.029130219445971967
1296,5194530.770997255,12361.416507317299,12.339175768309866,0.029363516697349795
1297,5188366.147606532,12445.522076038793,12.339175768309866,0.029598428494771185
1298,5182208.9949847795,12530.09295731873,12.339175768309868,0.029834964113420806
1299,5176059.3074237555,12615.131044045078,12.339175768309868,0.030073132869532428
1300,5169917.07919831,12700.6382332169,12.339175768309868,0.030312944120504424
1301,5163782.304566521,12786.616425938211,12.339175768309868,0.030554407265016258
1302,5157654.977769849,12873.067527411304,12.33917576830987,0.03079753174314373
1303,5151535.093033255,12959.993446930313,12.339175768309868,0.03104232703647524
1304,5145422.644565379,13047.396097874827,12.339175768309868,0.03128880266822796
1305,5139317.62655864,13135.277397703123,12.339175768309866,0.03153696820336375
1306,5133220.033189413,13223.6392679455,12.339175768309868,0.03178683324870503
1307,5127129.858618149,13312.483634197755,12.339175768309868,0.03203840745305151
1308,5121047.096989518,13401.812426113933,12.339175768309868,0.03229170050729522
1309,5114971.742432541,13491.627577399971,12.339175768309868,0.032546722144537917
1310,5108903.789060748,13581.931025806633,12.339175768309868,0.03280348214020682
1311,5102843.230972293,13672.724713122378,12.339175768309868,0.033061990312170574
1312,5096790.062250092,13764.010585166377,12.339175768309868,0.033322256520855666
1313,5090744.276961986,13855.79059178165,12.339175768309868,0.03358429066936309
1314,5084705.869160833,13948.066686827779,12.339175768309868,0.033848102703584626
1315,5078674.8328846665,14040.840828173434,12.339175768309868,0.03411370261231843
1316,5072651.162156849,14134.114977689534,12.339175768309866,0.03438110042738626
1317,5066634.850986146,14227.891101241752,12.339175768309868,0.03465030622374999
1318,5060625.89336692,14322.171168682933,12.339175768309868,0.03492133011962703
1319,5054624.283279232,14416.957153846017,12.33917576830987,0.035194182276608005
1320,5048630.014688964,14512.251034536237,12.339175768309868,0.035468872899772484
1321,5042643.081547974,14608.054792523435,12.339175768309866,0.03574541223780507
1322,5036663.477794204,14704.370413535144,12.339175768309868,0.036023810583113755
1323,5030691.197351812,14801.199887247922,12.339175768309868,0.03630407827194409
1324,5024726.234131319,14898.5452072803,12.339175768309868,0.03658622568449721
1325,5018768.582029711,14996.408371184863,12.339175768309868,0.03687026324504636
1326,5012818.234930577,15094.791380440185,12.339175768309866,0.03715620142205289
1327,5006875.18670423,15193.69624044301,12.339175768309868,0.03744405072828311
1328,5000939.431207844,15293.124960500467,12.33917576830987,0.037733821720925265
1329,4995010.962285577,15393.079553821628,12.339175768309868,0.038025525001705224
1330,4989089.77376866,15493.562037509766,12.339175768309868,0.038319171217004226
1331,4983175.859475581,15594.5744325542,12.339175768309868,0.03861477105797501
1332,4977269.213212155,15696.118763821845,12.339175768309868,0.03891233526065831
1333,4971369.828771671,15798.197060049068,12.33917576830987,0.039211874606099616
1334,4965477.699935017,15900.811353833511,12.339175768309868,0.03951339992046618
1335,4959592.820470779,16003.963681625546,12.339175768309868,0.039816922075163456
1336,4953715.18413538,16107.656083719612,12.33917576830987,0.04012245198695103
1337,4947844.784673199,16211.890604246391,12.339175768309868,0.040430000618061034
1338,4941981.615816674,16316.669291163547,12.339175768309868,0.04073957897631313
1339,4936125.671286433,16421.994196247397,12.339175768309868,0.04105119811523185
1340,4930276.944791415,16527.867375084566,12.339175768309868,0.041364869134163984
1341,4924435.430028972,16634.290887062572,12.339175768309866,0.041680603178393706
1342,4918601.120684995,16741.266795361647,12.339175768309868,0.04199841143926066
1343,4912774.010434041,16848.797166945664,12.339175768309868,0.04231830515427597
1344,4906954.092939419,16956.884072553163,12.339175768309868,0.04264029560723888
1345,4901141.361853324,17065.529586688528,12.339175768309868,0.042964394128353664
1346,4895335.810816954,17174.73578761312,12.339175768309868,0.04329061209434654
1347,4889537.433460615,17284.50475733594,12.33917576830987,0.043618960928581724
1348,4883746.223403826,17394.838581604316,12.339175768309868,0.04394945210117762
1349,4877962.174255452,17505.739349895663,12.339175768309868,0.0442820971291257
1350,4872185.2796137985,17617.20915540714,12.339175768309868,0.04461690757640433
1351,4866415.533066723,17729.25009504692,12.339175768309868,0.04495389505409688
1352,4860652.928191761,17841.864269425034,12.339175768309868,0.04529307122050859
1353,4854897.458556212,17955.053782843424,12.339175768309868,0.04563444778128198
1354,4849149.11771726,18068.820743286986,12.33917576830987,0.04597803648951456
1355,4843407.89922209,18183.16726241375,12.339175768309866,0.0463238491458745
1356,4837673.796607988,18298.09545554563,12.339175768309866,0.04667189759871804
1357,4831946.803402437,18413.607441658434,12.339175768309868,0.047022193744205125
1358,4826226.913123247,18529.70534337257,12.339175768309868,0.047374749526416626
1359,4820514.119278647,18646.391286942868,12.339175768309866,0.047729576937469806
1360,4814808.415367382,18763.667402249346,12.339175768309868,0.048086688017636256
1361,4809109.794878845,18881.535822786966,12.339175768309868,0.04844609485545696
1362,4803418.251293146,18999.99868565601,12.339175768309866,0.04880780958785972
1363,4797733.778081249,19119.0581315519,12.339175768309866,0.04917184440027463
1364,4792056.368705058,19238.71630475548,12.339175768309868,0.04953821152675128
1365,4786386.016617511,19358.975353122638,12.339175768309868,0.049906923250074266
1366,4780722.715262704,19479.837428074465,12.339175768309868,0.050277991901880016
1367,4775066.458075985,19601.304684587114,12.339175768309866,0.05065142986277307
1368,4769417.238484045,19723.379281181387,12.339175768309868,0.05102724956244199
1369,4763775.049905025,19846.06337991261,12.339175768309868,0.051405463479775725
1370,4758139.885748617,19969.359146360443,12.33917576830987,0.051786084142980145
1371,4752511.739416164,20093.26874961828,12.339175768309868,0.05216912412969358
1372,4746890.604300759,20217.79436228284,12.339175768309868,0.05255459606710288
1373,4741276.473787337,20342.9381604441,12.339175768309868,0.05294251263206064
1374,4735669.341252779,20468.70232367407,12.339175768309868,0.05333288655119927
1375,4730069.200066012,20595.08903501708,12.339175768309868,0.05372573060104923
1376,4724476.043588094,20722.100480978253,12.339175768309868,0.05412105760815281
1377,4718889.865172322,20849.738851513466,12.339175768309866,0.05451888044918144
1378,4713310.658164327,20978.006340018634,12.339175768309868,0.0549192120510517
1379,4707738.415902152,21106.90514331843,12.339175768309868,0.055322065391039954
1380,4702173.1317163715,21236.437461655685,12.339175768309868,0.05572745349689852
1381,4696614.798930165,21366.605498681125,12.339175768309868,0.056135389446973195
1382,4691063.410859431,21497.411461441327,12.33917576830987,0.05654588637031585
1383,4685518.960812851,21628.85756036845,12.339175768309868,0.056958957446802204
1384,4679981.442092017,21760.946009269293,12.33917576830987,0.057374615907247344
1385,4674450.847991499,21893.6790253137,12.339175768309868,0.05779287503352011
1386,4668927.171798934,22027.058829023845,12.339175768309868,0.05821374815865981
1387,4663410.406795135,22161.087644262938,12.339175768309866,0.058637248666991104
1388,4657900.546254179,22295.767698223735,12.339175768309868,0.05906338999423873
1389,4652397.583443471,22431.10122141769,12.339175768309868,0.05949218562764437
1390,4646901.511623873,22567.09044766356,12.339175768309866,0.05992364910608119
1391,4641412.324049759,22703.737614075486,12.339175768309868,0.06035779402016819
1392,4635930.013969123,22841.044961052266,12.339175768309868,0.060794634012386856
1393,4630454.57462367,22979.014732265565,12.339175768309868,0.061234182777195466
1394,4624985.999248876,23117.649174648177,12.339175768309868,0.061676454061143984
1395,4619524.281074108,23256.950538382873,12.33917576830987,0.06212146166298968
1396,4614069.413322692,23396.921076890318,12.339175768309866,0.06256921943381107
1397,4608621.389212,23537.563046818163,12.339175768309866,0.06301974127712495
1398,4603180.201953546,23678.878708028187,12.33917576830987,0.0634730411489979
1399,4597745.844753061,23820.87032358558,12.339175768309868,0.06392913305816393
1400,4592318.310810577,23963.540159746517,12.339175768309868,0.06438803106613773
1401,4586897.593320526,24106.890485946307,12.339175768309868,0.06484974928732888
1402,4581483.685471796,24250.923574788092,12.339175768309868,0.06531430188915857
1403,4576076.580447844,24395.64170203017,12.339175768309868,0.06578170309217168
1404,4570676.271426755,24541.04714657405,12.339175768309868,0.06625196717015165
1405,4565282.751581348,24687.14219045333,12.339175768309868,0.06672510845023703
1406,4559896.014079232,24833.929118819953,12.33917576830987,0.06720114131303162
1407,4554516.0520829,24981.410219933623,12.339175768309868,0.0676800801927227
1408,4549142.858749824,25129.58778514883,12.339175768309868,0.06816193957719291
1409,4543776.427232508,25278.464108902637,12.339175768309866,0.06864673400813459
1410,4538416.750678575,25428.041488702584,12.339175768309868,0.06913447808116431
1411,4533063.822230874,25578.32222511449,12.339175768309866,0.06962518644593657
1412,4527717.63502752,25729.308621749584,12.339175768309868,0.07011887380625689
1413,4522378.18220199,25881.002985252628,12.339175768309868,0.07061555492019685
1414,4517045.456883214,26033.407625288935,12.339175768309868,0.07111524460020589
1415,4511719.452195632,26186.524854532585,12.339175768309868,0.07161795771322746
1416,4506400.161259276,26340.356988652726,12.339175768309868,0.07212370918080908
1417,4501087.577189861,26494.906346302334,12.33917576830987,0.07263251397921935
1418,4495781.693098838,26650.175249104588,12.339175768309868,0.07314438713955884
1419,4490482.50209349,26806.166021640467,12.339175768309868,0.07365934374787392
1420,4485189.997277008,26962.880991436155,12.33917576830987,0.07417739894527015
1421,4479904.171748536,27120.322488950103,12.339175768309868,0.07469856792802539
1422,4474625.018603285,27278.492847560177,12.339175768309868,0.07522286594770203
1423,4469352.530932589,27437.394403551112,12.339175768309868,0.07575030831126109
1424,4464086.701823981,27597.029496101142,12.339175768309868,0.0762809103811736
1425,4458827.524361256,27757.40046726912,12.33917576830987,0.07681468757553368
1426,4453574.991624561,27918.509661982338,12.33917576830987,0.0773516553681731
1427,4448329.096690461,28080.359428022093,12.339175768309868,0.07789182928876998
1428,4443089.832632006,28242.952116011704,12.33917576830987,0.07843522492296437
1429,4437857.192518807,28406.290079403207,12.339175768309868,0.07898185791246991
1430,4432631.169417111,28570.375674463747,12.339175768309868,0.07953174395518474
1431,4427411.756389864,28735.211260262502,12.339175768309868,0.0800848988053041
1432,4422198.94649679,28900.799198658045,12.339175768309868,0.08064133827343388
1433,4416992.732794459,29067.141854284335,12.339175768309868,0.08120107822670058
1434,4411793.108336338,29234.241594537667,12.339175768309868,0.08176413458886415
1435,4406600.066172901,29402.100789563436,12.33917576830987,0.08233052334042937
1436,4401413.599351656,29570.721812242427,12.339175768309868,0.08290026051875737
1437,4396233.700917231,29740.107038177357,12.339175768309868,0.08347336221817676
1438,4391060.363911459,29910.258845680193,12.339175768309868,0.08404984459009701
1439,4385893.581373409,30081.179615757108,12.33917576830987,0.08462972384311605
1440,4380733.346339483,30252.87173209632,12.339175768309868,0.085213016243135
1441,4375579.651843479,30425.33758105382,12.33917576830987,0.08579973811346729
1442,4370432.490916637,30598.57955163995,12.339175768309868,0.08638990583495075
1443,4365291.856587729,30772.600035505355,12.339175768309868,0.08698353584605692
1444,4360157.741883118,30947.40142692776,12.339175768309866,0.08758064464300334
1445,4355030.139826813,31122.98612279776,12.339175768309868,0.08818124877986315
1446,4349909.043440542,31299.356522605074,12.339175768309866,0.08878536486867554
1447,4344794.445743829,31476.515028425074,12.339175768309868,0.08939300957955698
1448,4339686.339754031,31654.46404490464,12.339175768309868,0.09000419964081126
1449,4334584.718486425,31833.205979247978,12.33917576830987,0.09061895183903848
1450,4329489.574954258,32012.743241203134,12.339175768309868,0.09123728301924657
1451,4324400.902168822,32193.07824304794,12.339175768309868,0.09185921008496102
1452,4319318.6931395,32374.21339957525,12.339175768309866,0.09248474999833263
1453,4314242.940873845,32556.151128080157,12.339175768309868,0.09311391978025085
1454,4309173.6383776385,32738.893848344647,12.339175768309868,0.09374673651044944
1455,4304110.778654935,32922.443982624,12.339175768309868,0.09438321732761829
1456,4299054.354708153,33106.80395563289,12.33917576830987,0.09502337942951246
1457,4294004.359538113,33291.97619453047,12.33917576830987,0.09566724007306011
1458,4288960.786144101,33477.963128906755,12.339175768309868,0.0963148165744732
1459,4283923.627523935,33664.76719076807,12.339175768309866,0.09696612630935553
1460,4278892.876674032,33852.39081452236,12.339175768309868,0.09762118671281035
1461,4273868.526589441,34040.8364369657,12.339175768309866,0.09828001527955202
1462,4268850.570263935,34230.10649726708,12.33917576830987,0.09894262956401158
1463,4263839.000690041,34420.20343695426,12.339175768309866,0.09960904718044646
1464,4258833.81085912,34611.12969989907,12.33917576830987,0.10027928580304774
1465,4253834.993761414,34802.88773230373,12.339175768309868,0.10095336316605068
1466,4248842.5423861,34995.47998268524,12.33917576830987,0.10163129706383997
1467,4243856.4497213615,35188.90890186166,12.33917576830987,0.10231310535105946
1468,4238876.708754434,35383.176942936465,12.339175768309868,0.10299880594271728
1469,4233903.312471662,35578.28656128525,12.339175768309868,0.10368841681429726
1470,4228936.253858564,35774.240214540296,12.339175768309868,0.10438195600186397
1471,4223975.525899879,35971.040362575375,12.339175768309868,0.10507944160216873
1472,4219021.121579624,36168.689467491924,12.339175768309866,0.10578089177275951
1473,4214073.0338811595,36367.189993604115,12.33917576830987,0.1064863247320872
1474,4209131.255787225,36566.54440742361,12.339175768309868,0.10719575875961151
1475,4204195.7802800145,36766.755177644714,12.339175768309868,0.10790921219590752
1476,4199266.6003412185,36967.82477513002,12.339175768309868,0.10862670344277359
1477,4194343.708952073,37169.75567289547,12.339175768309866,0.10934825096333821
1478,4189427.0990934293,37372.55034609439,12.339175768309868,0.11007387328216264
1479,4184516.763745804,37576.211272003966,12.339175768309868,0.11080358898535156
1480,4179612.695889409,37780.74093000938,12.339175768309868,0.11153741672065673
1481,4174714.888504242,37986.141801588645,12.339175768309868,0.11227537519758192
1482,4169823.334570106,38192.41637029854,12.339175768309868,0.11301748318749202
1483,4164938.0270666764,38399.567121758155,12.339175768309868,0.11376375952371431
1484,4160058.958973556,38607.596543634565,12.339175768309868,0.11451422310164612
1485,4155186.123270313,38816.50712562809,12.339175768309868,0.11526889287886151
1486,4150319.5129365465,39026.30135945575,12.339175768309868,0.11602778787521201
1487,4145459.1209519273,39236.98173883748,12.339175768309868,0.11679092717293608
1488,4140604.94029626,39448.550759480015,12.339175768309868,0.11755832991676086
1489,4135756.963949514,39661.01091906193,12.339175768309868,0.1183300153140082
1490,4130915.184891889,39874.36471721795,12.339175768309868,0.1191060026346976
1491,4126079.596103859,40088.614655524805,12.339175768309868,0.11988631121165416
1492,4121250.19056623,40303.76323748389,12.339175768309868,0.12067096044060642
1493,4116426.961260167,40519.81296850784,12.339175768309868,0.12145996978029705
1494,4111609.9011672717,40736.76635590374,12.339175768309868,0.12225335875258136
1495,4106799.003269607,40954.625908858405,12.339175768309868,0.12305114694253412
1496,4101994.2605497586,41173.39413842259,12.339175768309868,0.12385335399855145
1497,4097195.6659908844,41393.07355749555,12.339175768309868,0.1246599996324543
1498,4092403.2125767358,41613.66668080988,12.339175768309868,0.12547110361959352
1499,4087616.893291745,41835.17602491498,12.339175768309868,0.12628668579894858
1500,4082836.7011210476,42057.604108162595,12.339175768309868,0.1271067660732345
1501,4078062.6290505272,42280.9534506905,12.339175768309868,0.12793136440900246
1502,4073294.670066869,42505.226574407156,12.339175768309868,0.1287605008367429
1503,4068532.8171576117,42730.42600297596,12.339175768309868,0.12959419545098713
1504,4063777.06331118,42956.55426179918,12.339175768309868,0.1304324684104091
1505,4059027.4015169377,43183.613878002914,12.339175768309868,0.13127533993792867
1506,4054283.8247652324,43411.60738042144,12.339175768309868,0.13212283032081412
1507,4049546.326047435,43640.5372995801,12.339175768309868,0.13297495991077943
1508,4044814.898355991,43870.40616768096,12.339175768309868,0.13383174912409002
1509,4040089.534684468,44101.21651858646,12.339175768309868,0.1346932184416623
1510,4035370.2280275794,44332.97088780374,12.339175768309868,0.13555938840916584
1511,4030656.971381258,44565.67181246792,12.339175768309868,0.13643027963712048
1512,4025949.757742676,44799.321831327485,12.339175768309868,0.1373059128010021
1513,4021248.580110296,45033.92348472768,12.339175768309868,0.1381863086413402
1514,4016553.4314839114,45269.479314594406,12.339175768309868,0.13907148796381835
1515,4011864.3048647027,45505.991864418975,12.339175768309868,0.13996147163937564
1516,4007181.193255259,45743.463679240886,12.339175768309868,0.1408562806043038
1517,4002504.0896596257,45981.897305633116,12.339175768309868,0.14175593586035062
1518,3997832.9870833647,46221.29529168558,12.339175768309868,0.14266045847481743
1519,3993167.878533572,46461.66018698858,12.339175768309868,0.14356986958065776
1520,3988508.757018922,46702.99454261733,12.339175768309868,0.14448419037657834
1521,3983855.615549734,46945.300911115926,12.339175768309868,0.14540344212713732
1522,3979208.4471379737,47188.58184648079,12.339175768309868,0.14632764616284333
1523,3974567.2447973243,47432.83990414454,12.339175768309868,0.1472568238802529
1524,3969932.0015432215,47678.07764096033,12.339175768309868,0.1481909967420708
1525,3965302.710392874,47924.29761518508,12.339175768309868,0.14913018627724708
1526,3960679.364365324,48171.502386463224,12.339175768309868,0.15007441408107436
1527,3956061.9564814824,48419.69451581156,12.339175768309868,0.151023701815289
1528,3951450.4797641668,48668.876565601306,12.339175768309868,0.15197807120816384
1529,3946844.927238133,48919.05109954275,12.339175768309868,0.15293754405460852
1530,3942245.2919301214,49170.22068266965,12.339175768309868,0.1539021422162689
1531,3937651.566868896,49422.38788132163,12.339175768309868,0.15487188762161988
1532,3933063.7450852827,49675.55526312804,12.339175768309868,0.15584680226606298
1533,3928481.8196121966,49929.72539699276,12.339175768309868,0.15682690821202702
1534,3923905.7834846927,50184.90085307627,12.339175768309868,0.1578122275890592
1535,3919335.629740001,50441.08420278017,12.339175768309868,0.1588027825939243
1536,3914771.3514175597,50698.2780187308,12.339175768309868,0.15979859549070108
1537,3910212.9415590498,50956.48487476238,12.339175768309868,0.1607996886108769
1538,3905660.3932084385,51215.70734590067,12.339175768309868,0.16180608435344335
1539,3901113.6994120115,51475.948008347,12.339175768309868,0.16281780518499342
1540,3896572.8532184144,51737.20943946075,12.339175768309868,0.16383487363981353
1541,3892037.8476786744,51999.49421774383,12.339175768309868,0.164857312319982
1542,3887508.675846261,52262.80492282393,12.339175768309868,0.16588514389546222
1543,3882985.3307770933,52527.14413543753,12.339175768309868,0.16691839110419696
1544,3878467.805529593,52792.5144374136,12.339175768309868,0.16795707675220314
1545,3873956.093164722,53058.91841165735,12.339175768309868,0.16900122371366652
1546,3869450.186745999,53326.35864213345,12.339175768309868,0.17005085493103614
1547,3864950.0793395475,53594.83771384856,12.339175768309868,0.17110599341511482
1548,3860455.7640141384,53864.35821283631,12.339175768309868,0.1721666622451572
1549,3855967.233841195,54134.92272613943,12.339175768309868,0.17323288456896085
1550,3851484.4818948624,54406.533841793884,12.339175768309868,0.1743046836029599
1551,3847007.501252015,54679.19414881109,12.339175768309868,0.17538208263231603
1552,3842536.2849923014,54952.90623716253,12.339175768309868,0.17646510501101453
1553,3838070.8261981737,55227.672697761656,12.339175768309868,0.1775537741619525
1554,3833611.117954922,55503.49612244943,12.339175768309868,0.17864811357703858
1555,3829157.153350706,55780.3791039745,12.339175768309868,0.17974814681727466
1556,3824708.9254765944,56058.324235979184,12.339175768309868,0.1808538975128567
1557,3820266.4274265775,56337.334112981385,12.339175768309868,0.18196538936326245
1558,3815829.652297627,56617.41133035738,12.339175768309868,0.18308264613734074
1559,3811398.5931897047,56898.55848432642,12.339175768309868,0.18420569167340764
1560,3806973.243205811,57180.778171933205,12.339175768309868,0.18533454987933473
1561,3802553.5954519985,57464.07299103005,12.339175768309868,0.18646924473263704
1562,3798139.6430374207,57748.44554026257,12.339175768309868,0.1876098002805711
1563,3793731.3790743463,58033.898419050034,12.339175768309868,0.18875624064021673
1564,3789328.796678214,58320.43422757026,12.339175768309868,0.1899085899985718
1565,3784931.888967631,58608.0555667428,12.339175768309868,0.19106687261264366
1566,3780540.64906443,58896.76503821062,12.339175768309868,0.19223111280953267
1567,3776155.0700936895,59186.56524432447,12.339175768309868,0.19340133498652634
1568,3771775.145183755,59477.45878812612,12.339175768309868,0.19457756361118925
1569,3767400.867466294,59769.448273330236,12.339175768309868,0.19575982322144667
1570,3763032.2300762865,60062.53630430831,12.339175768309868,0.19694813842567815
1571,3758669.2261520983,60356.72548607245,12.339175768309868,0.198142533902806
1572,3754311.8488354734,60652.01842425613,12.339175768309868,0.19934303440237794
1573,3749960.091271582,60948.41772509981,12.339175768309868,0.20054966474466235
1574,3745613.9466090496,61245.92599543241,12.339175768309868,0.2017624498207311
1575,3741273.4079999756,61544.545842654756,12.339175768309868,0.20298141459254893
1576,3736938.4685999644,61844.279874722364,12.339175768309868,0.20420658409305956
1577,3732609.1215681667,62145.1307001288,12.339175768309868,0.20543798342627367
1578,3728285.360067283,62447.10092788922,12.339175768309868,0.20667563776735848
1579,3723967.1772636133,62750.19316752118,12.339175768309868,0.20791957236271594
1580,3719654.5663270764,63054.41002903025,12.339175768309868,0.20916981253007846
1581,3715347.5204312312,63359.7541228916,12.339175768309868,0.21042638365859054
1582,3711046.0327533106,63666.22806003261,12.339175768309868,0.21168931120889325
1583,3706750.096474251,63973.83445181713,12.339175768309868,0.2129586207132139
1584,3702459.704778714,64282.575910026964,12.339175768309868,0.21423433777544687
1585,3698174.850855108,64592.45504684554,12.339175768309868,0.21551648807124169
1586,3693895.5278956294,64903.47447484167,12.339175768309868,0.21680509734808948
1587,3689621.729096272,65215.63680695033,12.339175768309868,0.21810019142540174
1588,3685353.4476568657,65528.94465645727,12.339175768309868,0.21940179619459943
1589,3681090.6767810946,65843.40063698201,12.339175768309868,0.22070993761919805
1590,3676833.4096765257,66159.00736245944,12.339175768309868,0.222024641734887
1591,3672581.639554632,66475.76744712327,12.339175768309868,0.22334593464961522
1592,3668335.3596308264,66793.68350548993,12.339175768309868,0.22467384254367723
1593,3664094.5631244704,67112.7581523398,12.339175768309868,0.22600839166979228
1594,3659859.2432589107,67432.99400270115,12.339175768309868,0.22734960835318974
1595,3655629.3932615025,67754.39367183277,12.339175768309868,0.22869751899169102
1596,3651405.006363638,68076.95977520672,12.339175768309868,0.23005215005579158
1597,3647186.075800751,68400.69492849086,12.339175768309868,0.23141352808874321
1598,3642972.5948123694,68725.60174753294,12.339175768309868,0.23278167970663796
1599,3638764.556642121,69051.68284834136,12.339175768309868,0.23415663159848446
1600,3634561.9545377544,69378.94084706994,12.339175768309868,0.23553841052629568
1601,3630364.7817511824,69707.37835999992,12.339175768309868,0.23692704332516584
1602,3626173.0315384753,70036.9980035229,12.339175768309868,0.23832255690335408
1603,3621986.697159915,70367.80239412325,12.339175768309868,0.2397249782423613
1604,3617805.7718800018,70699.79414836188,12.339175768309868,0.24113433439701482
1605,3613630.248967472,71032.97588285797,12.339175768309868,0.24255065249554533
1606,3609460.1216953318,71367.35021427221,12.339175768309868,0.24397395973966737
1607,3605295.383340882,71702.91975929054,12.339175768309868,0.24540428340466178
1608,3601136.0271857274,72039.68713460535,12.339175768309868,0.24684165083945084
1609,3596982.046515809,72377.6549568986,12.339175768309868,0.2482860894666772
1610,3592833.4346214198,72716.82584282667,12.339175768309868,0.24973762678279054
1611,3588690.184797234,73057.20240899984,12.339175768309868,0.2511962903581141
1612,3584552.2903423184,73398.78727196706,12.339175768309868,0.2526621078369304
1613,3580419.744560169,73741.58304819993,12.339175768309868,0.25413510693756236
1614,3576292.5407587136,74085.59235407221,12.339175768309868,0.2556153154524411
1615,3572170.672250348,74430.81780584504,12.339175768309868,0.2571027612481906
1616,3568054.1323519526,74777.26201964985,12.339175768309868,0.25859747226570584
1617,3563942.9143849066,75124.927611469,12.339175768309868,0.26009947652022275
1618,3559837.011675115,75473.81719712114,12.339175768309868,0.2616088021014032
1619,3555736.417553034,75823.9333922423,12.339175768309868,0.26312547717340556
1620,3551641.1253536837,76175.27881226916,12.339175768309868,0.2646495299749626
1621,3547551.128416664,76527.85607242245,12.339175768309868,0.26618098881946045
1622,3543466.4200861873,76881.66778768816,12.339175768309868,0.26771988209500713
1623,3539386.9937110925,77236.71657280224,12.339175768309868,0.26926623826451557
1624,3535312.842644854,77593.00504223195,12.339175768309868,0.2708200858657743
1625,3531243.960245629,77950.53581015904,12.339175768309868,0.27238145351152127
1626,3527180.339876243,78309.31149046324,12.339175768309868,0.2739503698895239
1627,3523121.9749042275,78669.33469670406,12.339175768309868,0.2755268637626483
1628,3519068.8587018503,79030.60804210369,12.339175768309868,0.2771109639689325
1629,3515020.9846461043,79393.13413953087,12.339175768309868,0.27870269942166676
1630,3510978.346118748,79756.91560148227,12.339175768309868,0.28030209910945997
1631,3506940.936506325,80121.9550400659,12.339175768309868,0.28190919209631543
1632,3502908.749200172,80488.25506698403,12.339175768309868,0.28352400752170426
1633,3498881.777596443,80855.81829351593,12.339175768309868,0.28514657460063814
1634,3494860.015096123,81224.64733050074,12.339175768309868,0.2867769226237417
1635,3490843.4551050495,81594.74478831998,12.339175768309868,0.2884150809573235
1636,3486832.0910339383,81966.11327687946,12.339175768309868,0.29006107904344414
1637,3482825.916298381,82338.75540559538,12.339175768309868,0.29171494640000073
1638,3478824.9243188817,82712.67378337344,12.339175768309868,0.2933767126207838
1639,3474829.1085208636,83087.87101859246,12.339175768309868,0.2950464073755517
1640,3470838.4623346934,83464.34971908951,12.339175768309868,0.2967240604101091
1641,3466852.9791956986,83842.11249213976,12.339175768309868,0.29840970154636676
1642,3462872.6525441706,84221.16194444138,12.339175768309868,0.3001033606824202
1643,3458897.4758253964,84601.5006820976,12.339175768309868,0.30180506779261523
1644,3454927.442489676,84983.13131059802,12.339175768309868,0.3035148529276126
1645,3450962.545992328,85366.05643480572,12.339175768309868,0.30523274621447294
1646,3447002.7797937137,85750.27865893532,12.339175768309868,0.30695877785670794
1647,3443048.1373592475,86135.80058653766,12.339175768309868,0.30869297813435687
1648,3439098.6121594273,86522.6248204847,12.339175768309868,0.31043537740406
1649,3435154.1976698325,86910.75396294893,12.339175768309868,0.3121860060991166
1650,3431214.8873711457,87300.19061538822,12.339175768309868,0.3139448947295593
1651,3427280.67474918,87690.93737852889,12.339175768309868,0.3157120738822211
1652,3423351.5532948747,88082.99685234742,12.339175768309868,0.31748757422080065
1653,3419427.5165043254,88476.37163605377,12.339175768309868,0.3192714264859289
1654,3415508.557878801,88871.06432807584,12.339175768309868,0.3210636614952418
1655,3411594.6709247427,89267.07752603866,12.339175768309868,0.32286431014343453
1656,3407685.849153794,89664.41382675109,12.339175768309868,0.32467340340234
1657,3403782.0860828175,90063.07582618773,12.339175768309868,0.32649097232099095
1658,3399883.375233893,90463.06611946985,12.339175768309868,0.3283170480256797
1659,3395989.7101343465,90864.38730085056,12.339175768309868,0.33015166172003024
1660,3392101.084316766,91267.04196369777,12.339175768309868,0.3319948446850633
1661,3388217.4913189984,91671.03270047467,12.339175768309868,0.3338466282792535
1662,3384338.9246841893,92076.36210272579,12.339175768309868,0.3357070439386029
1663,3380465.3779607755,92483.03276105771,12.339175768309868,0.3375761231766984
1664,3376596.844702515,92891.04726512318,12.339175768309868,0.3394538975847788
1665,3372733.318468486,93300.40820360354,12.339175768309868,0.34134039883179723
1666,3368874.792823109,93711.11816419267,12.339175768309868,0.3432356586644876
1667,3365021.261336163,94123.17973357801,12.339175768309868,0.3451397089074193
1668,3361172.7175827967,94536.59549742569,12.339175768309868,0.3470525814630685
1669,3357329.1551435376,94951.36804036256,12.339175768309868,0.3489743083118768
1670,3353490.567604305,95367.49994595897,12.339175768309868,0.3509049215123126
1671,3349656.9485564358,95784.9937967122,12.339175768309868,0.3528444532009332
1672,3345828.2915966837,96203.8521740295,12.339175768309868,0.3547929355924471
1673,3342004.5903272387,96624.0776582107,12.339175768309868,0.35675040097977306
1674,3338185.8383557294,97045.67282843252,12.339175768309868,0.3587168817341067
1675,3334372.029295257,97468.64026272981,12.339175768309868,0.36069241030497207
1676,3330563.1567643923,97892.98253798009,12.339175768309868,0.3626770192202887
1677,3326759.214387181,98318.70222988557,12.339175768309868,0.36467074108642833
1678,3322960.1957931793,98745.80191295763,12.339175768309868,0.36667360858827713
1679,3319166.0946174483,99174.28416049886,12.339175768309868,0.368685654489293
1680,3315376.9045005636,99604.15154458543,12.339175768309868,0.37070691163156216
1681,3311592.61908865,100035.4066360523,12.339175768309868,0.37273741293586254
1682,3307813.232033361,100468.05200447605,12.339175768309868,0.3747771914017253
1683,3304038.7369919172,100902.09021815464,12.339175768309868,0.3768262801074767
1684,3300269.127627111,101337.52384409623,12.339175768309868,0.3788847122103181
1685,3296504.3976073028,101774.35544799748,12.339175768309868,0.38095252094636667
1686,3292744.5406064535,102212.58759422874,12.339175768309868,0.38302973963071774
1687,3288989.55030413,102652.22284581856,12.339175768309868,0.38511640165750705
1688,3285239.420385507,103093.26376443419,12.339175768309868,0.38721254049995874
1689,3281494.1445413865,103535.71291036556,12.339175768309868,0.3893181897104426
1690,3277753.716468209,103979.57284251183,12.339175768309868,0.39143338292054286
1691,3274018.129868057,104424.84611835872,12.339175768309868,0.39355815384109244
1692,3270287.37844868,104871.53529396647,12.339175768309868,0.3956925362622443
1693,3266561.455923485,105319.64292395278,12.339175768309868,0.397836564053527
1694,3262840.3560115686,105769.17156147298,12.339175768309868,0.3999902711638857
1695,3259124.072437708,106220.12375820603,12.339175768309868,0.4021536916217485
1696,3255412.5989323854,106672.5020643385,12.339175768309868,0.4043268595350818
1697,3251705.929231796,107126.30902854419,12.33917576830987,0.40650980909142964
1698,3248004.057077846,107581.54719797209,12.339175768309868,0.4087025745579867
1699,3244306.9762181784,108038.21911822651,12.339175768309868,0.41090519028163686
1700,3240614.680406178,108496.32733335154,12.339175768309868,0.4131176906890108
1701,3236927.163400969,108955.87438581503,12.339175768309868,0.41534011028654216
1702,3233244.41896745,109416.86281649098,12.339175768309868,0.417572483660513
1703,3229566.440876276,109879.29516464344,12.339175768309868,0.4198148454771106
1704,3225893.222903885,110343.17396791023,12.339175768309868,0.4220672304824781
1705,3222224.758832511,110808.50176228567,12.339175768309868,0.42432967350276235
1706,3218561.0424501686,111275.28108210524,12.339175768309868,0.42660220944417293
1707,3214902.0675506922,111743.51446002781,12.339175768309868,0.4288848732930237
1708,3211247.827933727,112213.20442701972,12.339175768309868,0.43117770011578777
1709,3207598.317404742,112684.35351233906,12.339175768309868,0.43348072505915003
1710,3203953.5297750374,113156.96424351777,12.339175768309868,0.43579398335005126
1711,3200313.458861765,113631.03914634594,12.339175768309868,0.43811751029573914
1712,3196678.098487916,114106.58074485572,12.339175768309868,0.440451341283821
1713,3193047.4424823457,114583.59156130429,12.339175768309868,0.4427955117823083
1714,3189421.4846797814,115062.0741161581,12.339175768309868,0.44515005733966745
1715,3185800.2189208185,115542.03092807643,12.339175768309868,0.4475150135848694
1716,3182183.6390519408,116023.46451389306,12.339175768309868,0.44989041622742804
1717,3178571.7389255255,116506.37738860438,12.339175768309866,0.45227630105746525
1718,3174964.5123998495,116990.77206534903,12.339175768309868,0.4546727039457433
1719,3171361.9533390957,117476.65105539163,12.339175768309868,0.4570796608437109
1720,3167764.0556133725,117964.01686811041,12.339175768309868,0.45949720778356445
1721,3164170.8130987035,118452.87201097712,12.339175768309868,0.46192538087828106
1722,3160582.2196770483,118943.21898954111,12.339175768309868,0.4643642163216647
1723,3156998.2692363057,119435.06030741626,12.339175768309868,0.46681375038840345
1724,3153418.95567032,119928.39846626077,12.339175768309868,0.4692740194341007
1725,3149844.272878896,120423.23596576396,12.339175768309868,0.4717450598953297
1726,3146274.214767796,120919.57530362872,12.339175768309868,0.4742269082896747
1727,3142708.7752487515,121417.41897555435,12.339175768309868,0.47671960121577034
1728,3139147.9482394727,121916.7694752228,12.339175768309868,0.47922317535335496
1729,3135591.7276636534,122417.62929428261,12.339175768309868,0.48173766746331437
1730,3132040.1074509756,122920.00092232921,12.339175768309868,0.4842631143877112
1731,3128493.0815371214,123423.88684689364,12.339175768309868,0.48679955304984696
1732,3124950.6438637814,123929.28955342271,12.339175768309868,0.48934702045428813
1733,3121412.7883786443,124436.21152526494,12.339175768309868,0.4919055536869201
1734,3117879.5090354285,124944.65524365508,12.339175768309868,0.4944751899149868
1735,3114350.7997938753,125454.62318769541,12.339175768309868,0.49705596638712374
1736,3110826.6546197515,125966.11783434216,12.339175768309866,0.49964792043340983
1737,3107307.067484869,126479.14165839029,12.339175768309868,0.502251089465409
1738,3103792.0323670735,126993.69713245443,12.339175768309866,0.504865510976201
1739,3100281.5432502697,127509.78672695578,12.339175768309868,0.5074912225404306
1740,3096775.5941244117,128027.41291010521,12.339175768309868,0.5101282618143452
1741,3093274.1789855193,128546.57814788737,12.339175768309868,0.5127766665358338
1742,3089777.291835677,129067.28490404494,12.339175768309868,0.5154364745244673
1743,3086284.9266830473,129589.53564006252,12.339175768309868,0.5181077236815352
1744,3082797.077541868,130113.33281515159,12.339175768309868,0.5207904519900892
1745,3079313.738432469,130638.67888623427,12.339175768309868,0.5234846975149776
1746,3075834.903381261,131165.5763079279,12.339175768309868,0.5261904984028873
1747,3072360.5664207614,131694.02753252853,12.339175768309868,0.5289078928823762
1748,3068890.7215895816,132224.03500999577,12.339175768309868,0.5316369192639141
1749,3065425.3629324455,132755.60118793792,12.339175768309868,0.5343776159399226
1750,3061964.4845001884,133288.72851159488,12.339175768309868,0.5371300213848065
1751,3058508.0803497615,133823.4194238231,12.339175768309868,0.5398941741549925
1752,3055056.1445442447,134359.6763650805,12.339175768309868,0.5426701128889669
1753,3051608.671152843,134897.5017734094,12.339175768309868,0.5454578763073061
1754,3048165.654250888,135436.8980844239,12.33917576830987,0.5482575032127259
1755,3044727.0879198625,135977.86773129072,12.339175768309868,0.5510690324900962
1756,3041292.966247383,136520.41314471644,12.339175768309868,0.5538925031064941
1757,3037863.283327215,137064.53675292968,12.339175768309868,0.5567279541112244
1758,3034438.033259282,137610.24098166905,12.339175768309868,0.5595754246358685
1759,3031017.2101496593,138157.52825416427,12.339175768309868,0.5624349538943054
1760,3027600.8081105812,138706.4009911221,12.339175768309866,0.5653065811827506
1761,3024188.8212604616,139256.86161071112,12.339175768309868,0.568190345879787
1762,3020781.243723868,139808.91252854766,12.339175768309868,0.5710862874464089
1763,3017378.0696315533,140362.55615767595,12.339175768309868,0.57399444542603
1764,3013979.2931204494,140917.7949085589,12.339175768309868,0.5769148594445438
1765,3010584.908333666,141474.63118905944,12.339175768309868,0.5798475692103424
1766,3007194.909420505,142033.06740442282,12.339175768309868,0.5827926145143354
1767,3003809.290536459,142593.10595726813,12.339175768309866,0.5857500352300106
1768,3000428.045843218,143154.749247567,12.339175768309868,0.5887198713134395
1769,2997051.1695086653,143717.99967262914,12.339175768309868,0.5917021628033113
1770,2993678.6557068927,144282.8596270932,12.33917576830987,0.5946969498209873
1771,2990310.498618199,144849.33150290238,12.339175768309866,0.5977042725704921
1772,2986946.6924290922,145417.4176892958,12.339175768309868,0.6007241713385715
1773,2983587.231332293,145987.12057279324,12.339175768309868,0.6037566864947203
1774,2980232.109526743,146558.44253717558,12.339175768309868,0.6068018584911913
1775,2976881.3212176044,147131.3859634743,12.339175768309868,0.6098597278630447
1776,2973534.860616265,147705.9532299554,12.339175768309866,0.6129303352281698
1777,2970192.7219403405,148282.1467121018,12.339175768309868,0.6160137212873038
1778,2966854.8994136713,148859.96878260295,12.339175768309868,0.6191099268240788
1779,2963521.3872663444,149439.42181133563,12.339175768309868,0.6222189927050272
1780,2960192.179734678,150020.50816535135,12.339175768309868,0.6253409598796227
1781,2956867.2710612267,150603.2302088618,12.339175768309868,0.6284758693803069
1782,2953546.655494801,151187.59030322218,12.339175768309868,0.6316237623225056
1783,2950230.327290446,151773.59080691796,12.339175768309868,0.6347846799046646
1784,2946918.2807094613,152361.2340755494,12.339175768309868,0.6379586634082707
1785,2943610.5100194053,152950.5224618169,12.339175768309868,0.6411457541978758
1786,2940307.0094940807,153541.45831550672,12.339175768309868,0.6443459937211277
1787,2937007.7734135524,154134.04398347542,12.339175768309868,0.6475594235087874
1788,2933712.7960641524,154728.2818096354,12.339175768309868,0.6507860851747549
1789,2930422.071738463,155324.1741349419,12.339175768309868,0.6540260204161025
1790,2927135.5947353444,155921.72329737607,12.339175768309868,0.6572792710130846
1791,2923853.3593599186,156520.93163193046,12.339175768309866,0.6605458788291643
1792,2920575.3599235774,157121.8014705973,12.339175768309868,0.6638258858110476
1793,2917301.5907439897,157724.33514234982,12.33917576830987,0.667119333988687
1794,2914032.0461450964,158328.5349731324,12.339175768309868,0.670426265475325
1795,2910766.7204571157,158934.4032858419,12.339175768309868,0.6737467224674977
1796,2907505.6080165463,159541.94240031388,12.339175768309868,0.6770807472450587
1797,2904248.7031661654,160151.15463331307,12.339175768309868,0.6804283821712219
1798,2900996.000255038,160762.04229851198,12.339175768309868,0.6837896696925514
1799,2897747.4936385113,161374.60770647967,12.339175768309868,0.687164652338996
1800,2894503.177678221,161988.85316467003,12.339175768309868,0.6905533727239208
1801,2891263.046742095,162604.78097740264,12.339175768309866,0.6939558735441046
1802,2888027.095204343,163222.3934458511,12.339175768309868,0.6973721975797745
1803,2884795.317445476,163841.69286802993,12.339175768309868,0.7008023876946248
1804,2881567.7078522984,164462.681538778,12.339175768309868,0.7042464868358286
1805,2878344.260817904,165085.36174974465,12.339175768309868,0.7077045380340583
1806,2875124.97074169,165709.73578937817,12.339175768309868,0.7111765844035131
1807,2871909.832029352,166335.8059429076,12.339175768309868,0.7146626691419194
1808,2868698.839092883,166963.5744923313,12.339175768309868,0.7181628355305613
1809,2865491.9863505824,167593.0437164039,12.339175768309868,0.7216771269342995
1810,2862289.268227046,168224.21589061912,12.339175768309868,0.7252055868015784
1811,2859090.679153177,168857.09328719732,12.339175768309868,0.7287482586644454
1812,2855896.2135661896,169491.67817507344,12.339175768309868,0.7323051861385752
1813,2852705.865909594,170127.97281987924,12.339175768309868,0.7358764129232738
1814,2849519.630633214,170765.97948393237,12.339175768309866,0.7394619828015013
1815,2846337.5021931846,171405.70042622142,12.339175768309866,0.7430619396398845
1816,2843159.475051946,172047.1379023922,12.339175768309868,0.7466763273887326
1817,2839985.543678251,172690.29416473408,12.339175768309868,0.7503051900820519
1818,2836815.7025471646,173335.17146216583,12.339175768309868,0.7539485718375577
1819,2833649.9461400616,173981.77204022248,12.339175768309868,0.7576065168566919
1820,2830488.268944632,174630.09814104097,12.339175768309868,0.761279069424632
1821,2827330.6654548794,175280.15200334732,12.339175768309868,0.7649662739103091
1822,2824177.1301711216,175931.9358624411,12.339175768309868,0.7686681747664119
1823,2821027.6575999926,176585.45195018544,12.339175768309868,0.7723848165294146
1824,2817882.242254442,177240.70249498897,12.339175768309868,0.7761162438195705
1825,2814740.8786537335,177897.68972179494,12.339175768309868,0.7798625013409343
1826,2811603.56132345,178556.4158520681,12.339175768309868,0.7836236338813756
1827,2808470.2847954906,179216.88310377984,12.339175768309866,0.7873996863125838
1828,2805341.043608072,179879.09369139466,12.339175768309868,0.7911907035900791
1829,2802215.832305728,180543.04982585914,12.339175768309868,0.7949967307532325
1830,2799094.6454393133,181208.75371458448,12.339175768309866,0.7988178129252577
1831,2795977.477565995,181876.20756143655,12.339175768309868,0.8026539953132376
1832,2792864.323249267,182545.41356672128,12.339175768309868,0.8065053232081247
1833,2789755.177058936,183216.37392717146,12.339175768309868,0.8103718419847542
1834,2786650.0335711273,183889.0908359343,12.339175768309868,0.814253597101854
1835,2783548.887368288,184563.5664825558,12.339175768309866,0.8181506341020425
1836,2780451.7330391845,185239.80305297129,12.339175768309868,0.8220629986118531
1837,2777358.5651788944,185917.8027294873,12.339175768309868,0.8259907363417222
1838,2774269.3783888235,186597.56769077474,12.339175768309868,0.8299338930860196
1839,2771184.1672766893,187279.10011185025,12.339175768309868,0.8338925147230358
1840,2768102.92645653,187962.40216406604,12.339175768309866,0.8378666472149983
1841,2765025.6505487063,188647.4760150948,12.339175768309868,0.8418563366080684
1842,2761952.334179885,189334.32382892125,12.339175768309868,0.8458616290323714
1843,2758882.9719830616,190022.94776582107,12.339175768309868,0.8498825707019612
1844,2755817.5585975433,190713.3499823572,12.33917576830987,0.8539192079148687
1845,2752756.0886689504,191405.53263136218,12.339175768309868,0.8579715870530871
1846,2749698.5568492254,192099.49786192214,12.339175768309866,0.862039754582559
1847,2746644.957796626,192795.24781937202,12.339175768309868,0.8661237570532181
1848,2743595.28617572,193492.78464527652,12.339175768309868,0.8702236410989664
1849,2740549.536657393,194192.11047741678,12.339175768309868,0.8743394534376734
1850,2737507.703918843,194893.22744978577,12.339175768309868,0.8784712408712164
1851,2734469.7826435817,195596.1376925642,12.339175768309868,0.8826190502854314
1852,2731435.7675214326,196300.84333211594,12.339175768309868,0.8867829286501538
1853,2728405.653248529,197007.34649097515,12.339175768309868,0.8909629230192174
1854,2725379.4345273175,197715.64928782772,12.339175768309868,0.8951590805304297
1855,2722357.106066551,198425.75383750445,12.339175768309868,0.8993714484056008
1856,2719338.662581296,199137.6622509683,12.339175768309868,0.9036000739505403
1857,2716324.098792924,199851.37663529665,12.339175768309868,0.9078450045550378
1858,2713313.4094291097,200566.8990936754,12.339175768309868,0.9121062876928923
1859,2710306.5892238403,201284.23172538448,12.339175768309868,0.9163839709218995
1860,2707303.632917405,202003.37662578133,12.339175768309868,0.920678101883837
1861,2704304.5352563933,202724.33588629458,12.339175768309866,0.9249887283044902
1862,2701309.2909937026,203447.1115944086,12.339175768309868,0.9293158979936343
1863,2698317.8948885277,204171.7058336508,12.339175768309868,0.9336596588450345
1864,2695330.3417063644,204898.1206835822,12.339175768309868,0.9380200588364558
1865,2692346.6262190095,205626.35821978145,12.339175768309868,0.9423971460296428
1866,2689366.7432045536,206356.42051383617,12.339175768309868,0.9467909685703357
1867,2686390.6874473826,207088.30963332907,12.339175768309868,0.951201574688259
1868,2683418.4537381846,207822.02764182497,12.339175768309868,0.9556290126971113
1869,2680450.0368739306,208557.5765988611,12.339175768309866,0.9600733309945788
1870,2677485.431657891,209294.9585599339,12.339175768309868,0.9645345780623208
1871,2674524.6328996234,210034.17557648662,12.339175768309868,0.9690128024659664
1872,2671567.6354149743,210775.22969589735,12.339175768309868,0.9735080528551103
1873,2668614.434026079,211518.12296146754,12.339175768309868,0.9780203779633089
1874,2665665.023561354,212262.8574124122,12.33917576830987,0.9825498266080867
1875,2662719.3988555036,213009.43508384418,12.339175768309868,0.9870964476909103
1876,2659777.5547495135,213757.85800676356,12.339175768309868,0.9916602901971913
1877,2656839.4860906494,214508.12820804864,12.339175768309868,0.9962414031962906
1878,2653905.1877324553,215260.24771044147,12.339175768309868,1.0008398358415014
1879,2650974.654534752,216014.21853253452,12.339175768309868,1.0054556373700332
1880,2648047.881363635,216770.04268876533,12.33917576830987,1.0100888571030355
1881,2645124.8630914763,217527.72218939863,12.339175768309868,1.01473954444556
1882,2642205.594596911,218287.25904051674,12.339175768309868,1.0194077488865643
1883,2639290.070764854,219048.6552440097,12.339175768309868,1.024093519998908
1884,2636378.286486481,219811.912797562,12.339175768309868,1.0287969074393404
1885,2633470.2366592297,220577.03369464027,12.339175768309868,1.0335179609484861
1886,2630565.91618681,221344.0199244864,12.339175768309868,1.0382567303508552
1887,2627665.319979187,222112.87347209864,12.339175768309868,1.043013265554802
1888,2624768.442952586,222883.59631822683,12.339175768309868,1.0477876165525446
1889,2621875.2800294897,223656.1904393599,12.339175768309868,1.052579833420149
1890,2618985.8261386342,224430.6578077113,12.33917576830987,1.0573899663175057
1891,2616100.0762150073,225207.00039121055,12.339175768309868,1.0622180654883293
1892,2613218.0251998524,225985.22015349296,12.339175768309866,1.0670641812601516
1893,2610339.668040653,226765.31905388428,12.339175768309868,1.0719283640442947
1894,2607464.999691144,227547.29904739416,12.339175768309868,1.076810664335876
1895,2604594.0151113006,228331.16208470278,12.33917576830987,1.0817111327137878
1896,2601726.709267341,229116.91011214958,12.339175768309868,1.086629819840684
1897,2598863.0771317193,229904.54507172262,12.339175768309868,1.0915667764629693
1898,2596003.113683127,230694.06890104926,12.339175768309868,1.096522053410793
1899,2593146.813906489,231485.48353338285,12.33917576830987,1.101495701598025
1900,2590294.1727929614,232278.79089759223,12.339175768309868,1.1064877720222437
1901,2587445.185339929,233073.9929181524,12.339175768309868,1.1114983157647305
1902,2584599.846550999,233871.09151513188,12.339175768309868,1.1165273839904457
1903,2581758.1514360085,234670.08860418285,12.339175768309868,1.1215750279480174
1904,2578920.095011009,235470.98609653107,12.339175768309866,1.1266412989697312
1905,2576085.6722982745,236273.78589896267,12.339175768309868,1.1317262484715025
1906,2573254.8783262894,237078.48991381773,12.339175768309868,1.136829927952881
1907,2570427.708129757,237885.1000389751,12.339175768309868,1.1419523889970118
1908,2567604.1567495842,238693.6181678438,12.339175768309868,1.1470936832706322
1909,2564784.219232888,239504.04618935427,12.339175768309868,1.1522538625240588
1910,2561967.8906329884,240316.38598794356,12.339175768309868,1.1574329785911535
1911,2559155.16600941,241130.6394435499,12.339175768309868,1.1626310833893276
1912,2556346.0404278724,241946.80843159786,12.339175768309868,1.1678482289195058
1913,2553540.5089602936,242764.8948229898,12.33917576830987,1.1730844672661147
1914,2550738.5666847765,243584.9004840973,12.339175768309868,1.178339850597078
1915,2547940.2086856263,244406.82727674744,12.33917576830987,1.183614431163771
1916,2545145.4300533254,245230.67705821418,12.339175768309868,1.1889082613010213
1917,2542354.2258845414,246056.4516812092,12.339175768309868,1.1942213934270887
1918,2539566.591282127,246884.15299386898,12.339175768309868,1.1995538800436314
1919,2536782.521355109,247713.7828397476,12.33917576830987,1.2049057737357038
1920,2534002.011218686,248545.3430578046,12.339175768309868,1.2102771271717256
1921,2531225.0559942373,249378.8354823945,12.339175768309868,1.2156679931034553
1922,2528451.6508092983,250214.26194326038,12.339175768309866,1.221078424365995
1923,2525681.790797578,251051.6242655176,12.339175768309868,1.2265084738777297
1924,2522915.471098948,251890.92426965,12.339175768309868,1.2319581946403395
1925,2520152.68685943,252732.1637714989,12.339175768309866,1.2374276397387765
1926,2517393.433231208,253575.34458224615,12.339175768309868,1.2429168623412012
1927,2514637.7053726166,254420.46850841594,12.339175768309868,1.2484259156990194
1928,2511885.49844814,255267.53735185554,12.339175768309868,1.2539548531468143
1929,2509136.807628409,256116.55290972785,12.339175768309868,1.2595037281023322
1930,2506391.628090192,256967.51697450774,12.339175768309868,1.2650725940664933
1931,2503649.955016398,257820.43133396126,12.339175768309868,1.2706615046233078
1932,2500911.7835960737,258675.29777114387,12.339175768309868,1.2762705134398924
1933,2498177.109024395,259532.11806439317,12.339175768309868,1.2818996742664592
1934,2495445.926502668,260390.89398730916,12.339175768309868,1.287549040936237
1935,2492718.2312383205,261251.62730875233,12.339175768309868,1.2932186673654882
1936,2489994.0184449097,262114.31979283565,12.339175768309868,1.2989086075534837
1937,2487273.283342101,262978.97319890716,12.339175768309868,1.3046189155824475
1938,2484556.0211556796,263845.58928154793,12.339175768309866,1.3103496456175576
1939,2481842.22711754,264714.169790561,12.339175768309868,1.316100851906917
1940,2479131.896465687,265584.7164709583,12.339175768309866,1.3218725887815033
1941,2476425.0244442215,266457.2310629558,12.33917576830987,1.3276649106551712
1942,2473721.606303353,267331.71530196286,12.339175768309868,1.3334778720246088
1943,2471021.637299381,268208.1709185711,12.33917576830987,1.339311527469308
1944,2468325.1126947016,269086.59963854833,12.339175768309868,1.3451659316515456
1945,2465632.027757799,269967.0031828261,12.339175768309868,1.3510411393163428
1946,2462942.377763239,270849.3832674954,12.339175768309868,1.3569372052914592
1947,2460256.157991671,271733.74160379166,12.339175768309868,1.3628541844873343
1948,2457573.363729828,272620.079898089,12.339175768309868,1.3687921318970682
1949,2454893.9902705033,273508.3998518931,12.339175768309866,1.374751102596414
1950,2452218.0329125733,274398.70316182694,12.339175768309866,1.3807311517437078
1951,2449545.4869609745,275290.9915196265,12.33917576830987,1.3867323345798686
1952,2446876.347726705,276185.26661213086,12.339175768309868,1.3927547064283603
1953,2444210.6105268234,277081.5301212712,12.339175768309868,1.3987983226951506
1954,2441548.27068444,277979.78372406604,12.339175768309868,1.404863238868699
1955,2438889.323528721,278880.0290926076,12.339175768309866,1.4109495105198981
1956,2436233.7643948733,279782.26789405645,12.33917576830987,1.4170571933020641
1957,2433581.5886241486,280686.50179063296,12.339175768309866,1.4231863429508995
1958,2430932.791563838,281592.7324396074,12.339175768309868,1.4293370152844564
1959,2428287.3685672656,282500.9614932892,12.339175768309868,1.4355092662030924
1960,2425645.314993786,283411.19059902465,12.339175768309868,1.4417031516894683
1961,2423006.6262087845,284323.42139918247,12.33917576830987,1.447918727808483
1962,2420371.297583662,285237.65553114656,12.339175768309866,1.4541560507072502
1963,2417739.324495842,286153.8946273105,12.33917576830987,1.4604151766150741
1964,2415110.702328764,287072.1403150671,12.339175768309866,1.466696161843404
1965,2412485.42647187,287992.39421679673,12.339175768309868,1.47299906278579
1966,2409863.492320615,288914.65794986795,12.339175768309868,1.479323935917882
1967,2407244.8952764524,289838.9331266183,12.339175768309868,1.4856708377973467
1968,2404629.6307468354,290765.2213543535,12.339175768309868,1.4920398250638647
1969,2402017.69414521,291693.5242353379,12.339175768309868,1.4984309544390897
1970,2399409.080891007,292623.8433667855,12.339175768309868,1.50484428272661
1971,2396803.786409648,293556.1803408499,12.339175768309868,1.5112798668118943
1972,2394201.806132532,294490.5367446212,12.339175768309866,1.5177377636622864
1973,2391603.1354970364,295426.91416011326,12.33917576830987,1.524218030326941
1974,2389007.769946504,296365.3141642563,12.339175768309868,1.530720723936792
1975,2386415.7049302566,297305.7383288943,12.339175768309868,1.5372459017045312
1976,2383826.9359035688,298248.18822076847,12.339175768309868,1.5437936209245422
1977,2381241.458327681,299192.6654015154,12.339175768309868,1.5503639389728767
1978,2378659.267669783,300139.1714276588,12.339175768309868,1.5569569133072247
1979,2376080.35940302,301087.7078505995,12.339175768309868,1.5635726014668545
1980,2373504.7290064776,302038.2762166081,12.339175768309868,1.5702110610725826
1981,2370932.3719651885,302990.8780668206,12.339175768309868,1.576872349826744
1982,2368363.283770115,303945.5149372249,12.339175768309866,1.5835565255131299
1983,2365797.4599181595,304902.1883586584,12.339175768309868,1.5902636459969641
1984,2363234.895912148,305860.89985679794,12.339175768309868,1.5969937692248564
1985,2360675.587260832,306821.65095215145,12.339175768309868,1.6037469532247537
1986,2358119.5294788764,307784.44316005456,12.339175768309868,1.6105232561059248
1987,2355566.7180868722,308749.27799065673,12.339175768309868,1.6173227360588722
1988,2353017.148611307,309716.1569489209,12.339175768309866,1.6241454513553462
1989,2350470.816584582,310685.08153460827,12.339175768309868,1.6309914603482427
1990,2347927.717544997,311656.05324227974,12.339175768309868,1.6378608214716173
1991,2345387.847036749,312629.0735612817,12.339175768309868,1.644753593240601
1992,2342851.200609922,313604.1439757421,12.339175768309868,1.6516698342513798
1993,2340317.7738204966,314581.26596456004,12.339175768309866,1.658609603181122
1994,2337787.562230323,315560.44100140495,12.339175768309868,1.6655729587879857
1995,2335260.5614071386,316541.67055470106,12.339175768309868,1.6725599599110126
1996,2332736.766924553,317524.95608762745,12.339175768309868,1.6795706654701286
1997,2330216.1743620364,318510.2990581077,12.339175768309868,1.6866051344660866
1998,2327698.7793049337,319497.7009188027,12.339175768309868,1.6936634259804062
1999,2325184.577344439,320487.1631171043,12.33917576830987,1.700745599175348
2000,2322673.564077606,321478.6870951292,12.33917576830987,1.707851713293857
2001,2320165.7351073367,322472.27428970847,12.339175768309868,1.714981827659507
2002,2317661.0860423795,323467.92613238824,12.339175768309868,1.7221360016764884
2003,2315159.6124973157,324465.64404941286,12.339175768309868,1.7293142948295157
2004,2312661.310092573,325465.42946172744,12.339175768309868,1.7365167666838157
2005,2310166.174454398,326467.28378496645,12.339175768309868,1.7437434768850726
2006,2307674.2012148704,327471.2084294433,12.33917576830987,1.750994485159346
2007,2305185.3860118873,328477.2048001538,12.339175768309868,1.758269851313084
2008,2302699.7244891645,329485.2742967608,12.339175768309868,1.7655696352330248
2009,2300217.2122962233,330495.41831358813,12.339175768309868,1.7728938968861554
2010,2297737.8450883985,331507.63823962334,12.339175768309866,1.7802426963197027
2011,2295261.61852682,332521.93545849714,12.339175768309868,1.7876160936610206
2012,2292788.528278416,333538.3113484861,12.339175768309868,1.7950141491175813
2013,2290318.570015908,334556.76728251006,12.339175768309868,1.8024369229769455
2014,2287851.739417803,335577.3046281109,12.339175768309868,1.809884475606638
2015,2285388.0321683846,336599.9247474601,12.339175768309868,1.8173568674541696
2016,2282927.443957724,337624.62899734965,12.339175768309868,1.8248541590469634
2017,2280469.970481655,338651.4187291783,12.339175768309868,1.8323764109922756
2018,2278015.6074417788,339680.29528895416,12.339175768309868,1.8399236839771855
2019,2275564.350545463,340711.26001728675,12.33917576830987,1.8474960387685309
2020,2273116.1955058295,341744.31424937473,12.339175768309866,1.8550935362128271
2021,2270671.1380417496,342779.4593150086,12.339175768309868,1.8627162372362636
2022,2268229.173877845,343816.6965385577,12.33917576830987,1.8703642028446077
2023,2265790.2987444773,344856.02723896934,12.339175768309868,1.8780374941231839
2024,2263354.5083777453,345897.4527297574,12.339175768309866,1.8857361722367896
2025,2260921.7985194824,346940.974319002,12.33917576830987,1.8934602984296702
2026,2258492.1649172404,347986.59330933995,12.33917576830987,1.901209934025453
2027,2256065.6033242987,349034.31099796033,12.339175768309868,1.9089851404270894
2028,2253642.109499655,350084.12867659767,12.339175768309868,1.9167859791168005
2029,2251221.679208013,351136.0476315287,12.33917576830987,1.9246125116560384
2030,2248804.3082197853,352190.0691435623,12.339175768309868,1.9324647996854039
2031,2246389.9923110856,353246.1944880375,12.339175768309868,1.940342904924611
2032,2243978.727263724,354304.42493481626,12.339175768309866,1.9482468891724245
2033,2241570.5088652004,355364.7617482785,12.339175768309868,1.9561768143066067
2034,2239165.332908699,356427.206187317,12.339175768309868,1.9641327422838653
2035,2236763.1951930863,357491.75950533064,12.339175768309866,1.9721147351397859
2036,2234364.091522906,358558.42295021727,12.339175768309868,1.9801228549887682
2037,2231968.017708369,359627.1977643734,12.33917576830987,1.988157164023999
2038,2229574.9695653506,360698.0851846862,12.339175768309868,1.9962177245173787
2039,2227184.9429153875,361771.08644252253,12.339175768309866,2.004304598819433
2040,2224797.933585672,362846.20276373497,12.339175768309868,2.0124178493593154
2041,2222413.9374090456,363923.43536864745,12.339175768309866,2.0205575386446992
2042,2220032.950223988,365002.78547205176,12.339175768309866,2.0287237292617375
2043,2217654.967874628,366084.2542832076,12.33917576830987,2.0369164838750136
2044,2215279.986210719,367167.84300582926,12.33917576830987,2.0451358652274583
2045,2212908.001087647,368253.55283808545,12.33917576830987,2.053381936140304
2046,2210539.0083664195,369341.38497259584,12.339175768309868,2.0616547595130386
2047,2208173.0039136643,370431.3405964191,12.33917576830987,2.0699543983233055
2048,2205809.983601617,371523.42089105584,12.33917576830987,2.07828091562689
2049,2203449.943308128,372617.62703243963,12.33917576830987,2.0866343745576312
2050,2201092.8789166394,373713.96019093064,12.33917576830987,2.0950148383273617
2051,2198738.7863161983,374812.42153131403,12.339175768309868,2.103422370225853
2052,2196387.661401441,375913.01221279486,12.339175768309866,2.111857033620762
2053,2194039.5000725873,377015.73338898894,12.339175768309868,2.1203188919575413
2054,2191694.298235437,378120.58620792377,12.339175768309868,2.1288080087594112
2055,2189352.0518013714,379227.57181203325,12.339175768309868,2.1373244476272855
2056,2187012.7566873347,380336.6913381448,12.339175768309868,2.145868272239678
2057,2184676.40881584,381447.94591748517,12.339175768309868,2.1544395463526826
2058,2182343.0041149557,382561.3366756724,12.339175768309868,2.1630383337999035
2059,2180012.5385183087,383676.864732709,12.33917576830987,2.1716646984923687
2060,2177685.0079650697,384794.53120297863,12.339175768309866,2.18031870441848
2061,2175360.408399954,385914.33719524235,12.339175768309866,2.1890004156439526
2062,2173038.7357732165,387036.28381263383,12.339175768309868,2.197709896311741
2063,2170719.98604064,388160.3721526543,12.339175768309868,2.206447210641982
2064,2168404.155163539,389286.6033071691,12.339175768309868,2.215212422931925
2065,2166091.2391087473,390414.9783624026,12.33917576830987,2.224005597555868
2066,2163781.2338486095,391545.4983989353,12.339175768309868,2.2328267989651036
2067,2161474.135360989,392678.1644916972,12.339175768309868,2.241676091687827
2068,2159169.9396292493,393812.9777099653,12.33917576830987,2.2505535403290917
2069,2156868.6426422517,394949.9391173581,12.339175768309868,2.2594592095707338
2070,2154570.240394357,396089.0497718352,12.339175768309868,2.2683931641713166
2071,2152274.7288854104,397230.31072568824,12.339175768309866,2.2773554689660496
2072,2149982.1041207416,398373.7230255392,12.339175768309868,2.286346188866725
2073,2147692.3621111573,399519.28771233594,12.339175768309866,2.2953653888616503
2074,2145405.4988729376,400667.0058213511,12.33917576830987,2.3044131340155984
2075,2143121.5104278238,401816.8783821691,12.339175768309868,2.313489489469689
2076,2140840.392803029,402968.90641869674,12.339175768309868,2.3225945204413905
2077,2138562.1420312105,404123.09094914777,12.339175768309868,2.331728292224409
2078,2136286.754150482,405279.43298603897,12.339175768309868,2.340890870188597
2079,2134014.2252044003,406437.93353619677,12.33917576830987,2.350082319779953
2080,2131744.5512419604,407598.5936007433,12.33917576830987,2.359302706520494
2081,2129477.728317592,408761.4141750915,12.339175768309868,2.3685520960081767
2082,2127213.7524911524,409926.3962489571,12.339175768309868,2.377830553916917
2083,2124952.6198279187,411093.5408063337,12.339175768309868,2.3871381459964027
2084,2122694.3263985896,412262.84882550314,12.33917576830987,2.396474938072093
2085,2120438.8682792694,413434.3212790325,12.339175768309866,2.405840996045162
2086,2118186.241551473,414607.9591337578,12.339175768309868,2.4152363858923467
2087,2115936.4423021115,415783.76335079607,12.339175768309866,2.4246611736659665
2088,2113689.4666234953,416961.7348855327,12.339175768309868,2.4341154254937982
2089,2111445.3106133174,418141.87468761706,12.339175768309866,2.443599207579003
2090,2109203.9703746573,419324.1837009695,12.339175768309866,2.453112586200111
2091,2106965.442015974,420508.6628637667,12.339175768309866,2.462655627710877
2092,2104729.7216510954,421695.31310843857,12.339175768309868,2.4722283985402185
2093,2102496.8053992186,422884.13536167797,12.339175768309866,2.481830965192213
2094,2100266.689384897,424075.1305444214,12.339175768309868,2.4914633942459354
2095,2098039.369738045,425268.2995718555,12.33917576830987,2.5011257523554304
2096,2095814.8425939227,426463.6433534144,12.339175768309868,2.5108181062496553
2097,2093593.1040931377,427661.16279276606,12.339175768309868,2.520540522732331
2098,2091374.1503816294,428860.8587878247,12.339175768309868,2.530293068681973
2099,2089157.9776106772,430062.73223073897,12.339175768309868,2.5400758110517474
2100,2086944.5819368865,431266.7840078829,12.339175768309868,2.5498888168693723
2101,2084733.9595221768,432473.0149998694,12.339175768309868,2.559732153237144
2102,2082526.1065337923,433681.4260815314,12.339175768309868,2.56960588733175
2103,2080321.0191442831,434892.01812192966,12.339175768309868,2.579510086404271
2104,2078118.6935315041,436104.7919843425,12.339175768309868,2.5894448177800564
2105,2075919.1258786116,437319.7485262693,12.339175768309868,2.599410148858682
2106,2073722.312374048,438536.8885994246,12.339175768309868,2.609406147113867
2107,2071528.2492115507,439756.213049733,12.339175768309868,2.6194328800933646
2108,2069336.9325901358,440977.72271733294,12.339175768309868,2.629490415418936
2109,2067148.3587140958,442201.41843656794,12.339175768309868,2.639578820786234
2110,2064962.523792991,443427.3010359874,12.339175768309868,2.649698163964748
2111,2062779.424041652,444655.37133834185,12.339175768309868,2.659848512797705
2112,2060599.0556801632,445885.6301605838,12.339175768309868,2.6700299352020207
2113,2058421.4149338652,447118.0783138609,12.339175768309868,2.680242499168191
2114,2056246.4980333447,448352.71660351823,12.339175768309868,2.690486272760242
2115,2054074.3012144307,449589.54582909076,12.339175768309868,2.7007613241156214
2116,2051904.8207181892,450828.5667843056,12.339175768309868,2.7110677214451453
2117,2049738.0527909144,452069.780257077,12.339175768309868,2.721405533032907
2118,2047573.9936841272,453313.1870295052,12.339175768309868,2.731774827236199
2119,2045412.6396545686,454558.7878778713,12.339175768309868,2.742175672485415
2120,2043253.9869641897,455806.5835726427,12.339175768309868,2.7526081372840268
2121,2041098.0318801536,457056.5748784621,12.339175768309868,2.763072290208435
2122,2038944.770674817,458308.7625541472,12.339175768309868,2.773568199907918
2123,2036794.199625744,459563.14735269645,12.339175768309868,2.7840959351045744
2124,2034646.3150156797,460819.7300212763,12.339175768309868,2.7946555645932047
2125,2032501.1131325585,462078.5113012237,12.339175768309868,2.805247157241236
2126,2030358.5902694925,463339.49192804814,12.339175768309868,2.815870781988674
2127,2028218.742724767,464602.67263142404,12.339175768309868,2.8265265078479866
2128,2026081.566801833,465868.0541351853,12.339175768309868,2.8372144039040017
2129,2023947.0588093079,467135.63715733914,12.339175768309868,2.8479345393139104
2130,2021815.2150609596,468405.4224100449,12.339175768309868,2.8586869833070816
2131,2019686.0318757088,469677.4105996255,12.339175768309868,2.8694718051850514
2132,2017559.5055776208,470951.6024265618,12.339175768309868,2.880289074321414
2133,2015435.6324958978,472227.9985854887,12.339175768309868,2.891138860161732
2134,2013314.4089648754,473506.5997651944,12.339175768309868,2.9020212322234555
2135,2011195.8313240178,474787.40664862486,12.339175768309868,2.912936260095873
2136,2009079.8959179102,476070.41991287074,12.339175768309868,2.9238840134399613
2137,2006966.5990962507,477355.6402291736,12.339175768309868,2.934864561988348
2138,2004855.9372138495,478643.06826292566,12.339175768309868,2.9458779755452342
2139,2002747.9066306201,479932.7046736643,12.339175768309868,2.9569243239862852
2140,2000642.5037115754,481224.55011506815,12.339175768309868,2.9680036772585296
2141,1998539.7248268179,482518.6052349654,12.339175768309868,2.9791161053803368
2142,1996439.5663515406,483814.8706753212,12.339175768309868,2.9902616784412586
2143,1994342.0246660116,485113.34707224276,12.339175768309868,3.001440466601991
2144,1992247.0961555813,486414.0350559783,12.339175768309868,3.0126525400942743
2145,1990154.777210665,487716.93525091134,12.339175768309868,3.0238979692207977
2146,1988065.0642267403,489022.0482755651,12.339175768309868,3.0351768243551382
2147,1985977.9536043454,490329.3747425972,12.339175768309868,3.046489175941649
2148,1983893.4417490705,491638.9152587978,12.339175768309868,3.0578350944953665
2149,1981811.5250715476,492950.6704250932,12.339175768309868,3.069214650601963
2150,1979732.1999874553,494264.6408365401,12.339175768309868,3.080627914917614
2151,1977655.4629175016,495580.82708232815,12.339175768309868,3.0920749581689484
2152,1975581.310287426,496899.2297457746,12.339175768309868,3.1035558511529238
2153,1973509.7385279906,498219.8494043271,12.339175768309868,3.115070664736764
2154,1971440.744074972,499542.68662956345,12.339175768309868,3.1266194698578826
2155,1969374.3233691608,500867.741987183,12.339175768309868,3.1382023375237367
2156,1967310.4728563544,502195.01603701775,12.339175768309868,3.149819338811812
2157,1965249.1889873447,503524.50933302334,12.339175768309868,3.1614705448694966
2158,1963190.4682179214,504856.22242327605,12.339175768309868,3.173156026913964
2159,1961134.307008862,506190.15584998194,12.339175768309868,3.1848758562321495
2160,1959080.7018259265,507526.310149467,12.339175768309868,3.196630104180604
2161,1957029.6491398495,508864.68585217843,12.339175768309868,3.208418842185419
2162,1954981.1454263364,510205.2834826903,12.339175768309868,3.220242141742176
2163,1952935.1871660596,511548.1035596916,12.339175768309868,3.2321000744157784
2164,1950891.7708446481,512893.1465959943,12.339175768309868,3.2439927118404226
2165,1948850.8929526862,514240.4130985343,12.339175768309868,3.2559201257195105
2166,1946812.549985703,515589.9035683605,12.339175768309868,3.267882387825503
2167,1944776.7384441707,516941.61850064364,12.339175768309868,3.2798795699998755
2168,1942743.4548334982,518295.5583846754,12.339175768309868,3.2919117441530275
2169,1940712.6956640235,519651.7237038598,12.339175768309868,3.3039789822641423
2170,1938684.457451007,521010.11493572214,12.339175768309868,3.316081356381156
2171,1936658.7367146292,522370.73255190835,12.339175768309868,3.3282189386206555
2172,1934635.5299799829,523733.5770181722,12.339175768309868,3.340391801167709
2173,1932614.8337770684,525098.6487943941,12.339175768309868,3.352600016275898
2174,1930596.6446407833,526465.9483345641,12.339175768309868,3.3648436562671207
2175,1928580.9591109233,527835.4760867914,12.339175768309868,3.3771227935315506
2176,1926567.7737321737,529207.2324932999,12.339175768309868,3.3894375005275226
2177,1924557.0850541026,530581.2179904298,12.339175768309868,3.4017878497814484
2178,1922548.8896311517,531957.433008638,12.339175768309868,3.414173913887734
2179,1920543.1840226415,533335.8779724982,12.339175768309868,3.4265957655086683
2180,1918539.9647927522,534716.5533006947,12.339175768309868,3.439053477374312
2181,1916539.2285105267,536099.4594060334,12.339175768309868,3.4515471222824563
2182,1914540.971749863,537484.596695432,12.339175768309868,3.4640767730984714
2183,1912545.1910895067,538871.965569926,12.339175768309868,3.47664250275525
2184,1910551.8831130436,540261.5664246641,12.339175768309868,3.489244384253087
2185,1908561.0444089018,541653.3996489155,12.339175768309868,3.501882490659614
2186,1906572.671570335,543047.465626061,12.339175768309868,3.514556895109666
2187,1904586.7611954233,544443.7647335998,12.339175768309868,3.5272676708052173
2188,1902603.3098870686,545842.2973431466,12.339175768309868,3.5400148910152605
2189,1900622.3142529845,547243.0638204358,12.339175768309868,3.5527986290757445
2190,1898643.77090569,548646.0645253155,12.339175768309868,3.5656189583894404
2191,1896667.6764625118,550051.2998117523,12.339175768309868,3.5784759524258547
2192,1894694.027545567,551458.7700278306,12.339175768309868,3.5913696847211516
2193,1892722.8207817662,552868.4755157536,12.339175768309868,3.6043002288780372
2194,1890754.0528028025,554280.4166118425,12.339175768309868,3.6172676585656705
2195,1888787.7202451497,555694.5936465391,12.339175768309868,3.6302720475195667
2196,1886823.8197500522,557111.0069444015,12.339175768309868,3.64331346954148
2197,1884862.3479635208,558529.6568241115,12.339175768309868,3.656391998499343
2198,1882903.3015363314,559950.5435984702,12.339175768309868,3.669507708327136
2199,1880946.6771240118,561373.6675743967,12.339175768309868,3.682660673024779
2200,1878992.4713868396,562799.0290529396,12.339175768309868,3.6958509666581056
2201,1877040.6809898391,564226.6283292643,12.339175768309868,3.709078663358668
2202,1875091.3026027677,565656.4656926573,12.339175768309868,3.7223438373236775
2203,1873144.3329001172,567088.5414265372,12.339175768309868,3.7356465628159587
2204,1871199.768561109,568522.8558084419,12.339175768309868,3.748986914163759
2205,1869257.606269677,569959.4091100334,12.339175768309868,3.7623649657606966
2206,1867317.8427144778,571398.2015971051,12.339175768309868,3.775780792065674
2207,1865380.4745888736,572839.2335295767,12.339175768309868,3.789234467602758
2208,1863445.4985909276,574282.5051614883,12.339175768309868,3.802726066961035
2209,1861512.9114234042,575728.0167410211,12.339175768309868,3.8162556647946273
2210,1859582.7097937574,577175.7685104768,12.339175768309868,3.829823335822462
2211,1857654.8904141234,578625.7607062937,12.339175768309868,3.8434291548282737
2212,1855729.4500013269,580077.9935590415,12.339175768309868,3.857073196660437
2213,1853806.3852768561,581532.467293419,12.339175768309868,3.870755536231883
2214,1851885.692966875,582989.1821282632,12.339175768309868,3.8844762485200137
2215,1849967.3698022077,584448.138276548,12.339175768309868,3.8982354085666047
2216,1848051.412518334,585909.3359453783,12.339175768309868,3.912033091477651
2217,1846137.817855387,587372.775336,12.339175768309868,3.925869372423321
2218,1844226.5825581418,588838.4566437968,12.339175768309868,3.9397443266378325
2219,1842317.703376014,590306.3800582961,12.339175768309868,3.953658029419376
2220,1840411.177063054,591776.5457631603,12.339175768309868,3.9676105561299413
2221,1838507.0003779368,593248.9539362002,12.339175768309868,3.9816019821953064
2222,1836605.1700839633,594723.6047493683,12.339175768309868,3.995632383104864
2223,1834705.6829490457,596200.4983687632,12.339175768309868,4.0097018344115645
2224,1832808.5357457125,597679.6349546297,12.339175768309868,4.023810411731768
2225,1830913.725251092,599161.0146613616,12.339175768309868,4.037958190745186
2226,1829021.248246911,600644.6376375023,12.339175768309868,4.05214524719475
2227,1827131.1015194932,602130.5040257461,12.339175768309868,4.066371656886509
2228,1825243.2818597478,603618.6139629402,12.339175768309868,4.080637495689531
2229,1823357.7860631612,605108.9675800884,12.339175768309868,4.094942839535821
2230,1821474.6109298023,606601.5650023469,12.339175768309868,4.109287764420157
2231,1819593.7532643059,608096.4063490321,12.339175768309868,4.123672346400046
2232,1817715.2098758714,609593.4917336192,12.339175768309868,4.138096661595593
2233,1815838.9775782584,611092.8212637425,12.339175768309868,4.152560786189376
2234,1813965.0531897747,612594.3950412036,12.339175768309868,4.167064796426406
2235,1812093.4335332785,614098.2131619615,12.339175768309868,4.181608768613921
2236,1810224.1154361714,615604.2757161491,12.339175768309868,4.196192779121382
2237,1808357.095730383,617112.582788064,12.339175768309868,4.21081690438032
2238,1806492.3712523778,618623.13445617,12.339175768309868,4.2254812208841885
2239,1804629.9388431434,620135.9307931109,12.339175768309868,4.240185805188362
2240,1802769.7953481853,621650.9718656976,12.339175768309868,4.254930733909923
2241,1800911.9376175208,623168.2577349155,12.339175768309868,4.26971608372759
2242,1799056.3625056725,624687.7884559352,12.339175768309868,4.284541931381681
2243,1797203.0668716657,626209.5640781026,12.339175768309868,4.299408353673909
2244,1795352.0475790203,627733.5846449406,12.339175768309868,4.314315427467283
2245,1793503.3014957458,629259.8501941668,12.339175768309868,4.329263229686102
2246,1791656.8254943332,630788.3607576728,12.339175768309868,4.344251837315705
2247,1789812.6164517535,632319.1163615435,12.339175768309868,4.359281327402457
2248,1787970.67124945,633852.1170260595,12.339175768309868,4.374351777053665
2249,1786130.9867733307,635387.3627656809,12.339175768309868,4.389463263437329
2250,1784293.5599137635,636924.8535890722,12.339175768309868,4.404615863782206
2251,1782458.3875655753,638464.5894990936,12.339175768309868,4.419809655377603
2252,1780625.4666280388,640006.5704928003,12.339175768309868,4.435044715573266
2253,1778794.7940048694,641550.7965614505,12.339175768309868,4.450321121779308
2254,1776966.3666042227,643097.2676905077,12.339175768309868,4.465638951466095
2255,1775140.1813386858,644645.9838596388,12.339175768309868,4.480998282164105
2256,1773316.2351252702,646196.9450427208,12.339175768309868,4.496399191463862
2257,1771494.5248854123,647750.1512078394,12.339175768309868,4.511841757015776
2258,1769675.0475449557,649305.6023172981,12.339175768309868,4.527326056530114
2259,1767857.8000341617,650863.2983276095,12.339175768309868,4.542852167776777
2260,1766042.7792876905,652423.2391895092,12.339175768309868,4.558420168585288
2261,1764229.9822446,653985.4248479519,12.339175768309868,4.574030136844638
2262,1762419.4058483401,655549.855242117,12.339175768309868,4.589682150503195
2263,1760611.0470467508,657116.5303054067,12.339175768309868,4.605376287568543
2264,1758804.9027920477,658685.4499654546,12.339175768309868,4.621112626107451
2265,1757000.9700408247,660256.614144123,12.339175768309868,4.636891244245689
2266,1755199.2457540429,661830.0227575116,12.339175768309868,4.652712220167979
2267,1753399.726897028,663405.6757159525,12.339175768309868,4.668575632117826
2268,1751602.4104394666,664983.5729240199,12.339175768309868,4.684481558397439
2269,1749807.29335539,666563.7142805284,12.339175768309868,4.7004300773676295
2270,1748014.3726231835,668146.0996785386,12.339175768309868,4.716421267447667
2271,1746223.645225569,669730.7290053571,12.339175768309868,4.732455207115186
2272,1744435.1081496067,671317.6021425438,12.339175768309868,4.748531974906085
2273,1742648.7583866843,672906.7189659089,12.339175768309868,4.7646516494143825
2274,1740864.5929325146,674498.0793455209,12.339175768309868,4.780814309292138
2275,1739082.6087871257,676091.6831457067,12.339175768309868,4.797020033249322
2276,1737302.8029548633,677687.5302250551,12.339175768309868,4.813268900053697
2277,1735525.1724443762,679285.6204364208,12.339175768309868,4.829560988530726
2278,1733749.7142686152,680885.9536269278,12.339175768309868,4.845896377563448
2279,1731976.4254448263,682488.5296379647,12.339175768309868,4.862275146092325
2280,1730205.302994549,684093.3483052047,12.339175768309868,4.878697373115228
2281,1728436.343943604,685700.4094585924,12.339175768309868,4.895163137687231
2282,1726669.545322089,687309.71292235,12.339175768309868,4.911672518920509
2283,1724904.9041643795,688921.2585149916,12.339175768309868,4.92822559598429
2284,1723142.4175091153,690535.0460493132,12.339175768309868,4.94482244810467
2285,1721382.0823991974,692151.075332397,12.339175768309868,4.961463154564501
2286,1719623.895881787,693769.3461656279,12.339175768309868,4.9781477947033475
2287,1717867.855008291,695389.8583446811,12.339175768309868,4.994876447917298
2288,1716113.9568343651,697012.611659529,12.339175768309868,5.011649193658846
2289,1714362.1984199025,698637.6058944559,12.339175768309868,5.028466111436869
2290,1712612.5768290309,700264.8408280466,12.339175768309868,5.04532728081641
2291,1710865.0891301036,701894.316233194,12.339175768309868,5.062232781418592
2292,1709119.732395702,703526.0318771107,12.339175768309868,5.0791826929205435
2293,1707376.5037026182,705159.9875213213,12.339175768309868,5.096177095055237
2294,1705635.40013186,706796.1829216706,12.339175768309868,5.1132160676113765
2295,1703896.4187686387,708434.6178283333,12.339175768309868,5.130299690433345
2296,1702159.5567023675,710075.2919858004,12.339175768309868,5.147428043420952
2297,1700424.8110266537,711718.205132902,12.339175768309868,5.164601206529467
2298,1698692.178839291,713363.3570028006,12.339175768309868,5.181819259769432
2299,1696961.65724226,715010.7473229954,12.339175768309868,5.199082283206535
2300,1695233.2433417193,716660.3758153279,12.339175768309868,5.216390356961514
2301,1693506.9342479957,718312.242195985,12.339175768309868,5.233743561210055
2302,1691782.727075586,719966.3461755004,12.339175768309868,5.251141976182629
2303,1690060.6189431485,721622.6874587629,12.339175768309868,5.268585682164421
2304,1688340.6069734956,723281.2657450169,12.339175768309868,5.2860747594952
2305,1686622.6882935911,724942.0807278644,12.339175768309868,5.303609288569174
2306,1684906.8600345415,726605.1320952729,12.339175768309868,5.321189349834911
2307,1683193.1193315925,728270.4195295793,12.339175768309868,5.33881502379522
2308,1681481.4633241268,729937.9427074891,12.339175768309868,5.3564863910069915
2309,1679771.8891556489,731607.701300082,12.339175768309868,5.374203532081116
2310,1678064.3939737899,733279.6949728216,12.339175768309868,5.39196652768238
2311,1676358.9749302971,734953.9233855488,12.339175768309868,5.4097754585292845
2312,1674655.629181028,736630.3861924949,12.339175768309868,5.427630405394003
2313,1672954.3538859487,738309.0830422791,12.339175768309868,5.44553144910219
2314,1671255.146209119,739990.013577921,12.339175768309868,5.463478670532965
2315,1669558.0033187002,741673.17743683,12.339175768309868,5.4814721506186395
2316,1667862.9223869413,743358.5742508272,12.339175768309868,5.499511970344762
2317,1666169.900590172,745046.2036461384,12.339175768309868,5.517598210749911
2318,1664478.9351088016,746736.0652433943,12.339175768309868,5.535730952925548
2319,1662790.0231273156,748428.1586576472,12.339175768309868,5.553910278015972
2320,1661103.16183426,750122.4834983678,12.339175768309868,5.572136267218186
2321,1659418.3484222498,751819.0393694438,12.339175768309868,5.590409001781686
2322,1657735.5800879498,753517.8258692017,12.339175768309868,5.608728563008524
2323,1656054.854032079,755218.8425903908,12.339175768309868,5.627095032252998
2324,1654376.167459402,756922.089120195,12.339175768309868,5.645508490921602
2325,1652699.5175787213,758627.5650402475,12.339175768309868,5.6639690204729956
2326,1651024.9016028745,760335.2699266181,12.339175768309868,5.682476702417735
2327,1649352.316748728,762045.2033498248,12.339175768309868,5.701031618318231
2328,1647681.7602371722,763757.3648748484,12.339175768309868,5.719633849788681
2329,1646013.229293115,765471.7540611122,12.339175768309868,5.7382834784947825
2330,1644346.7211454746,767188.3704625115,12.339175768309868,5.756980586153802
2331,1642682.2330271804,768907.2136274104,12.339175768309868,5.775725254534371
2332,1641019.7621751607,770628.2830986327,12.339175768309868,5.794517565456299
2333,1639359.3058303385,772351.5784134847,12.339175768309868,5.813357600790569
2334,1637700.8612376312,774077.0991037509,12.339175768309868,5.8322454424591506
2335,1636044.4256459395,775804.8446956987,12.339175768309868,5.851181172434885
2336,1634389.9963081428,777534.8147100832,12.339175768309868,5.870164872741373
2337,1632737.5704810978,779267.0086621535,12.339175768309868,5.889196625452847
2338,1631087.1454256265,781001.4260616595,12.339175768309868,5.908276512694091
2339,1629438.7184065168,782738.0664128469,12.339175768309868,5.927404616640226
2340,1627792.2866925166,784476.9292144728,12.339175768309868,5.94658101951667
2341,1626147.8475563207,786218.0139598037,12.339175768309868,5.965805803599
2342,1624505.3982745763,787961.3201366218,12.339175768309868,5.985079051212791
2343,1622864.9361278713,789706.8472272308,12.339175768309868,6.004400844733538
2344,1621226.4584007289,791454.594708461,12.339175768309868,6.023771266586528
2345,1619589.962381606,793204.5620516681,12.339175768309868,6.0431903992466625
2346,1617955.445362883,794956.7487227481,12.339175768309868,6.062658325238428
2347,1616322.9046408595,796711.154182135,12.339175768309866,6.082175127135714
2348,1614692.3375157544,798467.7778848035,12.339175768309868,6.101740887561662
2349,1613063.7412916915,800226.6192802839,12.339175768309868,6.121355689188639
2350,1611437.113276703,801987.6778126556,12.339175768309868,6.1410196147380045
2351,1609812.4507827158,803750.9529205558,12.339175768309868,6.1607327469800515
2352,1608189.7511255553,805516.4440371903,12.339175768309868,6.180495168733877
2353,1606569.0116249307,807284.1505903301,12.339175768309868,6.200306962867251
2354,1604950.2296044368,809054.0720023221,12.339175768309868,6.220168212296495
2355,1603333.4023915434,810826.2076900897,12.339175768309868,6.240078999986353
2356,1601718.5273175945,812600.5570651385,12.339175768309868,6.260039408949848
2357,1600105.6017178006,814377.1195335669,12.339175768309868,6.280049522248222
2358,1598494.6229312336,816155.8944960642,12.339175768309868,6.300109422990744
2359,1596885.5883008195,817936.8813479171,12.339175768309868,6.320219194334615
2360,1595278.49517334,819720.0794790175,12.339175768309868,6.340378919484833
2361,1593673.3408994172,821505.4882738667,12.339175768309868,6.360588681694104
2362,1592070.122833515,823293.1071115737,12.339175768309868,6.380848564262634
2363,1590468.8383339345,825082.935365878,12.339175768309868,6.401158650538145
2364,1588869.4847628041,826874.9724051309,12.339175768309868,6.4215190239155735
2365,1587272.059486075,828669.217592319,12.339175768309868,6.441929767837096
2366,1585676.5598735213,830465.6702850648,12.339175768309868,6.462390965791939
2367,1584082.9832987282,832264.3298356289,12.339175768309868,6.482902701316259
2368,1582491.3271390907,834065.1955909088,12.339175768309868,6.503465057992953
2369,1580901.5887758064,835868.2668924655,12.339175768309868,6.524078119451706
2370,1579313.7655938694,837673.5430765045,12.339175768309868,6.544741969368674
2371,1577727.8549820678,839481.0234738962,12.33917576830987,6.565456691466477
2372,1576143.8543329774,841290.7074101814,12.339175768309868,6.586222369514067
2373,1574561.7610429558,843102.5942055617,12.339175768309868,6.607039087326498
2374,1572981.572512136,844916.6831749222,12.339175768309868,6.627906928764934
2375,1571403.286144425,846732.9736278314,12.339175768309868,6.648825977736462
2376,1569826.8993474941,848551.4648685388,12.339175768309868,6.669796318193935
2377,1568252.4095327775,850372.1561959907,12.339175768309868,6.690818034135898
2378,1566679.8141154621,852195.0469038322,12.339175768309868,6.711891209606463
2379,1565109.110514489,854020.1362804091,12.339175768309868,6.733015928695126
2380,1563540.296152543,855847.4236087776,12.339175768309868,6.754192275536693
2381,1561973.3684560498,857676.9081667126,12.339175768309868,6.775420334311167
2382,1560408.324855168,859508.5892267016,12.339175768309868,6.796700189243542
2383,1558845.162783788,861342.4660559617,12.339175768309868,6.818031924603745
2384,1557283.8796795243,863178.5379164414,12.339175768309868,6.839415624706499
2385,1555724.4729837114,865016.8040648237,12.339175768309868,6.860851373911164
2386,1554166.9401413945,866857.2637525391,12.339175768309868,6.8823392566216866
2387,1552611.2786013333,868699.9162257599,12.339175768309868,6.90387935728635
2388,1551057.4858159865,870544.760725415,12.339175768309868,6.925471760397754
2389,1549505.5592415135,872391.7964871945,12.339175768309868,6.947116550492661
2390,1547955.4963377663,874241.0227415471,12.339175768309868,6.968813812151809
2391,1546407.2945682872,876092.4387136998,12.339175768309868,6.990563629999882
2392,1544860.9514002965,877946.0436236495,12.339175768309868,7.012366088705305
2393,1543316.4643046998,879801.836686179,12.339175768309868,7.034221272980141
2394,1541773.830756068,881659.8171108585,12.339175768309868,7.056129267579993
2395,1540233.048232644,883519.9841020507,12.339175768309868,7.078090157303824
2396,1538694.1142163337,885382.3368589164,12.33917576830987,7.100104026993838
2397,1537157.026192696,887246.8745754262,12.339175768309868,7.1221709615354225
2398,1535621.7816509453,889113.596440354,12.339175768309868,7.144291045856892
2399,1534088.3780839427,890982.5016372983,12.339175768309868,7.166464364929493
2400,1532556.81298819,892853.5893446802,12.339175768309868,7.1886910037672225
2401,1531027.083863828,894726.8587357375,12.339175768309868,7.210971047426585
2402,1529499.1882146262,896602.3089785601,12.339175768309868,7.233304581006728
2403,1527973.123547982,898479.9392360663,12.339175768309866,7.255691689649048
2404,1526448.8873749152,900359.7486660203,12.339175768309868,7.278132458537171
2405,1524926.4772100588,902241.736421051,12.339175768309868,7.30062697289693
2406,1523405.8905716613,904125.901648628,12.339175768309868,7.323175317995972
2407,1521887.1249815738,906012.2434910964,12.339175768309868,7.345777579143888
2408,1520370.1779652503,907900.7610856728,12.339175768309868,7.368433841691987
2409,1518855.0470517417,909791.4535644416,12.339175768309868,7.3911441910330895
2410,1517341.7297736856,911684.320054376,12.339175768309868,7.413908712601538
2411,1515830.2236673092,913579.3596773401,12.339175768309868,7.436727491873003
2412,1514320.52627242,915476.5715500802,12.339175768309868,7.459600614364254
2413,1512812.6351323982,917375.9547842584,12.339175768309868,7.482528165633266
2414,1511306.5477942,919277.5084864334,12.339175768309868,7.505510231278838
2415,1509802.2618083414,921181.2317580801,12.339175768309868,7.528546896940633
2416,1508299.7747289028,923087.1236955898,12.339175768309868,7.551638248298952
2417,1506799.0841135192,924995.1833902881,12.33917576830987,7.57478437107472
2418,1505300.1875233746,926905.409928418,12.339175768309868,7.597985351029169
2419,1503803.0825231986,928817.8023911722,12.339175768309868,7.621241273963923
2420,1502307.7666812653,930732.3598546769,12.339175768309868,7.644552225720652
2421,1500814.2375693778,932649.0813900195,12.339175768309868,7.6679182921811835
2422,1499322.492762873,934567.9660632336,12.339175768309868,7.6913395592671305
2423,1497832.5298406132,936489.012935322,12.339175768309866,7.7148161129399355
2424,1496344.3463849805,938412.2210622528,12.339175768309868,7.738348039200651
2425,1494857.939981873,940337.5894949714,12.339175768309868,7.761935424089841
2426,1493373.3082206983,942265.1172794016,12.339175768309868,7.785578353687425
2427,1491890.4486943677,944194.8034564602,12.339175768309868,7.809276914112626
2428,1490409.3589992966,946126.6470620526,12.339175768309868,7.833031191523706
2429,1488930.0367353926,948060.647127089,12.339175768309868,7.856841272117963
2430,1487452.4795060556,949996.8026774847,12.339175768309868,7.880707242131528
2431,1485976.6849181699,951935.1127341662,12.339175768309868,7.90462918783923
2432,1484502.650582101,953875.5763130839,12.339175768309868,7.9286071955545285
2433,1483030.3741116896,955818.1924252156,12.339175768309868,7.952641351629344
2434,1481559.853124245,957762.960076562,12.339175768309868,7.976731742453861
2435,1480091.0852405466,959709.8782681758,12.339175768309868,8.00087845445654
2436,1478624.0680848302,961658.945996149,12.339175768309868,8.025081574103877
2437,1477158.7992847888,963610.1622516229,12.339175768309868,8.049341187900275
2438,1475695.2764715669,965563.5260208028,12.339175768309868,8.073657382387971
2439,1474233.4972797537,967519.0362849594,12.339175768309868,8.09803024414689
2440,1472773.4593473799,969476.692020427,12.339175768309868,8.12245985979442
2441,1471315.1603159134,971436.4921986305,12.339175768309868,8.146946315985454
2442,1469858.5978302502,973398.4357860683,12.339175768309866,8.171489699412087
2443,1468403.7695387143,975362.5217443368,12.339175768309868,8.196090096803596
2444,1466950.6730930537,977328.749030134,12.339175768309866,8.22074759492629
2445,1465499.3061484275,979297.1165952502,12.339175768309868,8.245462280583284
2446,1464049.6663634097,981267.6233866013,12.339175768309868,8.27023424061454
2447,1462601.7513999797,983240.2683462148,12.339175768309868,8.295063561896589
2448,1461155.5589235206,985215.0504112386,12.339175768309868,8.319950331342405
2449,1459711.0866028091,987191.9685139577,12.339175768309868,8.34489463590137
2450,1458268.3321100168,989171.0215817946,12.339175768309868,8.369896562559083
2451,1456827.2931207006,991152.2085373169,12.339175768309868,8.394956198337226
2452,1455387.967313801,993135.5282982434,12.339175768309868,8.42007363029344
2453,1453950.3523716356,995120.9797774501,12.339175768309868,8.445248945521168
2454,1452514.445979893,997108.561882977,12.339175768309868,8.470482231149559
2455,1451080.2458276323,999098.273518043,12.339175768309868,8.495773574343357
2456,1449647.7496072731,1001090.1135810384,12.339175768309868,8.521123062302685
2457,1448216.9550145953,1003084.080965537,12.339175768309868,8.54653078226293
2458,1446787.8597487295,1005080.1745603171,12.33917576830987,8.57199682149476
2459,1445360.461512157,1007078.393249344,12.339175768309868,8.597521267303755
2460,1443934.758010701,1009078.7359117928,12.339175768309868,8.623104207030432
2461,1442510.746953525,1011081.2014220556,12.33917576830987,8.648745728050098
2462,1441088.4260531247,1013085.78864974,12.339175768309868,8.674445917772665
2463,1439667.7930253271,1015092.4964596793,12.339175768309868,8.70020486364252
2464,1438248.8455892815,1017101.3237119454,12.339175768309868,8.726022653138473
2465,1436831.5814674601,1019112.2692618434,12.339175768309868,8.751899373773478
2466,1435415.9983856443,1021125.3319599361,12.339175768309868,8.777835113094712
2467,1434002.0940729321,1023140.5106520321,12.339175768309868,8.803829958683211
2468,1432589.8662617218,1025157.804179203,12.339175768309868,8.829883998153873
2469,1431179.3126877148,1027177.2113777925,12.339175768309868,8.855997319155323
2470,1429770.4310899067,1029198.7310794167,12.339175768309868,8.882170009369732
2471,1428363.2192105863,1031222.3621109737,12.339175768309868,8.908402156512686
2472,1426957.6747953251,1033248.1032946529,12.33917576830987,8.934693848333113
2473,1425553.7955929812,1035275.9534479382,12.339175768309868,8.961045172613051
2474,1424151.5793556839,1037305.9113836209,12.339175768309868,8.987456217167644
2475,1422751.0238388376,1039337.9759097962,12.339175768309868,9.013927069844858
2476,1421352.126801115,1041372.1458298832,12.33917576830987,9.040457818525471
2477,1419954.8860044482,1043408.4199426231,12.339175768309868,9.067048551122891
2478,1418559.299214029,1045446.7970420871,12.339175768309868,9.093699355582999
2479,1417165.364198303,1047487.2759176906,12.339175768309868,9.120410319884076
2480,1415773.078728963,1049529.8553541915,12.339175768309868,9.147181532036623
2481,1414382.440580946,1051574.5341316964,12.339175768309868,9.174013080083178
2482,1412993.4475324282,1053621.3110256826,12.339175768309868,9.200905052098346
2483,1411606.0973648191,1055670.1848069907,12.339175768309868,9.227857536188525
2484,1410220.3878627594,1057721.1542418269,12.339175768309868,9.254870620491724
2485,1408836.3168141136,1059774.2180917962,12.33917576830987,9.281944393177662
2486,1407453.8820099675,1061829.3751138777,12.339175768309868,9.309078942447353
2487,1406073.0812446203,1063886.6240604543,12.339175768309866,9.336274356533183
2488,1404693.9123155863,1065945.9636793153,12.339175768309868,9.363530723698698
2489,1403316.3730235824,1068007.392713648,12.339175768309868,9.39084813223838
2490,1401940.4611725274,1070070.909902071,12.339175768309868,9.418226670477717
2491,1400566.174569539,1072136.5139786263,12.339175768309868,9.445666426772922
2492,1399193.5110249275,1074204.2036727811,12.339175768309868,9.473167489510775
2493,1397822.4683521872,1076273.9777094498,12.339175768309868,9.500729947108622
2494,1396453.0443680002,1078345.8348089885,12.339175768309868,9.528353888014088
2495,1395085.236892224,1080419.7736872127,12.33917576830987,9.55603940070509
2496,1393719.0437478905,1082495.7930553963,12.339175768309868,9.583786573689585
2497,1392354.4627612021,1084573.8916202844,12.339175768309868,9.611595495505497
2498,1390991.4917615245,1086654.0680840975,12.339175768309868,9.639466254720567
2499,1389630.128581383,1088736.3211445399,12.339175768309868,9.66739893993222
2500,1388270.3710564608,1090820.6494948084,12.339175768309868,9.695393639767424
2501,1386912.2170255885,1092907.0518235948,12.339175768309868,9.723450442882552
2502,1385555.6643307458,1094995.5268151034,12.339175768309868,9.75156943796329
2503,1384200.7108170518,1097086.0731490455,12.339175768309868,9.779750713724432
2504,1382847.3543327653,1099178.6895006576,12.339175768309868,9.807994358909806
2505,1381495.5927292758,1101273.374540699,12.339175768309868,9.836300462292067
2506,1380145.4238610999,1103370.1269354743,12.339175768309868,9.864669112672718
2507,1378796.8455858787,1105468.9453468213,12.339175768309868,9.893100398881755
2508,1377449.8557643737,1107569.8284321304,12.339175768309868,9.921594409777665
2509,1376104.4522604581,1109672.7748443587,12.339175768309868,9.95015123424736
2510,1374760.6329411154,1111777.783232018,12.339175768309868,9.97877096120585
2511,1373418.3956764343,1113884.852239198,12.339175768309868,10.007453679596264
2512,1372077.7383396071,1115993.9805055698,12.339175768309868,10.036199478389639
2513,1370738.6588069175,1118105.16666639,12.339175768309868,10.06500844658483
2514,1369401.1549577427,1120218.4093525098,12.339175768309868,10.093880673208321
2515,1368065.224674548,1122333.7071903918,12.339175768309868,10.1228162473142
2516,1366730.8658428818,1124451.0588021015,12.339175768309868,10.151815257983865
2517,1365398.076351366,1126570.4628053177,12.339175768309866,10.180877794325964
2518,1364066.8540917023,1128691.9178133619,12.339175768309868,10.210003945476375
2519,1362737.1969586567,1130815.4224351728,12.339175768309868,10.239193800597853
2520,1361409.1028500625,1132940.9752753365,12.339175768309868,10.268447448880035
2521,1360082.569666813,1135068.574934091,12.33917576830987,10.297764979539316
2522,1358757.5953128538,1137198.220007325,12.339175768309868,10.327146481818644
2523,1357434.1776951854,1139329.9090865876,12.339175768309868,10.356592044987353
2524,1356112.314723855,1141463.6407591165,12.33917576830987,10.386101758341251
2525,1354792.0043119492,1143599.4136078071,12.339175768309868,10.415675711202136
2526,1353473.244375593,1145737.2262112512,12.339175768309868,10.445313992917946
2527,1352156.0328339478,1147877.0771437413,12.339175768309868,10.475016692862553
2528,1350840.3676091996,1150018.964975262,12.339175768309868,10.504783900435543
2529,1349526.2466265627,1152162.888271509,12.339175768309868,10.534615705062112
2530,1348213.6678142676,1154308.8455939023,12.339175768309868,10.564512196193066
2531,1346902.629103564,1156456.8354995789,12.339175768309868,10.594473463304459
2532,1345593.1284287092,1158606.8565414129,12.339175768309868,10.624499595897644
2533,1344285.16372697,1160758.9072680178,12.339175768309868,10.654590683499046
2534,1342978.7329386137,1162912.9862237556,12.339175768309868,10.68474681566006
2535,1341673.834006908,1165069.09194875,12.339175768309868,10.71496808195693
2536,1340370.4648781097,1167227.222978876,12.33917576830987,10.74525457199052
2537,1339068.6235014698,1169387.3778457842,12.339175768309868,10.775606375386241
2538,1337768.3078292196,1171549.5550769188,12.339175768309868,10.806023581794092
2539,1336469.5158165738,1173713.7531954926,12.339175768309868,10.836506280888154
2540,1335172.2454217214,1175879.9707205172,12.339175768309868,10.867054562366711
2541,1333876.4946058223,1178048.2061668127,12.339175768309866,10.897668515952116
2542,1332582.2613330057,1180218.4580450084,12.339175768309868,10.928348231390572
2543,1331289.5435703627,1182390.724861549,12.339175768309868,10.959093798452006
2544,1329998.3392879425,1184565.0051187044,12.339175768309868,10.989905306929943
2545,1328708.6464587485,1186741.2973145791,12.339175768309868,11.020782846641389
2546,1327420.4630587338,1188919.5999431238,12.339175768309868,11.051726507426716
2547,1326133.7870667968,1191099.9114941354,12.339175768309868,11.082736379149484
2548,1324848.616464779,1193282.2304532637,12.33917576830987,11.113812551696245
2549,1323564.9492374533,1195466.5553020309,12.339175768309868,11.144955114976591
2550,1322282.7833725316,1197652.884517829,12.339175768309868,11.176164158922834
2551,1321002.1168606502,1199841.2165739327,12.339175768309868,11.207439773489975
2552,1319722.9476953694,1202031.5499395009,12.339175768309868,11.238782048655503
2553,1318445.27387317,1204223.8830795945,12.33917576830987,11.27019107441933
2554,1317169.093393447,1206418.2144551768,12.339175768309868,11.301666940803605
2555,1315894.404258506,1208614.5425231226,12.339175768309868,11.333209737852588
2556,1314621.2044735611,1210812.8657362282,12.339175768309868,11.364819555632515
2557,1313349.4920467266,1213013.1825432207,12.339175768309868,11.396496484231497
2558,1312079.2649890156,1215215.491388756,12.339175768309868,11.428240613759293
2559,1310810.521314335,1217419.790713445,12.33917576830987,11.460052034347317
2560,1309543.2590394816,1219626.078953845,12.339175768309868,11.491930836148377
2561,1308277.4761841365,1221834.354542463,12.339175768309868,11.523877109336492
2562,1307013.1707708621,1224044.6159077985,12.339175768309868,11.555890944107064
2563,1305750.340825097,1226256.8614743082,12.339175768309866,11.587972430676366
2564,1304488.9843751537,1228471.0896624303,12.339175768309868,11.620121659281523
2565,1303229.0994522097,1230687.298888613,12.339175768309868,11.652338720180616
2566,1301970.6840903119,1232905.4875652879,12.339175768309868,11.684623703652152
2567,1300713.73632636,1235125.6541008982,12.339175768309866,11.716976699995215
2568,1299458.2542001158,1237347.796899912,12.33917576830987,11.749397799529277
2569,1298204.2357541877,1239571.914362811,12.339175768309868,11.781887092593962
2570,1296951.6790340324,1241798.0048861094,12.339175768309868,11.814444669548978
2571,1295700.5820879503,1244026.0668623708,12.339175768309868,11.847070620774055
2572,1294450.9429670812,1246256.0986801966,12.33917576830987,11.879765036668633
2573,1293202.7597253958,1248488.0987242465,12.339175768309868,11.91252800765188
2574,1291956.0304196975,1250722.0653752512,12.339175768309868,11.945359624162545
2575,1290710.7531096165,1252957.9970100054,12.339175768309868,11.978259976658698
2576,1289466.9258576026,1255195.8920013832,12.339175768309868,12.011229155617697
2577,1288224.5467289265,1257435.7487183597,12.339175768309868,12.04426725153611
2578,1286983.6137916679,1259677.5655259911,12.339175768309868,12.077374354929418
2579,1285744.1251167187,1261921.3407854454,12.339175768309868,12.11055055633199
2580,1284506.0787777766,1264167.0728540013,12.339175768309868,12.143795946296915
2581,1283269.4728513386,1266414.7600850624,12.339175768309868,12.177110615395918
2582,1282034.3054166979,1268664.400828154,12.339175768309868,12.210494654219124
2583,1280800.574555943,1270915.993428943,12.339175768309868,12.243948153375
2584,1279568.2783539498,1273169.5362292393,12.339175768309868,12.277471203490194
2585,1278337.414898378,1275425.0275670069,12.339175768309868,12.311063895209413
2586,1277107.9822796674,1277682.4657763692,12.339175768309868,12.34472631919527
2587,1275879.9785910347,1279941.8491876232,12.339175768309868,12.37845856612819
2588,1274653.4019284684,1282203.1761272366,12.339175768309868,12.412260726706172
2589,1273428.2503907261,1284466.4449178681,12.339175768309868,12.446132891644778
2590,1272204.5220793267,1286731.6538783663,12.33917576830987,12.480075151676923
2591,1270982.2150985505,1288998.801323788,12.339175768309868,12.514087597552795
2592,1269761.3275554331,1291267.8855653894,12.339175768309868,12.548170320039604
2593,1268541.8575597634,1293538.9049106555,12.339175768309868,12.582323409921601
2594,1267323.803224073,1295811.8576632882,12.33917576830987,12.616546957999823
2595,1266107.162663642,1298086.7421232348,12.339175768309868,12.650841055092055
2596,1264891.9339964872,1300363.5565866758,12.339175768309868,12.685205792032592
2597,1263678.1153433607,1302642.2993460428,12.33917576830987,12.71964125967214
2598,1262465.7048277457,1304922.9686900359,12.339175768309868,12.754147548877793
2599,1261254.700575853,1307205.5629036115,12.339175768309868,12.788724750532687
2600,1260045.1007166165,1309490.0802680047,12.339175768309868,12.823372955536009
2601,1258836.9033816897,1311776.5190607393,12.339175768309868,12.858092254802877
2602,1257630.1067054388,1314064.8775556232,12.33917576830987,12.8928827392641
2603,1256424.7088249417,1316355.1540227686,12.339175768309868,12.927744499866135
2604,1255220.7078799854,1318647.3467285978,12.339175768309868,12.962677627570915
2605,1254018.1020130573,1320941.4539358453,12.339175768309868,12.9976822133557
2606,1252816.889369343,1323237.4739035708,12.339175768309868,13.032758348212964
2607,1251617.068096726,1325535.4048871726,12.339175768309866,13.067906123150282
2608,1250418.6363457777,1327835.245138382,12.339175768309868,13.103125629190119
2609,1249221.5922697575,1330136.9929052792,12.339175768309866,13.138416957369712
2610,1248025.9340246073,1332440.6464323173,12.339175768309868,13.17378019874114
2611,1246831.6597689483,1334746.2039602948,12.339175768309866,13.209215444370782
2612,1245638.7676640751,1337053.6637263969,12.33917576830987,13.244722785339578
2613,1244447.2558739537,1339363.0239641888,12.339175768309868,13.280302312742679
2614,1243257.1225652182,1341674.2829036238,12.339175768309866,13.315954117689335
2615,1242068.3659071636,1343987.4387710588,12.339175768309868,13.351678291302859
2616,1240880.9840717444,1346302.4897892526,12.339175768309866,13.38747492472035
2617,1239694.975233572,1348619.4341773794,12.339175768309868,13.423344109092616
2618,1238510.337569905,1350938.270151045,12.339175768309868,13.45928593558417
2619,1237327.0692606508,1353258.995922279,12.339175768309868,13.495300495372875
2620,1236145.1684883614,1355581.609699554,12.339175768309868,13.531387879649921
2621,1234964.633438225,1357906.109687794,12.339175768309868,13.567548179619742
2622,1233785.462298067,1360232.4940883738,12.339175768309868,13.603781486499733
2623,1232607.6532583435,1362560.76109914,12.33917576830987,13.640087891520281
2624,1231431.2045121365,1364890.9089144089,12.339175768309868,13.676467485924523
2625,1230256.1142551543,1367222.9357249755,12.339175768309868,13.712920360968178
2626,1229082.3806857215,1369556.8397181334,12.339175768309868,13.749446607919593
2627,1227910.0020047803,1371892.6190776697,12.339175768309868,13.786046318059423
2628,1226738.9764158844,1374230.271983875,12.339175768309866,13.822719582680525
2629,1225569.3021251932,1376569.7966135638,12.339175768309866,13.859466493087975
2630,1224400.977341473,1378911.1911400664,12.339175768309868,13.89628714059871
2631,1223234.0002760873,1381254.453733246,12.339175768309866,13.933181616541544
2632,1222068.369142997,1383599.58255951,12.339175768309868,13.970150012257017
2633,1220904.0821587557,1385946.5757818073,12.33917576830987,14.007192419097173
2634,1219741.137542504,1388295.4315596507,12.339175768309868,14.044308928425556
2635,1218579.5335159667,1390646.1480491143,12.33917576830987,14.081499631616989
2636,1217419.2683034516,1392998.723402847,12.339175768309868,14.118764620057442
2637,1216260.34013184,1395353.1557700797,12.339175768309868,14.156103985143947
2638,1215102.7472305878,1397709.4432966255,12.339175768309868,14.193517818284338
2639,1213946.4878317204,1400067.5841249144,12.339175768309868,14.231006210897387
2640,1212791.5601698272,1402427.5763939647,12.339175768309868,14.26856925441232
2641,1211637.9624820596,1404789.4182394154,12.339175768309868,14.306207040268905
2642,1210485.6930081253,1407153.1077935344,12.339175768309868,14.343919659917331
2643,1209334.7499902872,1409518.6431852225,12.339175768309868,14.38170720481801
2644,1208185.1316733574,1411886.0225400021,12.339175768309868,14.419569766441258
2645,1207036.8363046942,1414255.2439800766,12.339175768309868,14.457507436267672
2646,1205889.8621341973,1416626.3056242745,12.339175768309868,14.49552030578736
2647,1204744.2074143055,1418999.2055881054,12.339175768309868,14.533608466500265
2648,1203599.8703999922,1421373.9419837568,12.339175768309868,14.571772009915932
2649,1202456.8493487616,1423750.5129200886,12.339175768309868,14.610011027553217
2650,1201315.1425206445,1426128.9165026513,12.339175768309868,14.648325610940274
2651,1200174.748178195,1428509.1508337078,12.339175768309868,14.686715851614546
2652,1199035.664586488,1430891.214012208,12.339175768309868,14.725181841122271
2653,1197897.8900131113,1433275.1041338325,12.33917576830987,14.763723671018754
2654,1196761.4227281664,1435660.8192909851,12.339175768309868,14.802341432868019
2655,1195626.2610042633,1438048.357572794,12.339175768309868,14.841035218242629
2656,1194492.4031165156,1440437.7170651343,12.339175768309868,14.879805118723691
2657,1193359.8473425377,1442828.8958506295,12.339175768309868,14.918651225900657
2658,1192228.5919624404,1445221.8920086597,12.339175768309868,14.957573631371186
2659,1191098.6352588278,1447616.7036153707,12.339175768309866,14.996572426741013
2660,1189969.9755167945,1450013.3287436867,12.339175768309868,15.035647703623859
2661,1188842.6110239192,1452411.7654633115,12.339175768309868,15.074799553641228
2662,1187716.5400702623,1454812.0118407374,12.339175768309868,15.114028068422293
2663,1186591.760948365,1457214.0659392634,12.339175768309868,15.153333339603813
2664,1185468.2719532398,1459617.9258189942,12.339175768309866,15.192715458829975
2665,1184346.071382372,1462023.5895368445,12.339175768309868,15.232174517752156
2666,1183225.157535713,1464431.0551465624,12.339175768309868,15.271710608028986
2667,1182105.5287156778,1466840.3206987274,12.339175768309868,15.311323821326077
2668,1180987.1832271402,1469251.3842407584,12.339175768309868,15.351014249315917
2669,1179870.1193774326,1471664.2438169294,12.339175768309868,15.390781983677762
2670,1178754.335476336,1474078.897468363,12.339175768309868,15.430627116097424
2671,1177639.8298360833,1476495.3432330631,12.339175768309868,15.470549738267307
2672,1176526.6007713499,1478913.5791458958,12.339175768309868,15.510549941886053
2673,1175414.6465992536,1481333.6032386178,12.339175768309868,15.550627818658578
2674,1174303.9656393488,1483755.4135398755,12.33917576830987,15.590783460295881
2675,1173194.5562136262,1486179.0080752235,12.33917576830987,15.631016958514936
2676,1172086.4166465036,1488604.384867118,12.339175768309866,15.671328405038514
2677,1170979.5452648269,1491031.5419349268,12.33917576830987,15.711717891594992
2678,1169873.9403978647,1493460.4772949624,12.339175768309866,15.752185509918487
2679,1168769.600377306,1495891.1889604595,12.339175768309868,15.79273135174841
2680,1167666.523537253,1498323.6749415887,12.339175768309868,15.833355508829403
2681,1166564.7082142239,1500757.9332454884,12.339175768309868,15.874058072911396
2682,1165464.15274714,1503193.9618762436,12.33917576830987,15.914839135749274
2683,1164364.8554773317,1505631.7588349157,12.339175768309868,15.955698789102838
2684,1163266.8147485289,1508071.3221195429,12.339175768309868,15.996637124736667
2685,1162170.0289068588,1510512.6497251426,12.339175768309866,16.037654234419925
2686,1161074.4963008433,1512955.7396437232,12.339175768309868,16.07875020992622
2687,1159980.2152813936,1515400.589864309,12.339175768309868,16.119925143033683
2688,1158887.184201809,1517847.198372922,12.339175768309868,16.16117912552453
2689,1157795.4014177718,1520295.5631526036,12.339175768309866,16.202512249185084
2690,1156704.8652873423,1522745.6821834364,12.339175768309868,16.243924605805795
2691,1155615.574170958,1525197.5534425196,12.339175768309866,16.28541628718073
2692,1154527.5264314294,1527651.174904004,12.339175768309868,16.326987385107735
2693,1153440.7204339332,1530106.5445390993,12.339175768309868,16.368637991388322
2694,1152355.1545460161,1532563.6603160708,12.339175768309868,16.410368197827328
2695,1151270.8271375804,1535022.5202002535,12.339175768309866,16.452178096232966
2696,1150187.7365808922,1537483.1221540582,12.339175768309868,16.494067778416547
2697,1149105.881250569,1539945.464136981,12.339175768309868,16.536037336192447
2698,1148025.25952358,1542409.5441056243,12.339175768309868,16.57808686137805
2699,1146945.8697792422,1544875.360013683,12.339175768309868,16.620216445793442
2700,1145867.7103992165,1547342.9098119596,12.339175768309868,16.66242618126127
2701,1144790.7797675035,1549812.1914483914,12.339175768309866,16.704716159606903
2702,1143715.0762704427,1552283.2028680334,12.339175768309868,16.747086472657937
2703,1142640.5982967045,1554755.9420130765,12.339175768309868,16.789537212244234
2704,1141567.344237291,1557230.4068228665,12.339175768309866,16.832068470197875
2705,1140495.3124855298,1559706.595233891,12.339175768309866,16.874680338352807
2706,1139424.5014370717,1562184.505179814,12.339175768309866,16.917372908544994
2707,1138354.9094898866,1564664.134591456,12.339175768309866,16.960146272611958
2708,1137286.535044261,1567145.4813968227,12.339175768309868,17.003000522392895
2709,1136219.3765027924,1569628.5435211118,12.339175768309868,17.045935749728535
2710,1135153.4322703881,1572113.3188867115,12.339175768309868,17.088952046460854
2711,1134088.700754261,1574599.8054132147,12.339175768309868,17.13204950443306
2712,1133025.1803639266,1577088.00101743,12.339175768309866,17.175228215489437
2713,1131962.8695111964,1579577.90361338,12.339175768309868,17.218488271475177
2714,1130901.7666101786,1582069.5111123316,12.339175768309868,17.261829764236413
2715,1129841.870077273,1584562.8214227776,12.339175768309868,17.305252785619835
2716,1128783.1783311677,1587057.8324504565,12.339175768309868,17.34875742747267
2717,1127725.6897928342,1589554.5420983753,12.33917576830987,17.392343781642733
2718,1126669.4028855255,1592052.9482667858,12.33917576830987,17.436011939977913
2719,1125614.3160347731,1594553.0488532265,12.339175768309868,17.47976199432642
2720,1124560.4276683833,1597054.8417525096,12.339175768309866,17.523594036536405
2721,1123507.7362164317,1599558.3248567344,12.339175768309866,17.56750815845595
2722,1122456.240111262,1602063.4960553085,12.339175768309868,17.611504451932987
2723,1121405.9377874814,1604570.353234935,12.339175768309868,17.655583008815007
2724,1120356.8276819591,1607078.8942796239,12.339175768309868,17.6997439209489
2725,1119308.9082338205,1609589.1170707254,12.339175768309868,17.74398728018116
2726,1118262.1778844441,1612101.0194869165,12.339175768309868,17.78831317835748
2727,1117216.6350774597,1614614.5994041942,12.339175768309866,17.832721707322463
2728,1116172.2782587449,1617129.8546959313,12.339175768309868,17.87721295892
2729,1115129.1058764195,1619646.7832328402,12.339175768309868,17.921787024992664
2730,1114087.1163808424,1622165.3828829972,12.339175768309866,17.96644399738179
2731,1113046.3082246128,1624685.6515118626,12.339175768309868,18.011183967927384
2732,1112006.6798625612,1627207.5869822605,12.339175768309866,18.056007028467736
2733,1110968.2297517473,1629731.1871544234,12.339175768309868,18.10091327083974
2734,1109930.9563514583,1632256.449885976,12.339175768309866,18.145902786878388
2735,1108894.858123206,1634783.3730319415,12.339175768309868,18.190975668416673
2736,1107859.9335307202,1637311.9544447628,12.33917576830987,18.236132007285622
2737,1106826.1810399492,1639842.191974317,12.339175768309868,18.281371895314162
2738,1105793.599119052,1642374.083467893,12.339175768309868,18.326695424328754
2739,1104762.1862384004,1644907.6267702363,12.339175768309866,18.372102686153557
2740,1103731.9408705714,1647442.8197235316,12.33917576830987,18.41759377261009
2741,1102702.8614903446,1649979.6601674266,12.339175768309868,18.463168775517257
2742,1101674.9465747003,1652518.145939032,12.33917576830987,18.508827786691107
2743,1100648.1946028154,1655058.2748729333,12.339175768309868,18.554570897944753
2744,1099622.60405606,1657600.0448011956,12.33917576830987,18.600398201088204
2745,1098598.1734179945,1660143.453553374,12.33917576830987,18.646309787928253
2746,1097574.9011743648,1662688.498956526,12.339175768309868,18.69230575026842
2747,1096552.7858131016,1665235.1788352164,12.339175768309868,18.73838617990874
2748,1095531.8258243143,1667783.491011526,12.339175768309868,18.78455116864568
2749,1094512.0197002895,1670333.433305055,12.33917576830987,18.83080080827194
2750,1093493.3659354877,1672885.0035329384,12.339175768309868,18.877135190576375
2751,1092475.8630265396,1675438.1995098558,12.339175768309868,18.92355440734392
2752,1091459.5094722416,1677993.019048032,12.339175768309866,18.970058550355386
2753,1090444.3037735561,1680549.459957252,12.339175768309868,19.016647711387343
2754,1089430.2444336023,1683107.520044861,12.339175768309866,19.06332198221198
2755,1088417.3299576591,1685667.1971157875,12.339175768309868,19.110081454597086
2756,1087405.5588531594,1688228.4889725375,12.339175768309866,19.15692622030575
2757,1086394.929629684,1690791.393415204,12.339175768309868,19.203856371096336
2758,1085385.4407989641,1693355.9082414866,12.33917576830987,19.25087199872236
2759,1084377.0908748726,1695922.0312466961,12.339175768309868,19.297973194932414
2760,1083369.8783734248,1698489.7602237428,12.339175768309868,19.345160051469772
2761,1082363.8018127724,1701059.0929631826,12.339175768309866,19.3924326600727
2762,1081358.8597132026,1703630.0272531859,12.339175768309866,19.439791112473866
2763,1080355.0505971315,1706202.5608795718,12.33917576830987,19.487235500400555
2764,1079352.3729891062,1708776.6916258167,12.339175768309868,19.53476591557444
2765,1078350.825415795,1711352.4172730434,12.339175768309866,19.58238244971139
2766,1077350.4064059907,1713929.7356000405,12.33917576830987,19.630085194521314
2767,1076351.1144906024,1716508.6443832833,12.33917576830987,19.677874241708288
2768,1075352.9482026547,1719089.1413969188,12.33917576830987,19.7257496829701
2769,1074355.9060772846,1721671.2244127817,12.339175768309868,19.773711609998234
2770,1073359.9866517368,1724254.891200429,12.339175768309866,19.821760114478064
2771,1072365.1884653613,1726840.1395270957,12.339175768309866,19.869895288088085
2772,1071371.5100596116,1729426.967157749,12.33917576830987,19.91811722250032
2773,1070378.9499780384,1732015.3718550813,12.339175768309868,19.96642600938006
2774,1069387.5067662906,1734605.3513795189,12.33917576830987,20.014821740385674
2775,1068397.1789721064,1737196.903489217,12.339175768309866,20.063304507168414
2776,1067407.9651453183,1739790.0259400925,12.339175768309868,20.111874401372454
2777,1066419.863837841,1742384.7164858128,12.339175768309868,20.160531514634663
2778,1065432.8736036734,1744980.9728778203,12.339175768309866,20.209275938584614
2779,1064446.992998895,1747578.7928653208,12.339175768309868,20.2581077648442
2780,1063462.220581663,1750178.1741953092,12.339175768309868,20.30702708502773
2781,1062478.5549122063,1752779.1146125714,12.339175768309868,20.35603399074177
2782,1061495.9945528256,1755381.611859687,12.339175768309868,20.405128573584886
2783,1060514.538067889,1757985.6636770486,12.339175768309868,20.454310925147695
2784,1059534.1840238285,1760591.2678028643,12.339175768309868,20.503581137012645
2785,1058554.930989139,1763198.4219731607,12.339175768309868,20.55293930075382
2786,1057576.7775343705,1765807.1239218074,12.339175768309868,20.602385507937072
2787,1056599.7222321297,1768417.3713805003,12.339175768309868,20.651919850119533
2788,1055623.7636570767,1771029.162078791,12.339175768309868,20.701542418849705
2789,1054648.9003859162,1773642.4937440997,12.339175768309868,20.751253305667543
2790,1053675.1309974024,1776257.3641016847,12.339175768309868,20.80105260210369
2791,1052702.4540723306,1778873.7708747075,12.339175768309868,20.850940399680148
2792,1051730.868193535,1781491.7117841942,12.339175768309868,20.900916789909544
2793,1050760.3719458864,1784111.1845490576,12.339175768309866,20.950981864295198
2794,1049790.9639162899,1786732.1868861245,12.339175768309868,21.001135714331195
2795,1048822.642693679,1789354.716510118,12.339175768309868,21.051378431501977
2796,1047855.4068690161,1791978.7711336706,12.339175768309868,21.101710107282262
2797,1046889.2550352867,1794604.3484673568,12.339175768309868,21.152130833137203
2798,1045924.1857874963,1797231.4462196613,12.339175768309868,21.20264070052185
2799,1044960.1977226698,1799860.0620970137,12.339175768309868,21.253239800881232
2800,1043997.2894398468,1802490.1938038059,12.339175768309868,21.303928225650417
2801,1043035.4595400782,1805121.839042363,12.339175768309868,21.35470606625394
2802,1042074.7066264234,1807754.9955129977,12.339175768309868,21.405573414106208
2803,1041115.0293039479,1810389.6609139778,12.339175768309868,21.456530360610905
2804,1040156.4261797201,1813025.8329415454,12.339175768309868,21.507576997160992
2805,1039198.8958628068,1815663.5092899606,12.339175768309868,21.558713415139014
2806,1038242.4369642724,1818302.687651457,12.339175768309868,21.609939705916332
2807,1037287.0480971746,1820943.3657162704,12.339175768309868,21.66125596085327
2808,1036332.7278765616,1823585.5411726623,12.339175768309868,21.712662271299152
2809,1035379.4749194704,1826229.211706918,12.339175768309868,21.76415872859204
2810,1034427.2878449187,1828874.3750033353,12.339175768309868,21.81574542405848
2811,1033476.1652739103,1831521.028744269,12.339175768309868,21.86742244901365
2812,1032526.1058294243,1834169.1706101052,12.339175768309868,21.919189894760976
2813,1031577.1081364158,1836818.798279287,12.339175768309868,21.97104785259216
2814,1030629.1708218138,1839469.9094283367,12.339175768309868,22.0229964137872
2815,1029682.2925145156,1842122.5017318174,12.339175768309868,22.075035669613754
2816,1028736.471845384,1844776.5728623918,12.339175768309868,22.127165711327635
2817,1027791.7074472487,1847432.1204908066,12.339175768309868,22.179386630172306
2818,1026847.9979548961,1850089.142285895,12.339175768309868,22.231698517378852
2819,1025905.3420050717,1852747.6359146,12.339175768309868,22.28410146416589
2820,1024963.7382364764,1855407.5990419777,12.339175768309868,22.336595561739458
2821,1024023.185289761,1858069.0293312005,12.339175768309868,22.38918090129285
2822,1023083.6818075266,1860731.924443559,12.339175768309868,22.44185757400636
2823,1022145.2264343187,1863396.2820384966,12.339175768309868,22.494625671047533
2824,1021207.8178166262,1866062.099773588,12.339175768309868,22.54748528357066
2825,1020271.4546028787,1868729.3753045595,12.339175768309868,22.600436502716793
2826,1019336.1354434408,1871398.1062853055,12.339175768309868,22.653479419613767
2827,1018401.8589906109,1874068.2903678825,12.339175768309868,22.706614125375893
2828,1017468.6238986213,1876739.9252025187,12.339175768309868,22.75984071110379
2829,1016536.4288236285,1879413.0084376365,12.339175768309868,22.81315926788456
2830,1015605.2724237173,1882087.5377198437,12.339175768309868,22.86656988679133
2831,1014675.1533588921,1884763.5106939473,12.339175768309868,22.920072658883328
2832,1013746.0702910793,1887440.9250029698,12.339175768309868,22.973667675205732
2833,1012818.0218841197,1890119.778288141,12.339175768309868,23.027355026789465
2834,1011891.0068037672,1892800.0681889155,12.339175768309868,23.081134804651157
2835,1010965.0237176879,1895481.7923429916,12.339175768309868,23.13500709979309
2836,1010040.0712954551,1898164.9483862997,12.339175768309868,23.18897200320291
2837,1009116.1482085453,1900849.5339530085,12.339175768309868,23.2430296058535
2838,1008193.2531303393,1903535.5466755654,12.339175768309868,23.29717999870316
2839,1007271.3847361145,1906222.9841846698,12.339175768309868,23.35142327269518
2840,1006350.5417030466,1908911.8441092854,12.339175768309868,23.405759518757648
2841,1005430.7227102031,1911602.124076674,12.339175768309868,23.460188827803762
2842,1004511.9264385422,1914293.8217123763,12.339175768309868,23.514711290731306
2843,1003594.151570909,1916986.9346402287,12.339175768309868,23.569326998422675
2844,1002677.3967920346,1919681.4604823787,12.339175768309868,23.624036041744787
2845,1001761.6607885305,1922377.3968592798,12.339175768309868,23.678838511548886
2846,1000846.9422488875,1925074.741389701,12.339175768309868,23.73373449867038
2847,999933.2398634726,1927773.4916907633,12.339175768309868,23.788724093929094
2848,999020.5523245265,1930473.6453778949,12.339175768309868,23.843807388128475
2849,998108.8783261591,1933175.2000648864,12.339175768309868,23.89898447205612
2850,997198.2165643476,1935878.153363879,12.339175768309868,23.954255436483358
2851,996288.5657369364,1938582.5028853687,12.339175768309868,24.00962037216504
2852,995379.9245436285,1941288.2462382223,12.339175768309868,24.065079369839665
2853,994472.2916859881,1943995.3810296867,12.339175768309868,24.120632520229115
2854,993565.6658674342,1946703.9048653895,12.339175768309868,24.176279914038574
2855,992660.0457932402,1949413.8153493488,12.339175768309868,24.232021641956344
2856,991755.430170529,1952125.1100839893,12.339175768309868,24.28785779465388
2857,990851.8177082737,1954837.7866701323,12.339175768309868,24.343788462785376
2858,989949.2071172883,1957551.842707033,12.339175768309868,24.39981373698817
2859,989047.5971102322,1960267.2757923554,12.339175768309868,24.455933707882004
2860,988146.9864016036,1962984.0835221945,12.339175768309868,24.51214846606925
2861,987247.3737077356,1965702.2634911034,12.339175768309868,24.56845810213497
2862,986348.7577467962,1968421.8132920582,12.339175768309868,24.624862706646248
2863,985451.1372387855,1971142.7305165096,12.339175768309868,24.68136237015262
2864,984554.5109055295,1973865.0127543667,12.339175768309868,24.737957183185706
2865,983658.8774706817,1976588.6575939986,12.339175768309868,24.79464723625893
2866,982764.2356597162,1979313.6626222734,12.339175768309868,24.851432619867893
2867,981870.5841999284,1982040.02542453,12.339175768309868,24.908313424489712
2868,980977.9218204309,1984767.7435846082,12.339175768309868,24.96528974058322
2869,980086.24725215,1987496.81468486,12.339175768309868,25.022361658588895
2870,979195.559227823,1990227.2363061241,12.339175768309868,25.07952926892834
2871,978305.856481998,1992959.0060277819,12.339175768309868,25.136792662004716
2872,977417.137751027,1995692.1214277314,12.339175768309868,25.194151928202267
2873,976529.4017730672,1998426.5800823937,12.339175768309868,25.251607157886117
2874,975642.647288075,2001162.3795667593,12.339175768309868,25.30915844140271
2875,974756.8730378052,2003899.5174543492,12.339175768309868,25.36680586907905
2876,973872.0777658076,2006637.991317232,12.339175768309868,25.424549531222734
2877,972988.2602174254,2009377.798726067,12.339175768309868,25.482389518122233
2878,972105.4191397899,2012118.9372500766,12.339175768309868,25.540325920046403
2879,971223.5532818201,2014861.4044570522,12.339175768309868,25.59835882724429
2880,970342.6613942197,2017605.1979133924,12.339175768309868,25.65648832994541
2881,969462.7422294741,2020350.3151840812,12.339175768309868,25.71471451835924
2882,968583.7945418452,2023096.7538327076,12.339175768309868,25.773037482675356
2883,967705.8170873746,2025844.5114214793,12.339175768309868,25.831457313063197
2884,966828.8086238748,2028593.5855112113,12.339175768309868,25.88997409967191
2885,965952.7679109299,2031343.9736613657,12.339175768309868,25.94858793263052
2886,965077.6937098915,2034095.6734300281,12.339175768309868,26.007298902047452
2887,964203.5847838782,2036848.682373917,12.339175768309868,26.0661070980104
2888,963330.439897769,2039602.9980484173,12.339175768309868,26.125012610586637
2889,962458.257818205,2042358.618007574,12.339175768309868,26.184015529822606
2890,961587.0373135827,2045115.539804086,12.339175768309868,26.243115945743707
2891,960716.7771540552,2047873.760989336,12.339175768309868,26.30231394835442
2892,959847.4761115263,2050633.2791133819,12.339175768309868,26.361609627638003
2893,958979.132959649,2053394.0917249715,12.339175768309868,26.421003073556484
2894,958111.7464738239,2056156.1963715644,12.339175768309868,26.480494376050682
2895,957245.3154311955,2058919.5905993006,12.339175768309868,26.540083625039625
2896,956379.8386106491,2061684.2719530496,12.339175768309868,26.599770910420965
2897,955515.3147928097,2064450.237976395,12.339175768309868,26.659556322070543
2898,954651.7427600364,2067217.4862116517,12.339175768309868,26.71943994984247
2899,953789.1212964237,2069986.014199864,12.339175768309868,26.779421883568784
2900,952927.4491877975,2072755.8194808282,12.339175768309868,26.839502213059568
2901,952066.7252217089,2075526.8995930832,12.339175768309868,26.899681028102712
2902,951206.9481874371,2078299.2520739282,12.339175768309868,26.95995841846378
2903,950348.116875984,2081072.874459434,12.339175768309868,27.020334473886024
2904,949490.2300800709,2083847.76428444,12.339175768309868,27.08080928409013
2905,948633.2865941374,2086623.9190825645,12.339175768309868,27.14138293877413
2906,947777.2852143386,2089401.3363862224,12.339175768309868,27.202055527613414
2907,946922.2247385404,2092180.0137266177,12.339175768309868,27.262827140260455
2908,946068.103966321,2094959.9486337593,12.339175768309868,27.323697866344727
2909,945214.921698964,2097741.1386364764,12.339175768309868,27.3846677954728
2910,944362.6767394586,2100523.581262405,12.339175768309868,27.445737017227845
2911,943511.3678924957,2103307.2740380177,12.339175768309868,27.5069056211699
2912,942660.9939644671,2106092.2144886153,12.339175768309868,27.56817369683546
2913,941811.5537634593,2108878.400138347,12.339175768309868,27.62954133373764
2914,940963.0460992543,2111665.8285101987,12.339175768309868,27.69100862136575
2915,940115.4697833266,2114454.49712603,12.339175768309868,27.7525756491855
2916,939268.8236288392,2117244.4035065575,12.339175768309868,27.814242506638706
2917,938423.106450641,2120035.5451713656,12.339175768309868,27.87600928314317
2918,937578.3170652662,2122827.919638922,12.339175768309868,27.937876068092596
2919,936734.4542909306,2125621.5244265883,12.339175768309868,27.99984295085662
2920,935891.5169475282,2128416.357050606,12.339175768309868,28.06191002078039
2921,935049.5038566304,2131212.4150261334,12.339175768309868,28.124077367184782
2922,934208.4138414809,2134009.6958672293,12.339175768309868,28.186345079366095
2923,933368.245726996,2136808.1970868707,12.339175768309868,28.248713246595948
2924,932528.9983397614,2139607.916196968,12.339175768309868,28.311181958121317
2925,931690.670508027,2142408.8507083496,12.339175768309868,28.373751303164205
2926,930853.2610617088,2145210.998130793,12.339175768309868,28.436421370921675
2927,930016.7688323818,2148014.355973025,12.339175768309868,28.499192250565816
2928,929181.1926532822,2150818.921742713,12.339175768309868,28.562064031243278
2929,928346.5313593001,2153624.6929464974,12.339175768309868,28.625036802075606
2930,927512.7837869802,2156431.6670899936,12.339175768309868,28.688110652158986
2931,926679.9487745184,2159239.841677781,12.339175768309868,28.751285670563913
2932,925848.0251617591,2162049.214213428,12.339175768309868,28.814561946335314
2933,925017.0117901933,2164859.7821994927,12.339175768309868,28.87793956849233
2934,924186.9075029546,2167671.543137539,12.339175768309868,28.941418626028387
2935,923357.7111448183,2170484.494528129,12.339175768309868,29.0049992079108
2936,922529.4215621992,2173298.633870851,12.339175768309868,29.068681403080966
2937,921702.0376031474,2176113.9586642883,12.339175768309868,29.13246530045379
2938,920875.5581173457,2178930.4664060865,12.339175768309868,29.196350988918347
2939,920049.9819561101,2181748.1545928977,12.339175768309868,29.260338557336862
2940,919225.3079723847,2184567.020720439,12.339175768309868,29.324428094545375
2941,918401.5350207385,2187387.062283465,12.339175768309868,29.38861968935316
2942,917578.6619573656,2190208.276775795,12.339175768309868,29.45291343054282
2943,916756.6876400816,2193030.661690304,12.339175768309868,29.51730940686999
2944,915935.6109283194,2195854.214518955,12.339175768309868,29.581807707063625
2945,915115.4306831314,2198678.9327527774,12.339175768309868,29.64640841982533
2946,914296.1457671798,2201504.813881893,12.339175768309868,29.71111163382978
2947,913477.7550447407,2204331.855395518,12.339175768309868,29.775917437724257
2948,912660.2573816999,2207160.0547819682,12.339175768309868,29.84082592012868
2949,911843.6516455481,2209989.409528676,12.339175768309868,29.905837169635586
2950,911027.9367053803,2212819.9171221764,12.339175768309868,29.970951274809742
2951,910213.1114318949,2215651.575048145,12.339175768309868,30.036168324188413
2952,909399.174697388,2218484.3807913726,12.339175768309868,30.101488406280883
2953,908586.1253757527,2221318.3318357947,12.339175768309868,30.16691160956859
2954,907773.9623424769,2224153.4256644933,12.339175768309868,30.232438022504972
2955,906962.6844746411,2226989.6597597087,12.339175768309868,30.298067733515406
2956,906152.290650914,2229827.031602821,12.339175768309868,30.36380083099677
2957,905342.7797515523,2232665.5386743993,12.339175768309868,30.429637403317916
2958,904534.1506583972,2235505.178454183,12.339175768309868,30.495577538819155
2959,903726.4022548731,2238345.948421074,12.339175768309868,30.561621325812002
2960,902919.5334259834,2241187.8460531905,12.339175768309868,30.62776885257968
2961,902113.5430583097,2244030.868827826,12.339175768309868,30.69402020737637
2962,901308.4300400078,2246875.014221482,12.339175768309868,30.760375478427456
2963,900504.193260807,2249720.279709883,12.339175768309868,30.8268347539295
2964,899700.8316120079,2252566.662767947,12.339175768309868,30.893398122049614
2965,898898.3439864765,2255414.160869837,12.339175768309868,30.960065670926095
2966,898096.7292786477,2258262.7714889413,12.339175768309868,31.02683748866774
2967,897295.9863845165,2261112.492097878,12.339175768309868,31.09371366335392
2968,896496.1142016412,2263963.3201685254,12.339175768309868,31.160694283034616
2969,895697.1116291378,2266815.2531720106,12.339175768309868,31.22777943573014
2970,894898.9775676779,2269668.288578716,12.339175768309868,31.294969209431063
2971,894101.7109194868,2272522.423858292,12.339175768309868,31.362263692098136
2972,893305.3105883434,2275377.656479664,12.339175768309868,31.4296629716621
2973,892509.7754795717,2278233.9839110426,12.339175768309868,31.49716713602385
2974,891715.1045000463,2281091.4036199246,12.339175768309868,31.564776273053987
2975,890921.2965581841,2283949.9130731057,12.339175768309868,31.632490470592977
2976,890128.3505639447,2286809.5097366697,12.339175768309868,31.700309816450698
2977,889336.2654288268,2289670.191076033,12.339175768309868,31.768234398406925
2978,888545.0400658674,2292531.9545559115,12.339175768309868,31.83626430421061
2979,887754.6733896373,2295394.7976403483,12.339175768309868,31.904399621580115
2980,886965.1643162408,2298258.7177927243,12.339175768309868,31.972640438203094
2981,886176.5117633123,2301123.712475745,12.339175768309868,32.04098684173618
2982,885388.7146500144,2303989.77915148,12.339175768309868,32.10943891980528
2983,884601.7718970354,2306856.9152813316,12.339175768309868,32.177996760004966
2984,883815.6824265872,2309725.1183260693,12.339175768309868,32.24666044989872
2985,883030.445162402,2312594.3857458276,12.339175768309868,32.31543007701877
2986,882246.0590297314,2315464.7150001195,12.339175768309868,32.384305728866
2987,881462.5229553432,2318336.1035478264,12.339175768309868,32.45328749290968
2988,880679.8358675203,2321208.548847224,12.339175768309868,32.52237545658754
2989,879897.9966960561,2324082.0483559812,12.339175768309868,32.591569707305624
2990,879117.004372254,2326956.59953117,12.339175768309868,32.66087033243826
2991,878336.8578289254,2329832.199829259,12.339175768309868,32.730277419327635
2992,877557.5560003862,2332708.8467061394,12.339175768309868,32.79979105528411
2993,876779.0978224549,2335586.537617128,12.339175768309868,32.86941132758598
2994,876001.4822324504,2338465.27001696,12.339175768309868,32.93913832347917
2995,875224.7081691901,2341345.0413598153,12.339175768309868,33.00897213017746
2996,874448.774572988,2344225.8490993073,12.339175768309868,33.078912834862045
2997,873673.6803856496,2347107.6906885,12.339175768309868,33.1489605246817
2998,872899.4245504733,2349990.5635799207,12.339175768309868,33.21911528675263
2999,872126.0060122467,2352874.465225558,12.339175768309868,33.28937720815833
3000,871353.423717244,2355759.3930768506,12.339175768309868,33.35974637594917
3001,870581.6766132237,2358645.344584746,12.339175768309868,33.43022287714308
3002,869810.7636494264,2361532.317199649,12.339175768309868,33.500806798724625
3003,869040.6837765737,2364420.3083714633,12.339175768309868,33.5714982276453
3004,868271.4359468651,2367309.315549597,12.339175768309868,33.64229725082352
3005,867503.0191139738,2370199.336182946,12.339175768309868,33.713203955144174
3006,866735.4322330485,2373090.367719929,12.339175768309868,33.784218427458896
3007,865968.6742607082,2375982.4076084797,12.339175768309868,33.85534075458569
3008,865202.7441550407,2378875.4532960565,12.339175768309868,33.92657102330902
3009,864437.6408756006,2381769.502229632,12.339175768309868,33.997909320379364
3010,863673.363383407,2384664.5518557527,12.339175768309868,34.06935573251388
3011,862909.9106409414,2387560.5996204764,12.339175768309868,34.1409103463953
3012,862147.2816121446,2390457.6429694192,12.339175768309868,34.212573248672506
3013,861385.4752624164,2393355.679347768,12.339175768309868,34.28434452596035
3014,860624.4905586106,2396254.706200259,12.339175768309868,34.35622426483932
3015,859864.3264690358,2399154.72097121,12.339175768309868,34.428212551855665
3016,859104.9819634511,2402055.7211045157,12.339175768309868,34.50030947352121
3017,858346.4560130651,2404957.7040436426,12.339175768309868,34.57251511631308
3018,857588.747590532,2407860.6672316687,12.339175768309868,34.644829566674055
3019,856831.8556699522,2410764.608111258,12.339175768309868,34.71725291101201
3020,856075.7792268672,2413669.52412468,12.339175768309868,34.78978523570003
3021,855320.5172382592,2416575.412713819,12.339175768309868,34.86242662707632
3022,854566.0686825485,2419482.2713201726,12.339175768309868,34.93517717144398
3023,853812.4325395912,2422390.097384872,12.339175768309868,35.00803695507114
3024,853059.6077906764,2425298.8883486656,12.339175768309868,35.08100606419053
3025,852307.5934185272,2428208.641651953,12.339175768309868,35.15408458499966
3026,851556.3884072917,2431119.3547347765,12.339175768309868,35.22727260366075
3027,850805.9917425495,2434031.025036823,12.339175768309868,35.30057020630027
3028,850056.4024113029,2436943.649997436,12.339175768309868,35.37397747900915
3029,849307.6194019767,2439857.2270556428,12.339175768309868,35.4474945078429
3030,848559.6417044181,2442771.753650111,12.339175768309868,35.521121378820716
3031,847812.4683098911,2445687.2272192156,12.339175768309868,35.594858177926405
3032,847066.0982110772,2448603.645200997,12.339175768309868,35.66870499110745
3033,846320.5304020726,2451521.0050331904,12.339175768309868,35.74266190427527
3034,845575.763878384,2454439.3041532305,12.339175768309868,35.81672900330521
3035,844831.7976369289,2457358.5399982585,12.339175768309868,35.89090637403634
3036,844088.630676033,2460278.710005117,12.339175768309868,35.96519410227116
3037,843346.2619954267,2463199.8116103746,12.339175768309868,36.0395922737759
3038,842604.6905962452,2466121.8422503215,12.339175768309868,36.11410097428012
3039,841863.9154810238,2469044.799360972,12.339175768309868,36.18872028947668
3040,841123.9356536987,2471968.6803780827,12.339175768309868,36.26345030502168
3041,840384.7501196021,2474893.4827371524,12.339175768309868,36.33829110653441
3042,839646.357885461,2477819.203873422,12.339175768309868,36.41324277959712
3043,838908.7579593963,2480745.8412219044,12.339175768309868,36.48830540975513
3044,838171.9493509199,2483673.392217355,12.339175768309868,36.563479082516395
3045,837435.9310709309,2486601.8542943113,12.339175768309868,36.63876388335185
3046,836700.7021317172,2489531.224887092,12.339175768309868,36.71415989769506
3047,835966.2615469493,2492461.5014297715,12.339175768309868,36.789667210941886
3048,835232.6083316811,2495392.6813562317,12.339175768309868,36.865285908450886
3049,834499.7415023473,2498324.762100157,12.339175768309868,36.941016075543104
3050,833767.6600767599,2501257.741095008,12.339175768309868,37.01685779750151
3051,833036.3630741071,2504191.61577407,12.339175768309866,37.092811159571546
3052,832305.8495149526,2507126.3835704452,12.339175768309868,37.16887624696073
3053,831576.11842123,2510062.0419170377,12.339175768309868,37.24505314483835
3054,830847.1688162447,2512998.5882465946,12.339175768309868,37.32134193833582
3055,830118.9997246687,2515936.019991688,12.339175768309868,37.39774271254625
3056,829391.6101725409,2518874.3345847297,12.339175768309868,37.47425555252446
3057,828664.9991872627,2521813.5294579808,12.339175768309868,37.55088054328697
3058,827939.1657975982,2524753.602043543,12.339175768309868,37.62761776981165
3059,827214.1090336707,2527694.5497733876,12.339175768309868,37.70446731703795
3060,826489.8279269607,2530636.370079357,12.339175768309868,37.7814292698668
3061,825766.3215103049,2533579.060393136,12.339175768309868,37.8585037131599
3062,825043.5888178928,2536522.6181463245,12.339175768309868,37.93569073174071
3063,824321.6288852657,2539467.040770367,12.339175768309868,38.012990410393165
3064,823600.4407493139,2542412.3256966253,12.33917576830987,38.09040283386258
3065,822880.0234482762,2545358.4703563433,12.339175768309868,38.16792808685487
3066,822160.3760217346,2548305.47218068,12.339175768309868,38.24556625403707
3067,821441.4975106152,2551253.328600677,12.339175768309868,38.32331742003643
3068,820723.3869571869,2554202.0370473173,12.339175768309868,38.40118166944113
3069,820006.0434050553,2557151.5949514946,12.339175768309868,38.47915908679983
3070,819289.4658991642,2560101.999744026,12.339175768309868,38.557249756621516
3071,818573.6534857933,2563053.2488556704,12.339175768309868,38.63545376337556
3072,817858.6052125545,2566005.339717105,12.339175768309868,38.71377119149128
3073,817144.3201283909,2568958.269758984,12.33917576830987,38.792202125358635
3074,816430.7972835739,2571912.036411888,12.339175768309868,38.87074664932725
3075,815718.0357297042,2574866.6371063734,12.339175768309868,38.94940484770689
3076,815006.0345197053,2577822.0692729345,12.339175768309868,39.02817680476687
3077,814294.7927078248,2580778.33034207,12.339175768309868,39.10706260473679
3078,813584.3093496313,2583735.4177442277,12.339175768309868,39.18606233180546
3079,812874.5835020121,2586693.3289098507,12.339175768309868,39.265176070121534
3080,812165.6142231718,2589652.061269367,12.339175768309868,39.34440390379309
3081,811457.4005726309,2592611.6122531923,12.339175768309868,39.42374591688746
3082,810749.9416112207,2595571.979291761,12.339175768309868,39.50320219343168
3083,810043.2364010859,2598533.1598154954,12.339175768309868,39.582772817411616
3084,809337.2840056798,2601495.1512548444,12.339175768309868,39.6624578727725
3085,808632.0834897618,2604457.9510402633,12.339175768309868,39.74225744341849
3086,807927.6339193976,2607421.5566022503,12.339175768309868,39.82217161321288
3087,807223.9343619556,2610385.9653713102,12.339175768309868,39.90220046597752
3088,806520.9838861049,2613351.1747780046,12.339175768309868,39.98234408549335
3089,805818.7815618159,2616317.182252926,12.339175768309868,40.062602555499694
3090,805117.3264603534,2619283.9852267327,12.33917576830987,40.14297595969491
3091,804416.6176542792,2622251.581130118,12.33917576830987,40.22346438173543
3092,803716.6542174489,2625219.967393847,12.339175768309868,40.304067905236295
3093,803017.4352250082,2628189.14144875,12.339175768309868,40.384786613770885
3094,802318.9597533928,2631159.100725729,12.339175768309868,40.46562059087075
3095,801621.2268803269,2634129.842655774,12.339175768309868,40.546569920025775
3096,800924.2356848182,2637101.3646699395,12.339175768309868,40.62763468468358
3097,800227.9852471609,2640073.664199397,12.339175768309868,40.7088149682501
3098,799532.4746489276,2643046.7386753927,12.339175768309868,40.790110854088965
3099,798837.7029729733,2646020.585529294,12.339175768309868,40.87152242552174
3100,798143.6693034291,2648995.202192549,12.339175768309868,40.95304976582737
3101,797450.3727257034,2651970.5860967683,12.339175768309868,41.034692958243106
3102,796757.8123264771,2654946.7346736332,12.339175768309868,41.11645208596301
3103,796065.9871937046,2657923.645354972,12.339175768309868,41.19832723213886
3104,795374.8964166098,2660901.315572763,12.339175768309868,41.28031847988009
3105,794684.5390856846,2663879.742759089,12.339175768309868,41.3624259122529
3106,793994.9142926869,2666858.924346196,12.339175768309868,41.44464961228101
3107,793306.0211306394,2669838.8577664853,12.339175768309868,41.52698966294528
3108,792617.8586938286,2672819.540452498,12.339175768309868,41.60944614718327
3109,791930.4260777986,2675800.9698369512,12.339175768309868,41.692019147889866
3110,791243.7223793553,2678783.143352722,12.339175768309868,41.77470874791647
3111,790557.746696558,2681766.058432855,12.339175768309868,41.8575150300714
3112,789872.4981287248,2684749.7125105904,12.339175768309868,41.940438077119616
3113,789187.9757764237,2687734.1030193344,12.339175768309868,42.02347797178258
3114,788504.1787414748,2690719.227392701,12.339175768309868,42.10663479673846
3115,787821.1061269474,2693705.083064502,12.339175768309868,42.18990863462184
3116,787138.7570371588,2696691.6674687173,12.339175768309868,42.27329956802305
3117,786457.1305776695,2699678.978039576,12.339175768309868,42.35680767948948
3118,785776.2258552863,2702667.0122115053,12.339175768309868,42.4404330515242
3119,785096.0419780563,2705655.7674191506,12.339175768309868,42.524175766586474
3120,784416.5780552663,2708645.241097378,12.339175768309868,42.60803590709147
3121,783737.8331974413,2711635.4306812943,12.339175768309868,42.69201355541037
3122,783059.8065163423,2714626.3336062348,12.339175768309868,42.77610879387008
3123,782382.4971249643,2717617.9473077813,12.339175768309866,42.86032170475328
3124,781705.9041375355,2720610.269221766,12.339175768309868,42.944652370298314
3125,781030.0266695132,2723603.2967842775,12.339175768309868,43.0291008726992
3126,780354.8638375845,2726597.0274316478,12.339175768309868,43.113667294105106
3127,779680.4147596624,2729591.4586004815,12.339175768309868,43.19835171662076
3128,779006.6785548856,2732586.5877276664,12.339175768309868,43.283154222306386
3129,778333.654343615,2735582.412250349,12.339175768309868,43.36807489317716
3130,777661.3412474337,2738578.9296059706,12.339175768309868,43.45311381120359
3131,776989.738389143,2741576.137232251,12.339175768309868,43.538271058311125
3132,776318.8448927636,2744574.0325672165,12.339175768309868,43.62354671638034
3133,775648.6598835296,2747572.6130491686,12.339175768309868,43.70894086724642
3134,774979.182487891,2750571.876116739,12.339175768309868,43.794453592699675
3135,774310.4118335077,2753571.819208853,12.339175768309868,43.88008497448501
3136,773642.3470492521,2756572.4397647483,12.339175768309868,43.96583509430177
3137,772974.9872652042,2759573.735224003,12.339175768309866,44.05170403380423
3138,772308.3316126495,2762575.7030265043,12.339175768309868,44.137691874600925
3139,771642.3792240794,2765578.34061249,12.339175768309868,44.22379869825503
3140,770977.1292331887,2768581.645422503,12.339175768309868,44.31002458628343
3141,770312.5807748713,2771585.6148974574,12.339175768309868,44.396369620157884
3142,769648.7329852218,2774590.2464786153,12.339175768309868,44.48283388130415
3143,768985.585001533,2777595.5376075795,12.339175768309868,44.56941745110181
3144,768323.1359622921,2780601.4857263146,12.339175768309868,44.656120410884576
3145,767661.3850071812,2783608.0882771634,12.339175768309868,44.74294284194017
3146,767000.3312770731,2786615.3427028237,12.339175768309868,44.82988482550997
3147,766339.9739140326,2789623.2464463785,12.339175768309866,44.91694644278918
3148,765680.3120613123,2792631.7969512967,12.339175768309868,45.004127774926744
3149,765021.3448633511,2795640.991661424,12.33917576830987,45.09142890302506
3150,764363.0714657726,2798650.8280209927,12.339175768309868,45.17884990813993
3151,763705.4910153851,2801661.303474655,12.339175768309866,45.26639087128086
3152,763048.6026601772,2804672.4154674537,12.339175768309868,45.35405187341055
3153,762392.405549317,2807684.1614448256,12.339175768309868,45.44183299544469
3154,761736.8988331509,2810696.5388526586,12.33917576830987,45.529734318252764
3155,761082.0816632009,2813709.545137217,12.339175768309868,45.61775592265664
3156,760427.9531921635,2816723.1777452296,12.339175768309868,45.70589788943187
3157,759774.5125739074,2819737.4341238216,12.339175768309868,45.794160299306405
3158,759121.7589634731,2822752.3117205836,12.339175768309868,45.88254323296144
3159,758469.6915170687,2825767.807983522,12.339175768309866,45.971046771030665
3160,757818.3093920697,2828783.9203610974,12.339175768309868,46.059670994100564
3161,757167.6117470189,2831800.6463022283,12.339175768309868,46.148415982710254
3162,756517.5977416201,2834817.9832562944,12.339175768309866,46.23728181735159
3163,755868.2665367413,2837835.9286731277,12.339175768309868,46.326268578468635
3164,755219.6172944092,2840854.480003014,12.339175768309868,46.415376346457656
3165,754571.6491778091,2843873.6346967462,12.339175768309868,46.50460520166781
3166,753924.3613512844,2846893.390205561,12.339175768309868,46.593955224399835
3167,753277.7529803324,2849913.7439812096,12.339175768309868,46.68342649490718
3168,752631.8232316035,2852934.6934758993,12.33917576830987,46.77301909339484
3169,751986.5712729004,2855956.2361423606,12.339175768309868,46.86273310002022
3170,751341.9962731742,2858978.3694338063,12.339175768309868,46.952568594892504
3171,750698.0974025254,2862001.0908039487,12.339175768309868,47.042525658072485
3172,750054.8738322011,2865024.3977070297,12.339175768309868,47.13260436957304
3173,749412.3247345915,2868048.287597802,12.339175768309868,47.22280480935878
3174,748770.4492832305,2871072.7579315063,12.33917576830987,47.313127057345326
3175,748129.2466527924,2874097.8061639527,12.339175768309868,47.40357119340059
3176,747488.7160190935,2877123.4297514586,12.339175768309868,47.49413729734343
3177,746848.8565590846,2880149.6261508637,12.339175768309868,47.58482544894401
3178,746209.6674508547,2883176.392819587,12.339175768309868,47.67563572792434
3179,745571.1478736249,2886203.7272155555,12.339175768309868,47.76656821395711
3180,744933.2970077523,2889231.626797267,12.339175768309866,47.85762298666631
3181,744296.1140347213,2892260.0890237703,12.339175768309868,47.94880012562715
3182,743659.5981371483,2895289.111354678,12.339175768309868,48.04009971036565
3183,743023.7484987754,2898318.6912501594,12.339175768309868,48.131521820358714
3184,742388.5643044714,2901348.8261709632,12.33917576830987,48.22306653503419
3185,741754.0447402289,2904379.5135784163,12.339175768309868,48.31473393377068
3186,741120.188993163,2907410.7509344188,12.339175768309868,48.406524095897396
3187,740486.99625151,2910442.5357014756,12.339175768309868,48.49843710069439
3188,739854.4657046248,2913474.865342647,12.339175768309868,48.59047302739167
3189,739222.5965429789,2916507.7373216283,12.339175768309868,48.68263195517042
3190,738591.3879581611,2919541.149102701,12.339175768309868,48.774913963161836
3191,737960.8391428737,2922575.098150752,12.339175768309868,48.86731913044744
3192,737330.9492909304,2925609.581931273,12.339175768309868,48.959847536058895
3193,736701.717597257,2928644.5979103907,12.339175768309868,49.0524992589783
3194,736073.1432578872,2931680.1435548323,12.33917576830987,49.14527437813751
3195,735445.2254699625,2934716.216331971,12.339175768309868,49.238172972418695
3196,734817.9634317304,2937752.813709796,12.339175768309868,49.33119512065367
3197,734191.3563425418,2940789.933156947,12.339175768309868,49.42434090162442
3198,733565.4034028508,2943827.572142704,12.339175768309868,49.51761039406259
3199,732940.1038142111,2946865.728136964,12.339175768309868,49.61100367664916
3200,732315.4567792766,2949904.3986103283,12.339175768309868,49.704520828015525
3201,731691.4615017978,2952943.581034,12.339175768309868,49.79816192674181
3202,731068.1171866214,2955983.272879887,12.33917576830987,49.89192705135834
3203,730445.4230396879,2959023.4716205373,12.339175768309868,49.985816280344395
3204,729823.3782680309,2962064.1747291787,12.339175768309868,50.079829692128754
3205,729201.9820797741,2965105.379679716,12.339175768309868,50.173967365089524
3206,728581.2336841307,2968147.0839467314,12.339175768309868,50.26822937755393
3207,727961.1322914019,2971189.2850055005,12.339175768309868,50.36261580779843
3208,727341.6771129741,2974231.980331974,12.339175768309868,50.457126734048295
3209,726722.8673613189,2977275.1674028123,12.339175768309868,50.551762234478005
3210,726104.702249989,2980318.8436953723,12.339175768309868,50.646522387210965
3211,725487.1809936205,2983363.006687715,12.339175768309868,50.74140727031927
3212,724870.3028079274,2986407.6538586025,12.339175768309868,50.83641696182369
3213,724254.066909701,2989452.782687537,12.339175768309868,50.9315515396942
3214,723638.47251681,2992498.3906547124,12.339175768309868,51.026811081848805
3215,723023.518848198,2995544.4752410557,12.339175768309868,51.122195666154234
3216,722409.2051238797,2998591.0339282285,12.339175768309868,51.21770537042589
3217,721795.5305649438,3001638.064198627,12.339175768309868,51.31334027242741
3218,721182.4943935452,3004685.563535376,12.339175768309868,51.409100449870856
3219,720570.0958329118,3007733.5294223516,12.339175768309868,51.504985980416365
3220,719958.3341073339,3010781.959344179,12.339175768309868,51.60099694167255
3221,719347.2084421678,3013830.850786229,12.339175768309868,51.69713341119597
3222,718736.7180638348,3016880.2012346336,12.339175768309868,51.79339546649121
3223,718126.8621998162,3019930.008176292,12.339175768309868,51.889783185010984
3224,717517.6400786532,3022980.269098856,12.339175768309868,51.98629664415576
3225,716909.050929948,3026030.981490775,12.339175768309868,52.082935921274085
3226,716301.0939843579,3029082.142841244,12.33917576830987,52.1797010936619
3227,715693.7684735951,3032133.7506402596,12.339175768309868,52.27659223856322
3228,715087.0736304277,3035185.8023786005,12.339175768309868,52.37360943316954
3229,714481.0086886741,3038238.2955478234,12.339175768309868,52.470752754619795
3230,713875.5728832046,3041291.2276402875,12.339175768309868,52.568022280000484
3231,713270.7654499387,3044344.5961491694,12.33917576830987,52.66541808634582
3232,712666.5856258417,3047398.398568427,12.339175768309868,52.762940250637094
3233,712063.0326489279,3050452.6323928274,12.33917576830987,52.860588849802724
3234,711460.1057582523,3053507.2951179645,12.339175768309868,52.95836396071877
3235,710857.8041939171,3056562.384240237,12.339175768309868,53.05626566020798
3236,710256.1271970614,3059617.8972568708,12.339175768309868,53.15429402504051
3237,709655.0740098668,3062673.831665935,12.339175768309866,53.252449131933645
3238,709054.6438755528,3065730.184966296,12.339175768309868,53.35073105755104
3239,708454.8360383747,3068786.9546576897,12.339175768309868,53.44913987850385
3240,707855.6497436228,3071844.1382406787,12.339175768309868,53.54767567134979
3241,707257.0842376223,3074901.7332166587,12.339175768309868,53.646338512593026
3242,706659.1387677283,3077959.737087895,12.339175768309868,53.745128478684876
3243,706061.8125823281,3081018.147357508,12.339175768309868,53.84404564602316
3244,705465.1049308376,3084076.9615294524,12.339175768309868,53.94309009095181
3245,704869.015063699,3087136.177108585,12.339175768309868,54.042261889761996
3246,704273.5422323818,3090195.791600581,12.339175768309868,54.141561118690305
3247,703678.6856893781,3093255.8025120306,12.339175768309868,54.240987853920565
3248,703084.4446882035,3096316.2073503793,12.339175768309868,54.34054217158239
3249,702490.8184833962,3099377.0036239587,12.339175768309868,54.440224147751636
3250,701897.8063305118,3102438.188841997,12.339175768309868,54.54003385845061
3251,701305.4074861262,3105499.7605145895,12.339175768309868,54.63997137964716
3252,700713.62120783,3108561.71615274,12.339175768309866,54.74003678725549
3253,700122.4467542294,3111624.0532683576,12.339175768309868,54.840230157135885
3254,699531.8833849455,3114686.7693742295,12.339175768309868,54.940551565093884
3255,698941.9303606107,3117749.8619840886,12.33917576830987,55.04100108688161
3256,698352.5869428664,3120813.3286125446,12.339175768309868,55.1415787981964
3257,697763.852394366,3123877.16677514,12.339175768309868,55.242284774681345
3258,697175.725978769,3126941.3739883387,12.339175768309868,55.343119091925274
3259,696588.2069607396,3130005.94776952,12.339175768309868,55.444081825462455
3260,696001.2946059492,3133070.8856369974,12.339175768309868,55.545173050772554
3261,695414.9881810701,3136136.1851100395,12.339175768309868,55.64639284328116
3262,694829.2869537778,3139201.843708815,12.339175768309866,55.747741278358426
3263,694244.1901927472,3142267.85895446,12.339175768309868,55.84921843132029
3264,693659.6971676499,3145334.2283690437,12.339175768309868,55.95082437742779
3265,693075.8071491583,3148400.949475605,12.339175768309868,56.05255919188716
3266,692492.5194089368,3151468.0197981177,12.339175768309868,56.15442294984966
3267,691909.833219647,3154535.4368615258,12.339175768309868,56.256415726411525
3268,691327.7478549405,3157603.198191735,12.339175768309866,56.35853759661407
3269,690746.2625894612,3160671.301315628,12.339175768309868,56.460788635443635
3270,690165.3766988433,3163739.743761037,12.339175768309868,56.563168917830886
3271,689585.0894597076,3166808.523056793,12.339175768309868,56.66567851865181
3272,689005.4001496623,3169877.6367326956,12.339175768309868,56.768317512726824
3273,688426.3080473022,3172947.0823195316,12.33917576830987,56.87108597482091
3274,687847.8124322032,3176016.85734909,12.339175768309868,56.973983979644046
3275,687269.9125849254,3179086.9593541347,12.339175768309868,57.077011601850316
3276,686692.6077870096,3182157.3858684315,12.339175768309866,57.18016891603827
3277,686115.8973209749,3185228.1344267596,12.339175768309868,57.28345599675118
3278,685539.7804703196,3188299.2025648775,12.339175768309868,57.38687291847607
3279,684964.2565195174,3191370.587819588,12.339175768309868,57.49041975564489
3280,684389.3247540169,3194442.2877286947,12.339175768309868,57.594096582633604
3281,683814.9844602422,3197514.2998310085,12.339175768309868,57.69790347376193
3282,683241.2349255861,3200586.621666372,12.339175768309868,57.801840503294116
3283,682668.0754384154,3203659.2507756446,12.339175768309866,57.90590774543798
3284,682095.5052880641,3206732.184700736,12.339175768309868,58.01010527434579
3285,681523.5237648336,3209805.4209845816,12.339175768309868,58.11443316411359
3286,680952.1301599938,3212878.9571711533,12.339175768309868,58.21889148878103
3287,680381.3237657774,3215952.790805459,12.33917576830987,58.32348032233156
3288,679811.1038753804,3219026.919433572,12.339175768309868,58.42819973869269
3289,679241.4697829625,3222101.3406025884,12.339175768309868,58.53304981173495
3290,678672.420783643,3225176.051860689,12.339175768309866,58.638030615273
3291,678103.9561734991,3228251.050757108,12.339175768309866,58.743142223065114
3292,677536.0752495684,3231326.334842131,12.339175768309868,58.84838470881253
3293,676968.7773098424,3234401.901667111,12.339175768309868,58.95375814616012
3294,676402.0616532679,3237477.748784483,12.339175768309868,59.05926260869621
3295,675835.927579746,3240553.8737477385,12.339175768309868,59.16489816995207
3296,675270.3743901288,3243630.274111486,12.339175768309868,59.270664903402896
3297,674705.4013862202,3246706.947431382,12.339175768309868,59.37656288246635
3298,674141.0078707712,3249783.891264179,12.33917576830987,59.48259218050354
3299,673577.1931474827,3252861.1031677127,12.339175768309868,59.58875287081823
3300,673013.9565210008,3255938.5807009465,12.339175768309868,59.69504502665793
3301,672451.2972969158,3259016.3214238957,12.339175768309868,59.80146872121223
3302,671889.214781764,3262094.32289772,12.339175768309866,59.90802402761417
3303,671327.7082830213,3265172.5826846664,12.339175768309868,60.01471101893941
3304,670766.7771091048,3268251.0983480928,12.33917576830987,60.121529768206386
3305,670206.4205693724,3271329.867452472,12.339175768309868,60.22848034837602
3306,669646.6379741182,3274408.8875634056,12.339175768309866,60.33556283235224
3307,669087.4286345727,3277488.156247594,12.339175768309868,60.442777292981155
3308,668528.7918629037,3280567.6710729003,12.339175768309868,60.550123803051804
3309,667970.7269722103,3283647.4296082915,12.339175768309868,60.657602435295445
3310,667413.2332765253,3286727.429423862,12.339175768309868,60.7652132623855
3311,666856.3100908122,3289807.668090876,12.339175768309868,60.87295635693832
3312,666299.9567309627,3292888.143181704,12.339175768309868,60.980831791511996
3313,665744.172513799,3295968.8522698814,12.33917576830987,61.088839638607034
3314,665188.9567570691,3299049.7929300996,12.339175768309868,61.196979970666305
3315,664634.3087794455,3302130.96273818,12.339175768309868,61.30525286007442
3316,664080.2279005267,3305212.3592711347,12.339175768309868,61.41365837915851
3317,663526.713440831,3308293.9801070965,12.339175768309868,61.52219660018722
3318,662973.7647218014,3311375.8228253857,12.339175768309868,61.63086759537124
3319,662421.3810657981,3314457.885006489,12.339175768309868,61.73967143686338
3320,661869.5617961006,3317540.1642320803,12.339175768309868,61.84860819675844
3321,661318.3062369068,3320622.658084972,12.33917576830987,61.95767794709224
3322,660767.6137133293,3323705.364149191,12.339175768309868,62.066880759843016
3323,660217.4835513948,3326788.280009931,12.33917576830987,62.17621670693045
3324,659667.9150780444,3329871.4032535665,12.339175768309868,62.285685860215494
3325,659118.9076211292,3332954.7314676875,12.33917576830987,62.39528829150138
3326,658570.4605094132,3336038.262241047,12.339175768309868,62.5050240725319
3327,658022.5730725671,3339121.9931636346,12.339175768309868,62.6148932749933
3328,657475.2446411697,3342205.9218265973,12.339175768309868,62.72489597051231
3329,656928.4745467077,3345290.0458223172,12.339175768309868,62.835032230657355
3330,656382.2621215704,3348374.362744385,12.339175768309868,62.94530212693838
3331,655836.6066990535,3351458.8701875806,12.339175768309868,63.05570573080584
3332,655291.507613353,3354543.565747933,12.339175768309868,63.16624311365212
3333,654746.9641995662,3357628.447022684,12.339175768309868,63.27691434681057
3334,654202.9757936909,3360713.511610265,12.339175768309868,63.387719501554834
3335,653659.541732622,3363798.757110376,12.339175768309868,63.49865864910046
3336,653116.6613541519,3366884.181123932,12.339175768309868,63.60973186060358
3337,652574.3339969688,3369969.7812530748,12.339175768309868,63.720939207161024
3338,652032.5590006557,3373055.555101205,12.339175768309868,63.83228075981085
3339,651491.3357056872,3376141.500272947,12.339175768309868,63.943756589531596
3340,650950.6634534311,3379227.6143741724,12.33917576830987,64.05536676724248
3341,650410.5415861435,3382313.895012015,12.339175768309868,64.16711136380381
3342,649870.9694469726,3385400.339794839,12.33917576830987,64.27899045001581
3343,649331.9463799511,3388486.94633228,12.339175768309868,64.39100409661985
3344,648793.4717299995,3391573.712235245,12.339175768309868,64.50315237429787
3345,648255.5448429242,3394660.6351158717,12.339175768309868,64.61543535367163
3346,647718.1650654136,3397747.7125875955,12.339175768309868,64.727853105304
3347,647181.3317450396,3400834.942265101,12.339175768309868,64.84040569969771
3348,646645.0442302556,3403922.321764344,12.339175768309868,64.95309320729572
3349,646109.3018703929,3407009.8487025825,12.339175768309868,65.0659156984819
3350,645574.1040156638,3410097.520698334,12.339175768309868,65.17887324357963
3351,645039.4500171569,3413185.335371404,12.339175768309868,65.29196591285265
3352,644505.3392268349,3416273.290342894,12.339175768309868,65.40519377650506
3353,643971.7709975386,3419361.3832351817,12.339175768309868,65.51855690468042
3354,643438.7446829788,3422449.611671951,12.339175768309868,65.63205536746285
3355,642906.25963774,3425537.973278175,12.339175768309868,65.745689234876
3356,642374.3152172776,3428626.4656801326,12.339175768309866,65.8594585768835
3357,641842.9107779156,3431715.0865054154,12.339175768309868,65.97336346338906
3358,641312.045676847,3434803.8333829045,12.339175768309868,66.08740396423572
3359,640781.7192721311,3437892.7039428083,12.339175768309868,66.2015801492066
3360,640251.930922692,3440981.695816638,12.339175768309868,66.31589208802434
3361,639722.6799883201,3444070.806637235,12.339175768309868,66.43033985035123
3362,639193.9658296674,3447160.034038754,12.339175768309868,66.54492350578914
3363,638665.7878082482,3450249.3756566765,12.339175768309868,66.6596431238794
3364,638138.1452864368,3453338.8291278165,12.339175768309868,66.77449877410298
3365,637611.0376274664,3456428.3920903155,12.339175768309868,66.8894905258802
3366,637084.4641954297,3459518.062183647,12.339175768309868,67.00461844857054
3367,636558.4243552743,3462607.8370486125,12.33917576830987,67.11988261147278
3368,636032.9174728036,3465697.714327394,12.339175768309868,67.23528308382566
3369,635507.9429146765,3468787.6916634766,12.339175768309866,67.35081993480622
3370,634983.500048403,3471877.7667017137,12.339175768309868,67.46649323353124
3371,634459.5882423449,3474967.9370883033,12.339175768309868,67.58230304905645
3372,633936.2068657157,3478058.200470807,12.339175768309868,67.69824945037666
3373,633413.3552885758,3481148.5544981174,12.339175768309868,67.81433250642549
3374,632891.032881836,3484238.996820536,12.339175768309868,67.93055228607605
3375,632369.2390172519,3487329.525089683,12.339175768309868,68.04690885813982
3376,631847.9730674243,3490420.1369585786,12.339175768309868,68.1634022913677
3377,631327.2344057994,3493510.830081584,12.339175768309868,68.2800326544487
3378,630807.0224066646,3496601.6021144693,12.339175768309868,68.3968000160115
3379,630287.33644515,3499692.4507143325,12.339175768309866,68.51370444462238
3380,629768.1758972264,3502783.3735397086,12.33917576830987,68.63074600878737
3381,629249.5401397016,3505874.368250488,12.339175768309868,68.7479247769508
3382,628731.428550224,3508965.432507941,12.339175768309868,68.86524081749518
3383,628213.8405072761,3512056.5639747423,12.339175768309868,68.98269419874208
3384,627696.7753901769,3515147.7603149465,12.339175768309868,69.10028498895116
3385,627180.2325790807,3518239.0191940255,12.339175768309868,69.21801325632083
3386,626664.2114549727,3521330.338278826,12.339175768309868,69.33587906898764
3387,626148.71139967,3524421.7152376194,12.339175768309868,69.45388249502682
3388,625633.7317958216,3527513.147740067,12.339175768309868,69.57202360245148
3389,625119.2720269042,3530604.6334572444,12.339175768309868,69.69030245921329
3390,624605.3314772235,3533696.1700616293,12.339175768309866,69.80871913320168
3391,624091.9095319118,3536787.755227142,12.339175768309868,69.927273692245
3392,623579.0055769258,3539879.3866290925,12.339175768309868,70.04596620410909
3393,623066.618999048,3542971.0619442263,12.33917576830987,70.16479673649805
3394,622554.7491858832,3546062.7788507147,12.339175768309868,70.28376535705412
3395,622043.3955258591,3549154.5350281377,12.339175768309866,70.402872133357
3396,621532.5574082221,3552246.328157528,12.339175768309866,70.52211713292499
3397,621022.2342230398,3555338.155921343,12.339175768309868,70.64150042321393
3398,620512.4253611979,3558430.0160034783,12.33917576830987,70.76102207161748
3399,620003.1302143984,3561521.906089266,12.339175768309868,70.88068214546713
3400,619494.3481751587,3564613.8238654803,12.339175768309868,71.0004807120322
3401,618986.078636813,3567705.7670203387,12.339175768309866,71.12041783851934
3402,618478.3209935065,3570797.7332435087,12.339175768309868,71.24049359207324
3403,617971.0746401984,3573889.7202261337,12.339175768309868,71.36070803977637
3404,617464.3389726579,3576981.7256607725,12.339175768309868,71.48106124864817
3405,616958.1133874643,3580073.7472414626,12.339175768309868,71.601553285646
3406,616452.3972820063,3583165.782663697,12.339175768309868,71.72218421766448
3407,615947.1900544785,3586257.8296244275,12.339175768309866,71.84295411153573
3408,615442.4911038824,3589349.8858220926,12.339175768309868,71.96386303402957
3409,614938.2998300263,3592441.9489565697,12.339175768309868,72.08491105185239
3410,614434.6156335195,3595534.0167292347,12.339175768309868,72.20609823164871
3411,613931.4379157764,3598626.0868429295,12.339175768309868,72.32742463999982
3412,613428.7660790117,3601718.157001959,12.339175768309868,72.44889034342407
3413,612926.5995262396,3604810.2249121354,12.339175768309868,72.5704954083776
3414,612424.9376612756,3607902.2882807353,12.33917576830987,72.69223990125303
3415,611923.7798887321,3610994.344816529,12.339175768309868,72.81412388838028
3416,611423.1256140177,3614086.392229788,12.339175768309866,72.93614743602664
3417,610922.9742433381,3617178.428232244,12.339175768309866,73.05831061039557
3418,610423.3251836918,3620270.4505371596,12.339175768309868,73.18061347762831
3419,609924.1778428715,3623362.4568592855,12.339175768309868,73.3030561038028
3420,609425.5316294624,3626454.4449148388,12.339175768309868,73.42563855493299
3421,608927.3859528394,3629546.4124216,12.339175768309866,73.54836089697106
3422,608429.740223169,3632638.3570988113,12.339175768309868,73.67122319580481
3423,607932.5938514045,3635730.2766672443,12.339175768309868,73.79422551725938
3424,607435.9462492872,3638822.168849179,12.339175768309868,73.91736792709645
3425,606939.7968293458,3641914.0313684023,12.339175768309866,74.04065049101409
3426,606444.145004892,3645005.861950226,12.339175768309868,74.16407327464731
3427,605948.9901900246,3648097.6583214966,12.339175768309868,74.28763634356763
3428,605454.3317996224,3651189.4182105507,12.339175768309866,74.41133976328275
3429,604960.1692493465,3654281.1393472776,12.339175768309868,74.53518359923729
3430,604466.5019556397,3657372.819463091,12.339175768309868,74.65916791681207
3431,603973.3293357232,3660464.456290929,12.339175768309866,74.78329278132428
3432,603480.650807596,3663556.0475652604,12.339175768309868,74.90755825802748
3433,602988.4657900361,3666647.591022115,12.339175768309866,75.03196441211172
3434,602496.7737025957,3669739.0843990375,12.339175768309868,75.15651130870306
3435,602005.5739656019,3672830.5254351227,12.339175768309868,75.28119901286395
3436,601514.8660001564,3675921.911871017,12.339175768309868,75.40602758959301
3437,601024.6492281326,3679013.2414489053,12.339175768309868,75.53099710382493
3438,600534.9230721759,3682104.511912522,12.339175768309868,75.65610762043039
3439,600045.6869557019,3685195.7210071664,12.33917576830987,75.78135920421641
3440,599556.9403028947,3688286.8664796944,12.339175768309868,75.90675191992612
3441,599068.6825387072,3691377.9460784956,12.339175768309868,76.032285832238
3442,598580.9130888581,3694468.957553554,12.339175768309868,76.15796100576728
3443,598093.6313798338,3697559.8986563887,12.339175768309868,76.28377750506434
3444,597606.8368388831,3700650.7671401054,12.339175768309868,76.40973539461599
3445,597120.5288940197,3703741.560759376,12.339175768309868,76.53583473884476
3446,596634.7069740192,3706832.277270433,12.339175768309866,76.66207560210867
3447,596149.3705084185,3709922.9144310923,12.339175768309868,76.78845804870176
3448,595664.5189275144,3713013.4700007495,12.339175768309868,76.91498214285382
3449,595180.1516623637,3716103.941740367,12.339175768309868,77.04164794872996
3450,594696.2681447796,3719194.3274124903,12.339175768309868,77.16845553043103
3451,594212.8678073329,3722284.6247812747,12.339175768309866,77.29540495199403
3452,593729.950083351,3725374.8316124403,12.33917576830987,77.42249627739082
3453,593247.5144069135,3728464.9456732967,12.339175768309866,77.5497295705291
3454,592765.5602128566,3731554.9647327433,12.339175768309868,77.67710489525162
3455,592284.0869367659,3734644.886561284,12.339175768309868,77.80462231533708
3456,591803.0940149794,3737734.708931018,12.339175768309868,77.93228189449948
3457,591322.5808845867,3740824.4296156564,12.339175768309868,78.06008369638815
3458,590842.5469834235,3743914.04639048,12.339175768309868,78.18802778458749
3459,590362.9917500766,3747003.5570324054,12.339175768309868,78.31611422261741
3460,589883.9146238775,3750092.959319945,12.339175768309866,78.4443430739331
3461,589405.3150449034,3753182.2510332162,12.339175768309868,78.57271440192486
3462,588927.192453978,3756271.4299539467,12.339175768309868,78.70122826991792
3463,588449.5462926668,3759360.4938655044,12.339175768309868,78.8298847411733
3464,587972.3760032784,3762449.440552848,12.339175768309866,78.95868387888662
3465,587495.6810288635,3765538.2678025565,12.339175768309868,79.08762574618838
3466,587019.4608132117,3768626.9734028513,12.339175768309868,79.21671040614473
3467,586543.7148008527,3771715.5551435603,12.339175768309868,79.34593792175636
3468,586068.4424370545,3774804.010816129,12.339175768309866,79.4753083559586
3469,585593.6431678215,3777892.3382136696,12.339175768309868,79.60482177162265
3470,585119.3164398947,3780980.5351308924,12.339175768309866,79.73447823155372
3471,584645.4617007503,3784068.5993641573,12.339175768309868,79.86427779849222
3472,584172.0783985963,3787156.5287114466,12.339175768309868,79.99422053511329
3473,583699.1659823761,3790244.320972398,12.339175768309868,80.12430650402678
3474,583226.723901763,3793331.9739482882,12.339175768309866,80.25453576777754
3475,582754.7516071621,3796419.485442025,12.339175768309868,80.38490838884466
3476,582283.2485497072,3799506.853258176,12.339175768309868,80.51542442964227
3477,581812.2141812603,3802594.0752029493,12.339175768309868,80.64608395251904
3478,581341.647954412,3805681.149084204,12.33917576830987,80.776887019758
3479,580871.5493224779,3808768.072711453,12.33917576830987,80.90783369357699
3480,580401.9177394996,3811854.8438958786,12.339175768309868,81.03892403612852
3481,579932.7526602434,3814941.460450299,12.339175768309868,81.1701581094991
3482,579464.0535401977,3818027.9201892004,12.339175768309868,81.30153597570997
3483,578995.8198355729,3821114.220928739,12.339175768309868,81.43305769671694
3484,578528.0510033021,3824200.3604867132,12.33917576830987,81.56472333440956
3485,578060.7465010361,3827286.3366826214,12.339175768309868,81.69653295061266
3486,577593.9057871468,3830372.1473376034,12.339175768309868,81.82848660708454
3487,577127.5283207224,3833457.7902744915,12.33917576830987,81.96058436551844
3488,576661.6135615683,3836543.263317779,12.339175768309868,82.0928262875415
3489,576196.1609702065,3839628.564293628,12.33917576830987,82.22521243471479
3490,575731.1700078722,3842713.6910298937,12.339175768309868,82.35774286853412
3491,575266.6401365157,3845798.641356105,12.339175768309868,82.49041765042907
3492,574802.5708187995,3848883.4131034766,12.339175768309868,82.62323684176347
3493,574338.9615180972,3851968.0041049076,12.339175768309866,82.7562005038353
3494,573875.8116984935,3855052.4121949812,12.339175768309866,82.88930869787639
3495,573413.1208247829,3858136.6352099627,12.339175768309868,83.02256148505244
3496,572950.8883624672,3861220.670987837,12.339175768309868,83.15595892646384
3497,572489.1137777567,3864304.5173682366,12.339175768309868,83.2895010831438
3498,572027.7965375681,3867388.1721925437,12.339175768309868,83.42318801606065
3499,571566.9361095222,3870471.6333037885,12.339175768309866,83.5570197861156
3500,571106.5319619465,3873554.898546734,12.339175768309868,83.69099645414418
3501,570646.5835638692,3876637.965767844,12.339175768309868,83.825118080916
3502,570187.0903850232,3879720.8328152564,12.339175768309868,83.95938472713348
3503,569728.0518958404,3882803.4975388423,12.339175768309868,84.09379645343365
3504,569269.4675674547,3885885.957790201,12.33917576830987,84.22835332038748
3505,568811.3368716985,3888968.21142259,12.339175768309866,84.36305538849851
3506,568353.6592811022,3892050.256291024,12.339175768309868,84.49790271820501
3507,567896.4342688944,3895132.09025221,12.339175768309868,84.63289536987817
3508,567439.6613089982,3898213.7111645704,12.33917576830987,84.76803340382295
3509,566983.3398760329,3901295.1168882577,12.339175768309868,84.90331688027804
3510,566527.4694453123,3904376.3052851614,12.339175768309868,85.03874585941583
3511,566072.0494928422,3907457.2742188578,12.339175768309866,85.17432040134163
3512,565617.0794953215,3910538.0215546736,12.339175768309868,85.31004056609461
3513,565162.5589301402,3913618.545159646,12.339175768309868,85.445906413647
3514,564708.4872753773,3916698.842902566,12.339175768309868,85.58191800390513
3515,564254.8640098014,3919778.91265393,12.339175768309868,85.71807539670802
3516,563801.6886128704,3922858.7522859853,12.339175768309868,85.8543786518282
3517,563348.9605647272,3925938.359672708,12.339175768309868,85.99082782897177
3518,562896.6793462026,3929017.732689818,12.339175768309868,86.1274229877779
3519,562444.8444388113,3932096.869214764,12.339175768309866,86.26416418781895
3520,561993.4553247521,3935175.767126736,12.339175768309866,86.4010514886005
3521,561542.5114869082,3938254.4243066832,12.33917576830987,86.53808494956147
3522,561092.0124088427,3941332.838637291,12.339175768309868,86.67526463007401
3523,560641.9575748023,3944411.0080029913,12.33917576830987,86.81259058944305
3524,560192.3464697119,3947488.9302899595,12.339175768309866,86.95006288690675
3525,559743.1785791754,3950566.6033861423,12.339175768309868,87.08768158163683
3526,559294.4533894765,3953644.025181213,12.339175768309868,87.22544673273713
3527,558846.1703875749,3956721.1935666082,12.339175768309868,87.3633583992449
3528,558398.3290611061,3959798.106435557,12.339175768309868,87.5014166401312
3529,557950.9288983817,3962874.761682996,12.339175768309868,87.63962151429872
3530,557503.969388387,3965951.1572056487,12.339175768309868,87.77797308058375
3531,557057.4500207801,3969027.290902008,12.339175768309866,87.91647139775566
3532,556611.3702858922,3972103.160672305,12.339175768309868,88.05511652451598
3533,556165.7296747243,3975178.7644185643,12.339175768309868,88.19390851949984
3534,555720.52767895,3978254.1000445657,12.339175768309868,88.33284744127457
3535,555275.7637909102,3981329.1654558773,12.33917576830987,88.47193334834093
3536,554831.437503614,3984403.958559813,12.339175768309868,88.61116629913192
3537,554387.5483107392,3987478.4772654767,12.339175768309868,88.75054635201336
3538,553944.0957066289,3990552.7194837523,12.339175768309868,88.890073565284
3539,553501.0791862926,3993626.683127272,12.339175768309868,89.02974799717448
3540,553058.4982454028,3996700.3661104986,12.339175768309866,89.1695697058494
3541,552616.3523802966,3999773.7663496407,12.339175768309868,89.30953874940506
3542,552174.6410879736,4002846.8817626946,12.339175768309866,89.44965518587034
3543,551733.3638660943,4005919.7102694553,12.33917576830987,89.58991907320717
3544,551292.5202129794,4008992.249791487,12.339175768309868,89.73033046930959
3545,550852.1096276104,4012064.4982521427,12.339175768309868,89.87088943200402
3546,550412.131609627,4015136.453576597,12.339175768309868,90.01159601905006
3547,549972.5856593262,4018208.11369179,12.33917576830987,90.15245028813932
3548,549533.4712776624,4021279.476526465,12.339175768309868,90.29345229689577
3549,549094.7879662447,4024350.5400111387,12.339175768309868,90.43460210287557
3550,548656.5352273386,4027421.302078162,12.339175768309868,90.57589976356782
3551,548218.7125638617,4030491.7606616598,12.339175768309866,90.71734533639356
3552,547781.3194793856,4033561.9136975766,12.339175768309866,90.85893887870652
3553,547344.3554781346,4036631.7591236434,12.339175768309868,91.00068044779218
3554,546907.8200649818,4039701.2948794076,12.339175768309868,91.14257010086887
3555,546471.7127454525,4042770.518906214,12.339175768309868,91.28460789508667
3556,546036.0330257203,4045839.42914722,12.339175768309866,91.42679388752808
3557,545600.7804126068,4048908.0235474054,12.339175768309868,91.56912813520813
3558,545165.9544135813,4051976.30005354,12.339175768309868,91.71161069507345
3559,544731.554536759,4055044.2566142185,12.339175768309866,91.85424162400305
3560,544297.5802909008,4058111.891179848,12.339175768309868,91.99702097880817
3561,543864.0311854122,4061179.2017026525,12.339175768309868,92.13994881623182
3562,543430.9067303414,4064246.1861366746,12.339175768309868,92.28302519294945
3563,542998.2064363798,4067312.8424377893,12.33917576830987,92.42625016556862
3564,542565.9298148607,4070379.1685636644,12.339175768309868,92.5696237906282
3565,542134.0763777576,4073445.1624738276,12.33917576830987,92.71314612460003
3566,541702.645637684,4076510.8221296077,12.339175768309866,92.85681722388725
3567,541271.6371078922,4079576.1454941556,12.339175768309866,93.00063714482496
3568,540841.0503022717,4082641.1305324626,12.339175768309866,93.14460594368046
3569,540410.884735351,4085705.7752113515,12.339175768309868,93.28872367665275
3570,539981.1399222926,4088770.0774994777,12.33917576830987,93.43299039987296
3571,539551.8153788951,4091834.0353673226,12.339175768309868,93.57740616940382
3572,539122.9106215913,4094897.646787196,12.339175768309866,93.72197104123975
3573,538694.4251674468,4097960.909733261,12.33917576830987,93.86668507130743
3574,538266.3585341603,4101023.8221815024,12.339175768309866,94.0115483154648
3575,537838.7102400617,4104086.382109769,12.339175768309868,94.1565608295022
3576,537411.4798041113,4107148.5874977275,12.339175768309868,94.30172266914116
3577,536984.6667458994,4110210.436326884,12.33917576830987,94.44703389003485
3578,536558.270585645,4113271.926580608,12.339175768309868,94.59249454776844
3579,536132.2908441938,4116333.056244107,12.339175768309868,94.73810469785893
3580,535706.7270430202,4119393.8233044227,12.339175768309868,94.88386439575427
3581,535281.5787042235,4122454.225750473,12.339175768309868,95.02977369683485
3582,534856.8453505287,4125514.2615730106,12.339175768309868,95.17583265641221
3583,534432.5265052847,4128573.9287646227,12.33917576830987,95.32204132972913
3584,534008.621692463,4131633.2253197893,12.339175768309868,95.46839977196089
3585,533585.1304366591,4134692.149234806,12.339175768309868,95.61490803821323
3586,533162.052263088,4137750.698507847,12.339175768309868,95.76156618352414
3587,532739.3866975876,4140808.871138945,12.33917576830987,95.9083742628628
3588,532317.1332666135,4143866.66512998,12.339175768309868,96.05533233112982
3589,531895.2914972405,4146924.078484711,12.33917576830987,96.20244044315768
3590,531473.860917163,4149981.1092087375,12.339175768309868,96.3496986537095
3591,531052.8410546896,4153037.7553095305,12.339175768309866,96.49710701748035
3592,530632.2314387469,4156094.0147964284,12.33917576830987,96.64466558909652
3593,530212.0315988769,4159149.88568065,12.339175768309868,96.79237442311586
3594,529792.2410652353,4162205.365975262,12.339175768309868,96.94023357402725
3595,529372.8593685903,4165260.453695208,12.339175768309866,97.08824309625115
3596,528953.8860403248,4168315.146857298,12.339175768309868,97.23640304413894
3597,528535.3206124313,4171369.4434802188,12.339175768309868,97.38471347197363
3598,528117.1626175146,4174423.3415845237,12.339175768309866,97.53317443396907
3599,527699.4115887892,4177476.839192667,12.33917576830987,97.68178598427103
3600,527282.0670600769,4180529.934328951,12.339175768309868,97.83054817695607
3601,526865.1285658104,4183582.625019568,12.339175768309868,97.97946106603176
3602,526448.5956410274,4186634.909292583,12.339175768309868,98.12852470543709
3603,526032.4678213737,4189686.7851779475,12.33917576830987,98.27773914904202
3604,525616.7446430988,4192738.2507074885,12.339175768309868,98.42710445064778
3605,525201.4256430583,4195789.3039149325,12.339175768309866,98.57662066398687
3606,524786.5103587112,4198839.942835878,12.339175768309866,98.7262878427226
3607,524371.9983281195,4201890.165507802,12.339175768309868,98.87610604044923
3608,523957.889089946,4204939.969970085,12.339175768309868,99.02607531069256
3609,523544.18218345667,4207989.354263993,12.339175768309868,99.17619570690907
3610,523130.877148516,4211038.316432665,12.339175768309868,99.32646728248609
3611,522717.9735255892,4214086.8545211665,12.339175768309868,99.47689009074257
3612,522305.4708557395,4217134.966576428,12.339175768309868,99.62746418492793
3613,521893.36868062726,4220182.650647275,12.339175768309868,99.77818961822258
3614,521481.6665425111,4223229.904784432,12.339175768309868,99.9290664437377
3615,521070.3639842439,4226276.727040528,12.339175768309868,100.08009471451594
3616,520659.4605492747,4229323.115470078,12.339175768309868,100.23127448353033
3617,520248.9557816468,4232369.068129519,12.339175768309868,100.38260580368535
3618,519838.84922599647,4235414.583077156,12.339175768309868,100.53408872781559
3619,519429.14042755286,4238459.658373215,12.339175768309868,100.68572330868697
3620,519019.8289321369,4241504.292079831,12.339175768309868,100.83750959899626
3621,518610.91428615927,4244548.482261021,12.339175768309868,100.98944765137077
3622,518202.3960366222,4247592.226982713,12.339175768309868,101.14153751836842
3623,517794.2737311161,4250635.524312774,12.339175768309868,101.29377925247886
3624,517386.54691781977,4253678.372320946,12.339175768309868,101.44617290612167
3625,516979.21514549974,4256720.769078878,12.339175768309868,101.59871853164705
3626,516572.27796350885,4259762.712660155,12.339175768309868,101.75141618133662
3627,516165.73492178536,4262804.201140253,12.339175768309868,101.90426590740223
3628,515759.5855708535,4265845.23259655,12.339175768309868,102.057267761986
3629,515353.82946182025,4268885.805108373,12.339175768309868,102.21042179716173
3630,514948.4661463771,4271925.916756937,12.339175768309868,102.36372806493303
3631,514543.49517679703,4274965.565625389,12.339175768309868,102.51718661723469
3632,514138.9161059342,4278004.74979878,12.339175768309868,102.6707975059318
3633,513734.72848722467,4281043.467364092,12.339175768309868,102.82456078282021
3634,513330.9318746828,4284081.716410209,12.339175768309868,102.97847649962614
3635,512927.5258229045,4287119.495027955,12.339175768309868,103.13254470800634
3636,512524.509887061,4290156.801310071,12.339175768309868,103.28676545954865
3637,512121.8836229023,4293193.633351227,12.339175768309868,103.44113880577123
3638,511719.64658675547,4296229.98924799,12.339175768309868,103.59566479812197
3639,511317.7983355217,4299265.867098878,12.339175768309868,103.75034348798023
3640,510916.3384266782,4302301.265004345,12.339175768309868,103.90517492665586
3641,510515.2664182767,4305336.181066738,12.339175768309868,104.06015916538821
3642,510114.5818689408,4308370.613390369,12.339175768309868,104.21529625534826
3643,509714.28433786664,4311404.560081456,12.339175768309868,104.37058624763677
3644,509314.3733848235,4314438.019248149,12.339175768309868,104.52602919328474
3645,508914.84857014916,4317470.98900055,12.339175768309868,104.68162514325438
3646,508515.70945475344,4320503.467450662,12.339175768309868,104.83737414843719
3647,508116.95560011413,4323535.452712461,12.339175768309868,104.99327625965618
3648,507718.58656827686,4326566.942901837,12.339175768309868,105.14933152766426
3649,507320.6019218563,4329597.936136601,12.339175768309868,105.30554000314406
3650,506923.00122403173,4332628.4305365365,12.339175768309868,105.46190173670978
3651,506525.78403855045,4335658.424223332,12.339175768309868,105.61841677890467
3652,506128.9499297236,4338687.915320645,12.339175768309868,105.77508518020329
3653,505732.49846242584,4341716.901954057,12.339175768309868,105.93190699101017
3654,505336.42920209706,4344745.382251095,12.339175768309868,106.08888226165989
3655,504940.74171473837,4347773.354341217,12.339175768309868,106.24601104241728
3656,504545.4355669127,4350800.816355847,12.339175768309868,106.4032933834779
3657,504150.5103257449,4353827.766428325,12.339175768309868,106.56072933496677
3658,503755.9655589194,4356854.202693979,12.339175768309868,106.71831894694016
3659,503361.8008346796,4359880.123290041,12.339175768309868,106.87606226938365
3660,502968.0157218286,4362905.526355708,12.339175768309868,107.03395935221326
3661,502574.6097897256,4365930.410032134,12.339175768309868,107.19201024527563
3662,502181.5826082892,4368954.772462407,12.339175768309868,107.35021499834679
3663,501788.93374799116,4371978.611791566,12.339175768309868,107.50857366113343
3664,501396.662779861,4375001.92616663,12.339175768309868,107.66708628327271
3665,501004.7692754823,4378024.713736528,12.339175768309868,107.82575291433089
3666,500613.25280699134,4381046.972652173,12.339175768309868,107.98457360380539
3667,500222.11294707935,4384068.701066418,12.339175768309868,108.14354840112294
3668,499831.34926898766,4387089.89713408,12.339175768309868,108.30267735564098
3669,499440.96134650946,4390110.559011917,12.339175768309868,108.4619605166466
3670,499050.94875399035,4393130.684858671,12.339175768309868,108.62139793335723
3671,498661.3110663239,4396150.272835015,12.339175768309868,108.78098965492002
3672,498272.04785895266,4399169.321103597,12.339175768309868,108.94073573041264
3673,497883.1587078687,4402187.82782902,12.339175768309868,109.10063620884235
3674,497494.64318961086,4405205.791177845,12.339175768309868,109.26069113914649
3675,497106.500881264,4408223.209318596,12.339175768309868,109.42090057019266
3676,496718.73136046017,4411240.0804217635,12.339175768309868,109.58126455077817
3677,496331.3342053758,4414256.402659807,12.339175768309868,109.74178312963065
3678,495944.3089947318,4417272.1742071295,12.339175768309868,109.90245635540714
3679,495557.65530779265,4420287.393240116,12.339175768309868,110.06328427669501
3680,495171.3727243648,4423302.057937121,12.339175768309868,110.22426694201198
3681,494785.46082479844,4426316.1664784355,12.339175768309868,110.38540439980437
3682,494399.9191899831,4429329.717046373,12.339175768309868,110.5466966984503
3683,494014.7474013506,4432342.70782516,12.339175768309868,110.70814388625604
3684,493629.9450408709,4435355.137001029,12.339175768309868,110.86974601145894
3685,493245.51169105346,4438367.002762164,12.339175768309868,111.03150312222564
3686,492861.44693494606,4441378.303298722,12.339175768309868,111.19341526665274
3687,492477.7503561331,4444389.036802835,12.339175768309868,111.35548249276682
3688,492094.4215387365,4447399.2014686195,12.339175768309868,111.51770484852457
3689,491711.4600674139,4450408.795492151,12.339175768309868,111.68008238181201
3690,491328.8655273574,4453417.817071476,12.339175768309868,111.8426151404452
3691,490946.637504293,4456426.26440663,12.339175768309868,112.00530317217033
3692,490564.77558448224,4459434.135699609,12.339175768309868,112.16814652466272
3693,490183.2793547169,4462441.429154392,12.339175768309868,112.331145245528
3694,489802.14840232284,4465448.142976951,12.339175768309868,112.49429938230175
3695,489421.3823151558,4468454.275375212,12.339175768309868,112.65760898244888
3696,489040.98068160255,4471459.824559092,12.339175768309868,112.82107409336433
3697,488660.94309057976,4474464.788740481,12.339175768309868,112.9846947623726
3698,488281.2691315321,4477469.166133265,12.339175768309868,113.14847103672845
3699,487901.9583944342,4480472.954953282,12.339175768309868,113.31240296361541
3700,487523.0104697868,4483476.153418394,12.339175768309868,113.47649059014799
3701,487144.42494861706,4486478.759748408,12.339175768309868,113.6407339633696
3702,486766.20142247947,4489480.772165125,12.339175768309868,113.80513313025334
3703,486388.3394834529,4492482.188892347,12.339175768309868,113.96968813770255
3704,486010.83872413996,4495483.008155832,12.339175768309868,114.13439903254981
3705,485633.6987376684,4498483.22818334,12.339175768309868,114.29926586155737
3706,485256.91911768855,4501482.847204623,12.339175768309868,114.46428867141749
3707,484880.4994583717,4504481.863451413,12.339175768309868,114.62946750875219
3708,484504.4393544122,4507480.275157425,12.339175768309868,114.79480242011263
3709,484128.7384010244,4510478.08055837,12.339175768309868,114.96029345198002
3710,483753.39619394264,4513475.277891939,12.339175768309868,115.12594065076502
3711,483378.4123294204,4516471.86539781,12.339175768309868,115.29174406280782
3712,483003.78640422993,4519467.841317683,12.339175768309868,115.45770373437902
3713,482629.51801566134,4522463.203895204,12.339175768309868,115.62381971167764
3714,482255.6067615211,4525457.951376045,12.339175768309868,115.79009204083347
3715,481882.0522401327,4528452.082007848,12.339175768309868,115.95652076790495
3716,481508.85405033454,4531445.594040259,12.339175768309868,116.12310593888077
3717,481136.01179148006,4534438.485724909,12.339175768309868,116.28984759967882
3718,480763.5250634376,4537430.755315439,12.339175768309868,116.4567457961468
3719,480391.3934665871,4540422.401067476,12.339175768309868,116.6238005740622
3720,480019.61660182266,4543413.4212386375,12.339175768309868,116.79101197913161
3721,479648.1940705497,4546403.814088532,12.339175768309868,116.9583800569911
3722,479277.1254746847,4549393.577878783,12.339175768309868,117.12590485320688
3723,478906.41041665385,4552382.710872996,12.339175768309868,117.29358641327443
3724,478536.04849939526,4555371.211336787,12.339175768309868,117.46142478261862
3725,478166.0393263533,4558359.077537759,12.339175768309868,117.62942000659419
3726,477796.38250148273,4561346.307745519,12.339175768309868,117.79757213048497
3727,477427.0776292444,4564332.900231668,12.339175768309868,117.96588119950458
3728,477058.1243146064,4567318.853269816,12.339175768309868,118.13434725879631
3729,476689.5221630433,4570304.1651355615,12.339175768309868,118.30297035343241
3730,476321.2707805347,4573288.834106523,12.339175768309868,118.47175052841536
3731,475953.36977356474,4576272.858462306,12.339175768309868,118.64068782867668
3732,475585.8187491215,4579256.236484512,12.339175768309868,118.80978229907723
3733,475218.6173146963,4582238.966456765,12.339175768309868,118.97903398440788
3734,474851.76507828326,4585221.046664683,12.339175768309868,119.14844292938858
3735,474485.2616483778,4588202.475395873,12.339175768309868,119.31800917866859
3736,474119.1066339759,4591183.250939988,12.339175768309868,119.48773277682774
3737,473753.29964457575,4594163.371588628,12.339175768309868,119.6576137683735
3738,473387.8402901734,4597142.835635449,12.339175768309868,119.82765219774434
3739,473022.728181264,4600121.641376089,12.339175768309868,119.99784810930768
3740,472657.962928842,4603099.787108188,12.339175768309868,120.16820154735991
3741,472293.5441443977,4606077.271131413,12.339175768309868,120.3387125561279
3742,471929.47143992037,4609054.09174742,12.339175768309868,120.50938117976675
3743,471565.74442789325,4612030.247259877,12.339175768309868,120.6802074623618
3744,471202.36272129597,4615005.735974474,12.339175768309868,120.85119144792785
3745,470839.32593360293,4617980.556198888,12.339175768309868,121.02233318040851
3746,470476.63367878186,4620954.706242817,12.339175768309868,121.1936327036773
3747,470114.2855712947,4623928.184417967,12.339175768309868,121.36509006153682
3748,469752.2812260953,4626900.989038062,12.339175768309868,121.53670529771955
3749,469390.6202586292,4629873.11841883,12.339175768309868,121.70847845588715
3750,469029.3022848339,4632844.570878008,12.339175768309868,121.88040957963044
3751,468668.3269211368,4635815.344735341,12.339175768309868,122.0524987124697
3752,468307.69378445455,4638785.438312585,12.339175768309868,122.22474589785476
3753,467947.40249219455,4641754.8499335395,12.339175768309868,122.39715117916505
3754,467587.4526622511,4644723.577923975,12.339175768309868,122.56971459970892
3755,467227.8439130063,4647691.620611698,12.339175768309868,122.74243620272448
3756,466868.57586333033,4650658.9763265215,12.339175768309868,122.91531603137877
3757,466509.6481325784,4653625.643400274,12.339175768309868,123.0883541287687
3758,466151.0603405922,4656591.62016679,12.339175768309868,123.26155053791989
3759,465792.8121076981,4659556.9049619455,12.339175768309868,123.43490530178825
3760,465434.90305470646,4662521.496123604,12.339175768309868,123.60841846325836
3761,465077.33280291193,4665485.391991656,12.339175768309868,123.78209006514425
3762,464720.1009740908,4668448.590908011,12.339175768309868,123.95592015018966
3763,464363.2071905031,4671411.091216579,12.339175768309868,124.12990876106694
3764,464006.65107488877,4674372.891263302,12.339175768309868,124.30405594037855
3765,463650.4322504698,4677333.989396148,12.339175768309868,124.47836173065619
3766,463294.5503409478,4680294.383965076,12.339175768309868,124.6528261743604
3767,462939.00497050415,4683254.073322085,12.339175768309868,124.82744931388153
3768,462583.7957637981,4686213.055821184,12.339175768309868,125.00223119153931
3769,462228.9223459685,4689171.329818394,12.339175768309868,125.17717184958222
3770,461874.3843426303,4692128.89367176,12.339175768309868,125.35227133018853
3771,461520.1813798756,4695085.745741359,12.339175768309868,125.52752967546611
3772,461166.3130842731,4698041.884389274,12.339175768309868,125.7029469274517
3773,460812.7790828663,4700997.307979603,12.339175768309868,125.87852312811134
3774,460459.5790031737,4703952.014878473,12.339175768309868,126.0542583193405
3775,460106.7124731878,4706906.003454035,12.339175768309868,126.23015254296422
3776,459754.1791213737,4709859.272076442,12.339175768309868,126.40620584073646
3777,459401.9785766709,4712811.819117899,12.339175768309868,126.58241825434091
3778,459050.11046848964,4715763.642952612,12.339175768309868,126.75878982539042
3779,458698.5744267118,4718714.741956799,12.339175768309868,126.93532059542676
3780,458347.37008169066,4721665.114508718,12.339175768309868,127.11201060592133
3781,457996.49706424796,4724614.758988656,12.339175768309868,127.28885989827548
3782,457645.95500567654,4727563.673778881,12.339175768309868,127.46586851381824
3783,457295.7435377369,4730511.8572637485,12.339175768309868,127.64303649381007
3784,456945.86229265796,4733459.30782958,12.339175768309868,127.82036387943899
3785,456596.31090313615,4736406.023864745,12.339175768309868,127.99785071182303
3786,456247.0890023344,4739352.003759637,12.339175768309868,128.1754970320096
3787,455898.1962238813,4742297.245906666,12.339175768309868,128.35330288097532
3788,455549.6322018722,4745241.748700265,12.339175768309868,128.5312682996257
3789,455201.3965708653,4748185.510536908,12.339175768309868,128.70939332879664
3790,454853.48896588496,4751128.5298150685,12.339175768309868,128.88767800925189
3791,454505.9090224172,4754070.804935272,12.339175768309868,129.0661223816859
3792,454158.6563764115,4757012.334300042,12.339175768309868,129.2447264867215
3793,453811.7306642802,4759953.116313938,12.339175768309868,129.42349036491086
3794,453465.1315228956,4762893.149383553,12.339175768309868,129.6024140567361
3795,453118.8585895922,4765832.431917494,12.339175768309868,129.781497602608
3796,452772.91150216426,4768770.962326403,12.339175768309868,129.96074104286694
3797,452427.28989886487,4771708.739022946,12.339175768309868,130.14014441778284
3798,452081.9934184072,4774645.760421811,12.339175768309868,130.31970776755432
3799,451737.0216999617,4777582.024939704,12.339175768309868,130.49943113230958
3800,451392.37438315625,4780517.530995377,12.339175768309868,130.67931455210646
3801,451048.05110807694,4783452.277009596,12.339175768309868,130.85935806693155
3802,450704.05151526496,4786386.261405161,12.339175768309868,131.03956171670114
3803,450360.3752457174,4789319.482606892,12.339175768309868,131.21992554126078
3804,450017.02194088686,4792251.939041638,12.339175768309868,131.4004495803851
3805,449673.9912426794,4795183.629138275,12.339175768309868,131.5811338737782
3806,449331.28279345576,4798114.551327707,12.339175768309868,131.76197846107343
3807,448988.89623602945,4801044.704042873,12.339175768309868,131.9429833818336
3808,448646.83121366537,4803974.085718733,12.339175768309868,132.12414867555097
3809,448305.0873700824,4806902.694792276,12.339175768309868,132.30547438164658
3810,447963.66434944817,4809830.5297025135,12.339175768309868,132.48696053947123
3811,447622.5617963831,4812757.588890479,12.339175768309868,132.66860718830432
3812,447281.7793559553,4815683.870799258,12.339175768309868,132.8504143673558
3813,446941.316673684,4818609.373873962,12.339175768309868,133.03238211576436
3814,446601.1733955363,4821534.096561697,12.339175768309868,133.21451047259728
3815,446261.34916792717,4824458.037311641,12.339175768309868,133.39679947685238
3816,445921.8436377186,4827381.1945749745,12.339175768309868,133.57924916745623
3817,445582.65645222034,4830303.566804898,12.339175768309868,133.76185958326414
3818,445243.7872591875,4833225.152456672,12.339175768309868,133.94463076306187
3819,444905.2357068208,4836145.949987575,12.339175768309868,134.12756274556412
3820,444567.001443766,4839065.957856897,12.339175768309868,134.3106555694144
3821,444229.0841191128,4841985.1745259715,12.339175768309868,134.49390927318606
3822,443891.483382395,4844903.598458159,12.339175768309868,134.6773238953816
3823,443554.19888358866,4847821.228118849,12.339175768309868,134.86089947443296
3824,443217.23027311254,4850738.061975463,12.339175768309868,135.0446360487015
3825,442880.5772018275,4853654.098497458,12.339175768309868,135.22853365647794
3826,442544.2393210344,4856569.336156296,12.339175768309868,135.41259233598203
3827,442208.21628247615,4859483.773425499,12.339175768309868,135.59681212536324
3828,441872.50773833453,4862397.408780595,12.339175768309868,135.78119306270003
3829,441537.11334123026,4865310.240699149,12.339175768309868,135.96573518600047
3830,441202.03274422354,4868222.267660757,12.339175768309868,136.15043853320185
3831,440867.2656008125,4871133.488147055,12.339175768309868,136.33530314217117
3832,440532.81156493165,4874043.900641697,12.339175768309868,136.52032905070467
3833,440198.6702909535,4876953.503630353,12.339175768309868,136.70551629652724
3834,439864.8414336861,4879862.295600755,12.339175768309868,136.8908649172943
3835,439531.32464837295,4882770.275042633,12.339175768309868,137.07637495058975
3836,439198.11959069315,4885677.440447768,12.339175768309868,137.2620464339273
3837,438865.2259167595,4888583.790309975,12.339175768309868,137.4478794047503
3838,438532.6432831188,4891489.323125071,12.339175768309868,137.63387390043067
3839,438200.3713467508,4894394.03739092,12.339175768309868,137.82002995827025
3840,437868.4097650675,4897297.931607431,12.339175768309868,138.0063476155008
3841,437536.75819591375,4900201.0042765,12.339175768309868,138.19282690928196
3842,437205.41629756446,4903103.253902103,12.339175768309868,138.3794678767046
3843,436874.38372872677,4906004.678990213,12.339175768309868,138.56627055478765
3844,436543.66014853615,4908905.27804884,12.339175768309868,138.75323498048007
3845,436213.2452165581,4911805.049588026,12.339175768309868,138.9403611906602
3846,435883.13859278825,4914703.992119839,12.339175768309868,139.12764922213546
3847,435553.3399376487,4917602.104158378,12.339175768309868,139.31509911164304
3848,435223.84891199006,4920499.3842197815,12.339175768309868,139.5027108958498
3849,434894.6651770904,4923395.830822189,12.339175768309868,139.690484611351
3850,434565.7883946537,4926291.442485812,12.339175768309868,139.8784202946728
3851,434237.21822680923,4929186.217732856,12.339175768309868,140.0665179822699
3852,433908.9543361132,4932080.155087556,12.339175768309868,140.254777710526
3853,433580.9963855446,4934973.253076198,12.339175768309868,140.4431995157556
3854,433253.3440385085,4937865.510227086,12.339175768309868,140.63178343420148
3855,432925.99695883156,4940756.925070548,12.339175768309868,140.82052950203646
3856,432598.954810764,4943647.496138956,12.339175768309868,141.00943775536308
3857,432272.2172589795,4946537.221966695,12.339175768309868,141.19850823021255
3858,431945.7839685712,4949426.101090178,12.339175768309868,141.38774096254625
3859,431619.6546050557,4952314.1320478525,12.339175768309868,141.57713598825444
3860,431293.8288343683,4955201.313380202,12.339175768309868,141.76669334315767
3861,430968.3063228651,4958087.643629728,12.339175768309868,141.95641306300547
3862,430643.0867373218,4960973.121340961,12.339175768309868,142.14629518347684
3863,430318.16974493215,4963857.745060466,12.339175768309868,142.33633974018062
3864,429993.555013308,4966741.513336828,12.339175768309868,142.526546768655
3865,429669.24221047986,4969624.424720654,12.339175768309868,142.71691630436726
3866,429345.2310048946,4972506.477764609,12.339175768309868,142.90744838271524
3867,429021.52106541453,4975387.671023343,12.339175768309868,143.09814303902533
3868,428698.1120613198,4978268.003053571,12.339175768309868,143.28900030855402
3869,428375.003662304,4981147.4724140195,12.339175768309868,143.48002022648745
3870,428052.1955384768,4984026.077665421,12.339175768309868,143.67120282794025
3871,427729.68736036116,4986903.817370569,12.339175768309868,143.86254814795782
3872,427407.47879889334,4989780.690094283,12.339175768309868,144.05405622151525
3873,427085.5695254232,4992656.694403378,12.339175768309868,144.24572708351604
3874,426763.95921171235,4995531.828866721,12.339175768309868,144.4375607687942
3875,426442.64752993535,4998406.0920552,12.339175768309868,144.6295573121129
3876,426121.6341526764,5001279.48254173,12.339175768309868,144.82171674816533
3877,425800.91875293053,5004151.998901228,12.339175768309868,145.01403911157354
3878,425480.5010041048,5007023.639710693,12.339175768309868,145.20652443689028
3879,425160.3805800134,5009894.403549094,12.339175768309868,145.39917275859693
3880,424840.55715487996,5012764.288997448,12.339175768309868,145.59198411110518
3881,424521.0304033377,5015633.294638801,12.339175768309868,145.78495852875585
3882,424201.80000042653,5018501.419058215,12.339175768309868,145.97809604581957
3883,423882.8656215929,5021368.66084277,12.339175768309868,146.17139669649674
3884,423564.2269426917,5024235.018581603,12.339175768309868,146.36486051491764
3885,423245.8836399824,5027100.490865844,12.339175768309868,146.55848753514186
3886,422927.8353901311,5029965.076288645,12.339175768309868,146.7522777911582
3887,422610.08187020797,5032828.773445211,12.339175768309868,146.9462313168863
3888,422292.62275768706,5035691.580932746,12.339175768309868,147.14034814617483
3889,421975.45773044793,5038553.497350469,12.339175768309868,147.33462831280156
3890,421658.5864667718,5041414.521299657,12.339175768309868,147.52907185047528
3891,421342.00864534365,5044274.65138359,12.339175768309868,147.72367879283368
3892,421025.72394524975,5047133.88620757,12.339175768309868,147.91844917344443
3893,420709.73204597813,5049992.224378915,12.339175768309868,148.11338302580452
3894,420394.0326274183,5052849.664506978,12.339175768309868,148.30848038334116
3895,420078.6253698595,5055706.205203124,12.339175768309868,148.50374127941097
3896,419763.5099539913,5058561.8450807575,12.339175768309868,148.69916574730092
3897,419448.6860609026,5061416.582755283,12.339175768309868,148.89475382022692
3898,419134.15337208076,5064270.4168441435,12.339175768309868,149.09050553133534
3899,418819.91156941105,5067123.345966782,12.339175768309868,149.28642091370196
3900,418505.9603351778,5069975.36874469,12.339175768309868,149.4825000003325
3901,418192.2993520605,5072826.483801344,12.339175768309868,149.67874282416216
3902,417878.92830313643,5075676.6897622775,12.339175768309868,149.87514941805662
3903,417565.84687187895,5078525.985255026,12.339175768309868,150.07171981481082
3904,417253.05474215583,5081374.368909146,12.339175768309868,150.26845404714993
3905,416940.55159823096,5084221.839356198,12.339175768309868,150.4653521477281
3906,416628.33712476114,5087068.395229798,12.339175768309868,150.6624141491309
3907,416316.4110067986,5089914.035165542,12.339175768309868,150.859640083872
3908,416004.77292978734,5092758.757801062,12.339175768309868,151.057029984396
3909,415693.4225795649,5095602.561776026,12.339175768309868,151.25458388307763
3910,415382.359642361,5098445.445732088,12.339175768309868,151.4523018122205
3911,415071.5838047961,5101287.408312923,12.339175768309868,151.65018380405866
3912,414761.0947538824,5104128.448164254,12.339175768309868,151.8482298907566
3913,414450.8921770228,5106968.563933778,12.339175768309868,152.0464401044074
3914,414140.9757620097,5109807.7542712465,12.339175768309868,152.24481447703553
3915,413831.3451970248,5112646.017828402,12.339175768309868,152.44335304059445
3916,413522.00017063913,5115483.35325901,12.339175768309868,152.6420558269678
3917,413212.940371812,5118319.759218855,12.339175768309868,152.84092286796925
3918,412904.16548989,5121155.23436573,12.339175768309866,153.03995419534243
3919,412595.67521460756,5123989.777359456,12.339175768309868,153.23914984076117
3920,412287.4692360854,5126823.386861857,12.339175768309868,153.43850983582902
3921,411979.5472448312,5129656.061536755,12.339175768309868,153.6380342120789
3922,411671.9089317369,5132487.8000500295,12.339175768309868,153.83772300097547
3923,411364.55398808105,5135318.601069536,12.339175768309868,154.03757623391175
3924,411057.48210552556,5138148.463265132,12.339175768309868,154.23759394221096
3925,410750.6929761168,5140977.385308752,12.339175768309868,154.4377761571281
3926,410444.1862922852,5143805.365874273,12.339175768309868,154.63812290984595
3927,410137.9617468435,5146632.403637609,12.339175768309868,154.83863423147838
3928,409832.0190329866,5149458.497276707,12.339175768309868,155.03931015306998
3929,409526.3578442923,5152283.645471493,12.339175768309868,155.2401507055943
3930,409220.977874719,5155107.846903903,12.339175768309868,155.44115591995512
3931,408915.8788186059,5157931.100257914,12.339175768309868,155.64232582698727
3932,408611.0603706735,5160753.4042194905,12.339175768309868,155.8436604574548
3933,408306.5222260206,5163574.757476607,12.339175768309868,156.0451598420523
3934,408002.2640801266,5166395.158719261,12.339175768309868,156.24682401140453
3935,407698.28562884865,5169214.606639436,12.339175768309868,156.44865299606604
3936,407394.58656842244,5172033.09993114,12.339175768309868,156.650646826522
3937,407091.16659546195,5174850.637290379,12.339175768309868,156.85280553318725
3938,406788.025406957,5177667.217415189,12.339175768309868,157.05512914640786
3939,406485.16270027583,5180482.83900558,12.339175768309868,157.25761769645862
3940,406182.57817316125,5183297.50076358,12.339175768309868,157.46027121354538
3941,405880.2715237318,5186111.201393245,12.339175768309868,157.6630897278048
3942,405578.24245048204,5188923.939600601,12.339175768309868,157.86607326930246
3943,405276.4906522806,5191735.714093702,12.339175768309868,158.06922186803496
3944,404975.0158283695,5194546.523582615,12.339175768309868,158.27253555392974
3945,404673.8176783654,5197356.366779382,12.339175768309868,158.47601435684317
3946,404372.89590225706,5200165.242398065,12.339175768309868,158.67965830656271
3947,404072.25020040607,5202973.149154741,12.339175768309868,158.8834674328065
3948,403771.88027354603,5205780.085767459,12.33917576830987,159.0874417652219
3949,403471.78582278185,5208586.050956301,12.339175768309868,159.29158133338757
3950,403171.96654959,5211391.043443342,12.339175768309868,159.49588616681206
3951,402872.422155816,5214195.061952651,12.339175768309868,159.70035629493458
3952,402573.1523436763,5216998.105210299,12.339175768309868,159.9049917471244
3953,402274.1568157566,5219800.171944366,12.339175768309868,160.10979255268137
3954,401975.4352750112,5222601.260884919,12.339175768309868,160.31475874083552
3955,401676.9874247635,5225401.3707640385,12.339175768309868,160.51989034074737
3956,401378.81296870386,5228200.500315803,12.33917576830987,160.72518738150828
3957,401080.91161088995,5230998.648276282,12.339175768309868,160.93064989213974
3958,400783.2830557475,5233795.81338353,12.339175768309868,161.13627790159288
3959,400485.92700806714,5236591.994377638,12.339175768309868,161.34207143875102
3960,400188.84317300597,5239387.190000653,12.339175768309868,161.54803053242645
3961,399892.0312560867,5242181.398996651,12.339175768309868,161.75415521136281
3962,399595.4909631963,5244974.620111669,12.339175768309868,161.96044550423343
3963,399299.2220005862,5247766.85209379,12.339175768309868,162.16690143964362
3964,399003.2240748721,5250558.093693038,12.339175768309868,162.37352304612745
3965,398707.496893032,5253348.343661457,12.339175768309868,162.58031035215052
3966,398412.0401624079,5256137.60075308,12.339175768309868,162.78726338610858
3967,398116.8535907034,5258925.86372396,12.339175768309868,162.99438217632903
3968,397821.9368859834,5261713.131332093,12.339175768309868,163.20166675106833
3969,397527.28975667566,5264499.402337514,12.339175768309868,163.40911713851457
3970,397232.9119115671,5267284.675502228,12.339175768309868,163.61673336678632
3971,396938.80305980594,5270068.949590209,12.33917576830987,163.8245154639318
3972,396644.9629108997,5272852.223367468,12.339175768309866,164.0324634579313
3973,396351.3911747154,5275634.4956019875,12.339175768309868,164.24057737669534
3974,396058.08756147925,5278415.765063719,12.339175768309868,164.44885724806426
3975,395765.0517817749,5281196.030524636,12.339175768309868,164.65730309981035
3976,395472.2835465445,5283975.290758684,12.339175768309868,164.86591495963597
3977,395179.78256708744,5286753.544541782,12.339175768309868,165.07469285517362
3978,394887.5485550595,5289530.790651862,12.339175768309868,165.2836368139877
3979,394595.5812224732,5292307.027868846,12.339175768309868,165.49274686357322
3980,394303.8802816971,5295082.254974611,12.339175768309868,165.7020230313547
3981,394012.4454454545,5297856.4707530355,12.339175768309868,165.91146534468848
3982,393721.27642682433,5300629.673990003,12.339175768309868,166.12107383086192
3983,393430.37293923926,5303401.863473343,12.339175768309868,166.33084851709214
3984,393139.73469648545,5306173.037992905,12.339175768309868,166.54078943052846
3985,392849.36141270417,5308943.196340506,12.339175768309868,166.75089659824985
3986,392559.2528023877,5311712.337309941,12.339175768309868,166.96117004726665
3987,392269.408580382,5314480.459696993,12.339175768309868,167.17160980451996
3988,391979.8284618843,5317247.562299431,12.339175768309868,167.38221589688195
3989,391690.5121624431,5320013.643916997,12.339175768309868,167.5929883511556
3990,391401.4593979589,5322778.703351411,12.339175768309868,167.80392719407436
3991,391112.6698846817,5325542.739406391,12.339175768309868,168.0150324523036
3992,390824.1433392117,5328305.750887621,12.339175768309868,168.226304152439
3993,390535.8794784993,5331067.736602743,12.339175768309868,168.43774232100645
3994,390247.878019843,5333828.695361427,12.339175768309868,168.6493469844647
3995,389960.1386808902,5336588.625975281,12.339175768309868,168.86111816920211
3996,389672.6611796363,5339347.527257873,12.339175768309866,169.07305590153754
3997,389385.4452344247,5342105.398024821,12.339175768309868,169.28516020772318
3998,389098.4905639458,5344862.237093648,12.339175768309868,169.49743111393994
3999,388811.7968872363,5347618.043283868,12.339175768309868,169.7098686463005
4000,388525.3639236787,5350372.815416992,12.339175768309868,169.92247283084944
4001,388239.1913930026,5353126.552316478,12.339175768309868,170.13524369356116
4002,387953.27901528135,5355879.252807772,12.339175768309868,170.3481812603421
4003,387667.62651093386,5358630.915718296,12.339175768309868,170.56128555702966
4004,387382.23360072315,5361381.539877426,12.339175768309868,170.77455660939194
4005,387097.10000575555,5364131.124116517,12.339175768309868,170.9879944431285
4006,386812.2254474816,5366879.667268908,12.339175768309866,171.20159908387038
4007,386527.6096476938,5369627.168169879,12.339175768309868,171.4153705571791
4008,386243.2523285273,5372373.62565672,12.339175768309868,171.6293088885486
4009,385959.15321245964,5375119.038568633,12.339175768309868,171.84341410340207
4010,385675.3120223093,5377863.405746847,12.339175768309868,172.0576862270961
4011,385391.72848123533,5380606.726034529,12.339175768309868,172.27212528491768
4012,385108.4023127384,5383348.998276787,12.339175768309868,172.48673130208388
4013,384825.333240658,5386090.22132075,12.339175768309868,172.70150430374537
4014,384542.5209891742,5388830.394015476,12.339175768309868,172.91644431498239
4015,384259.9652828056,5391569.515211982,12.339175768309868,173.13155136080672
4016,383977.6658464089,5394307.583763285,12.339175768309868,173.3468254661629
4017,383695.62240518053,5397044.598524322,12.339175768309868,173.5622666559248
4018,383413.8346846527,5399780.558352011,12.339175768309868,173.77787495489895
4019,383132.30241069663,5402515.462105237,12.339175768309868,173.99365038782275
4020,382851.02530951914,5405249.30864485,12.339175768309868,174.20959297936577
4021,382570.00310766324,5407982.096833633,12.339175768309868,174.42570275412817
4022,382289.23553200904,5410713.825536363,12.339175768309868,174.64197973664199
4023,382008.7223097708,5413444.49361975,12.339175768309868,174.8584239513706
4024,381728.4631684979,5416174.099952465,12.339175768309868,175.0750354227088
4025,381448.45783607475,5418902.643405148,12.339175768309868,175.2918141749831
4026,381168.70604071935,5421630.122850395,12.339175768309868,175.5087602324516
4027,380889.2075109831,5424356.537162742,12.339175768309868,175.7258736193036
4028,380609.9619757511,5427081.8852186985,12.339175768309868,175.94315435966027
4029,380330.96916424035,5429806.165896725,12.339175768309868,176.16060247757446
4030,380052.2288060004,5432529.378077211,12.339175768309868,176.37821799702982
4031,379773.74063091236,5435251.5206425255,12.339175768309868,176.59600094194246
4032,379495.50436918886,5437972.592477005,12.339175768309868,176.8139513361605
4033,379217.5197513732,5440692.592466893,12.339175768309868,177.0320692034624
4034,378939.786508339,5443411.5195004055,12.339175768309868,177.25035456755901
4035,378662.30437128973,5446129.372467724,12.339175768309868,177.4688074520933
4036,378385.07307175867,5448846.150260951,12.339175768309868,177.687427880639
4037,378108.0923416071,5451561.851774143,12.339175768309868,177.90621587670213
4038,377831.3619130262,5454276.475903338,12.339175768309868,178.125171463721
4039,377554.8815185347,5456990.021546479,12.339175768309868,178.3442946650645
4040,377278.650890978,5459702.487603472,12.339175768309868,178.56358550403434
4041,377002.66976353066,5462413.872976175,12.339175768309868,178.78304400386335
4042,376726.93786969245,5465124.176568376,12.339175768309868,179.00267018771652
4043,376451.45494328934,5467833.3972857995,12.339175768309868,179.22246407869028
4044,376176.22071847465,5470541.534036155,12.339175768309868,179.44242569981373
4045,375901.2349297259,5473248.585729066,12.339175768309868,179.66255507404753
4046,375626.4973118456,5475954.551276071,12.339175768309868,179.8828522242832
4047,375352.0075999613,5478659.429590708,12.339175768309868,180.10331717334603
4048,375077.76552952395,5481363.219588411,12.339175768309868,180.3239499439921
4049,374803.77083630906,5484065.920186558,12.339175768309868,180.54475055890907
4050,374530.0232564144,5486767.530304481,12.339175768309868,180.7657190407176
4051,374256.52252626145,5489468.048863452,12.339175768309868,180.98685541196997
4052,373983.2683825932,5492167.474786663,12.339175768309868,181.20815969515027
4053,373710.2605624744,5494865.806999242,12.339175768309868,181.42963191267475
4054,373437.49880329205,5497563.044428274,12.339175768309868,181.65127208689194
4055,373164.98284275335,5500259.186002749,12.339175768309868,181.87308024008195
4056,372892.71241888637,5502954.230653618,12.339175768309866,182.09505639445766
4057,372620.6872700399,5505648.177313753,12.339175768309868,182.31720057216344
4058,372348.90713488124,5508341.024917957,12.339175768309868,182.5395127952763
4059,372077.37175239733,5511032.772402961,12.339175768309868,182.76199308580507
4060,371806.08086189453,5513723.418707439,12.339175768309868,182.98464146569097
4061,371535.03420299647,5516412.9627719745,12.339175768309868,183.20745795680716
4062,371264.2315156462,5519101.403539093,12.339175768309868,183.43044258095887
4063,370993.6725401029,5521788.739953261,12.339175768309868,183.6535953598845
4064,370723.35701694305,5524474.970960857,12.339175768309868,183.87691631525428
4065,370453.28468706063,5527160.09551017,12.339175768309868,184.10040546866958
4066,370183.4552916645,5529844.112551455,12.339175768309868,184.3240628416662
4067,369913.8685722807,5532527.021036839,12.339175768309866,184.54788845570977
4068,369644.52427074953,5535208.819920424,12.33917576830987,184.77188233220048
4069,369375.4221292263,5537889.508158217,12.339175768309868,184.99604449247022
4070,369106.5618901818,5540569.084708133,12.339175768309868,185.22037495778238
4071,368837.9432963993,5543247.548530014,12.339175768309868,185.4448737493336
4072,368569.56609097676,5545924.898585646,12.339175768309866,185.66954088825327
4073,368301.4300173254,5548601.1338386955,12.339175768309868,185.89437639560182
4074,368033.5348191686,5551276.2532547815,12.33917576830987,186.11938029237368
4075,367765.88024054194,5553950.255801423,12.339175768309868,186.34455259949522
4076,367498.46602579416,5556623.140448069,12.339175768309868,186.5698933378249
4077,367231.2919195839,5559294.906166066,12.339175768309868,186.79540252815428
4078,366964.3576668821,5561965.551928696,12.339175768309868,187.02108019120715
4079,366697.66301296954,5564635.076711133,12.339175768309868,187.24692634763977
4080,366431.2077034374,5567303.479490504,12.339175768309868,187.47294101804204
4081,366164.9914841871,5569970.759245791,12.339175768309868,187.69912422293447
4082,365899.0141014288,5572636.914957951,12.339175768309868,187.92547598277253
4083,365633.27530168206,5575301.945609796,12.339175768309868,188.15199631794223
4084,365367.77483177476,5577965.850186079,12.339175768309868,188.3786852487636
4085,365102.5124388423,5580628.627673465,12.339175768309868,188.60554279548938
4086,364837.48787032947,5583290.277060518,12.339175768309868,188.83256897830427
4087,364572.7008739866,5585950.797337703,12.339175768309868,189.0597638173261
4088,364308.15119787137,5588610.187497413,12.339175768309868,189.28712733260593
4089,364043.8385903482,5591268.44653392,12.33917576830987,189.51465954412686
4090,363779.7628000874,5593925.573443409,12.339175768309868,189.74236047180472
4091,363515.9235760648,5596581.567223989,12.339175768309868,189.97023013548915
4092,363252.32066756143,5599236.426875658,12.33917576830987,190.1982685549621
4093,362988.95382416266,5601890.151400304,12.339175768309868,190.42647574993816
4094,362725.8227957594,5604542.739801736,12.339175768309868,190.6548517400649
4095,362462.9273325454,5607194.191085653,12.339175768309868,190.88339654492322
4096,362200.2671850179,5609844.504259651,12.339175768309868,191.11211018402645
4097,361937.842103978,5612493.678333234,12.339175768309868,191.34099267682132
4098,361675.651840529,5615141.712317807,12.339175768309868,191.57004404268753
4099,361413.69614607666,5617788.605226644,12.339175768309868,191.799264300937
4100,361151.97477232874,5620434.356074953,12.339175768309868,192.02865347081587
4101,360890.4874712937,5623078.963879821,12.339175768309868,192.258211571503
4102,360629.233995282,5625722.427660202,12.339175768309866,192.48793862210925
4103,360368.2140969048,5628364.746436991,12.339175768309868,192.71783464168
4104,360107.4275290723,5631005.919232955,12.339175768309868,192.94789964919363
4105,359846.8740449958,5633645.945072737,12.339175768309868,193.1781336635606
4106,359586.55339818535,5636284.822982876,12.339175768309866,193.40853670362506
4107,359326.46534245013,5638922.5519918315,12.339175768309868,193.63910878816537
4108,359066.6096318984,5641559.131129904,12.339175768309868,193.8698499358912
4109,358806.98602093593,5644194.559429316,12.339175768309868,194.10076016544707
4110,358547.5942642667,5646828.835924173,12.33917576830987,194.33183949541032
4111,358288.43411689205,5649461.959650452,12.33917576830987,194.5630879442912
4112,358029.50533410994,5652093.929646012,12.339175768309868,194.79450553053329
4113,357770.80767151545,5654724.7449506195,12.339175768309868,195.02609227251415
4114,357512.3408849994,5657354.404605894,12.339175768309868,195.25784818854385
4115,357254.1047307491,5659982.907655367,12.339175768309868,195.48977329686645
4116,356996.0989652464,5662610.253144439,12.339175768309868,195.72186761565962
4117,356738.3233452685,5665236.440120385,12.339175768309868,195.95413116303382
4118,356480.7776278872,5667861.467632349,12.33917576830987,196.1865639570328
4119,356223.4615704688,5670485.334731381,12.339175768309868,196.41916601563457
4120,355966.37493067235,5673108.040470386,12.339175768309868,196.6519373567503
4121,355709.5174664516,5675729.583904159,12.339175768309868,196.88487799822454
4122,355452.8889360527,5678349.964089354,12.339175768309868,197.1179879578352
4123,355196.48909801384,5680969.180084531,12.339175768309868,197.35126725329502
4124,354940.31771116646,5683587.23095008,12.339175768309868,197.58471590224838
4125,354684.374534633,5686204.115748284,12.339175768309868,197.8183339222744
4126,354428.6593278277,5688819.833543305,12.339175768309868,198.05212133088585
4127,354173.1718504557,5691434.38340118,12.339175768309868,198.28607814552936
4128,353917.9118625125,5694047.764389785,12.339175768309868,198.52020438358443
4129,353662.87912428455,5696659.975578899,12.339175768309868,198.75450006236508
4130,353408.0733963472,5699271.016040141,12.339175768309866,198.98896519911855
4131,353153.49443956616,5701880.884847018,12.33917576830987,199.2235998110261
4132,352899.1420150952,5704489.581074873,12.339175768309868,199.45840391520224
4133,352645.01588437747,5707097.103800966,12.339175768309866,199.6933775286969
4134,352391.1158091444,5709703.452104357,12.339175768309868,199.92852066849144
4135,352137.441551415,5712308.625066018,12.339175768309868,200.163833351503
4136,351883.9928734954,5714912.621768763,12.339175768309868,200.3993155945823
4137,351630.76953797974,5717515.441297248,12.339175768309868,200.6349674145125
4138,351377.7713077482,5720117.082738027,12.339175768309868,200.8707888280126
4139,351124.9979459676,5722717.545179498,12.33917576830987,201.10677985173498
4140,350872.44921609043,5725316.827711887,12.339175768309868,201.34294050226484
4141,350620.12488185475,5727914.929427328,12.339175768309868,201.57927079612344
4142,350368.02470728423,5730511.849419772,12.339175768309868,201.81577074976425
4143,350116.1484566869,5733107.586785029,12.339175768309868,202.0524403795754
4144,349864.49589465465,5735702.140620775,12.339175768309868,202.2892797018796
4145,349613.0667860647,5738295.510026546,12.339175768309868,202.5262887329334
4146,349361.8608960768,5740887.694103698,12.339175768309868,202.76346748892692
4147,349110.8779901346,5743478.6919554705,12.339175768309868,203.00081598598507
4148,348860.11783396424,5746068.502686934,12.339175768309868,203.23833424016675
4149,348609.5801935739,5748657.125405003,12.339175768309866,203.47602226746503
4150,348359.264835255,5751244.5592184495,12.339175768309868,203.71388008380688
4151,348109.17152557994,5753830.803237908,12.339175768309866,203.95190770505457
4152,347859.3000314021,5756415.856575828,12.339175768309868,204.19010514700386
4153,347609.6501198566,5758999.718346504,12.339175768309868,204.42847242538414
4154,347360.221558359,5761582.387666107,12.339175768309868,204.66700955586066
4155,347111.01411460404,5764163.86365262,12.339175768309868,204.9057165540324
4156,346862.02755656786,5766744.145425861,12.33917576830987,205.14459343543157
4157,346613.26165250485,5769323.232107533,12.339175768309868,205.38364021552718
4158,346364.71617094905,5771901.122821127,12.339175768309868,205.6228569097204
4159,346116.3908807132,5774477.816691995,12.339175768309868,205.86224353334765
4160,345868.28555088735,5777053.3128473405,12.339175768309868,206.10180010168114
4161,345620.3999508412,5779627.610416172,12.339175768309868,206.34152662992517
4162,345372.73385022033,5782200.70852934,12.33917576830987,206.58142313322014
4163,345125.287018949,5784772.60631956,12.339175768309868,206.82148962664093
4164,344878.05922722694,5787343.302921342,12.339175768309868,207.06172612519666
4165,344631.05024553096,5789912.797471043,12.339175768309868,207.3021326438311
4166,344384.25984461437,5792481.089106861,12.339175768309868,207.5427091974229
4167,344137.6877955053,5795048.176968807,12.339175768309866,207.78345580078516
4168,343891.3338695073,5797614.060198717,12.339175768309868,208.02437246866552
4169,343645.1978382002,5800178.737940275,12.33917576830987,208.26545921574635
4170,343399.27947343636,5802742.20933899,12.339175768309868,208.50671605664573
4171,343153.57854734355,5805304.473542175,12.339175768309868,208.74814300591538
4172,342908.0948323237,5807865.5296989735,12.33917576830987,208.9897400780415
4173,342662.82810105116,5810425.376960384,12.339175768309868,209.23150728744704
4174,342417.7781264743,5812984.01447917,12.33917576830987,209.47344464848723
4175,342172.94468181377,5815541.441409969,12.339175768309866,209.71555217545423
4176,341928.3275405626,5818097.656909225,12.339175768309868,209.95782988257469
4177,341683.92647648597,5820652.660135175,12.339175768309868,210.20027778400922
4178,341439.7412636205,5823206.450247895,12.339175768309868,210.44289589385403
4179,341195.77167627454,5825759.026409287,12.339175768309868,210.68568422614064
4180,340952.0174890268,5828310.387783045,12.339175768309868,210.9286427948349
4181,340708.4784767265,5830860.5335346935,12.33917576830987,211.17177161383836
4182,340465.15441449394,5833409.462831576,12.339175768309868,211.41507069698713
4183,340222.0450777181,5835957.174842841,12.339175768309868,211.65854005805298
4184,339979.1502420579,5838503.668739432,12.339175768309868,211.90217971074185
4185,339736.46968344157,5841048.943694121,12.339175768309868,212.14598966869545
4186,339494.0031780658,5843592.998881497,12.339175768309868,212.3899699454908
4187,339251.7505023957,5846135.833477943,12.33917576830987,212.63412055464002
4188,339009.71143316425,5848677.446661653,12.33917576830987,212.87844150959017
4189,338767.8857473723,5851217.83761263,12.339175768309868,213.122932823724
4190,338526.27322228806,5853757.005512661,12.339175768309868,213.36759451035843
4191,338284.8736354462,5856294.949545364,12.33917576830987,213.61242658274708
4192,338043.6867646484,5858831.668896166,12.33917576830987,213.8574290540788
4193,337802.7123879628,5861367.162752262,12.339175768309868,214.10260193747658
4194,337561.95028372225,5863901.430302669,12.339175768309868,214.347945246
4195,337321.4002305267,5866434.470738199,12.339175768309868,214.59345899264318
4196,337081.0620072398,5868966.283251468,12.339175768309868,214.83914319033667
4197,336840.9353929907,5871496.867036867,12.33917576830987,215.08499785194522
4198,336601.02016717306,5874026.221290627,12.339175768309868,215.33102299027058
4199,336361.3161094445,5876554.345210728,12.339175768309868,215.57721861804862
4200,336121.8229997259,5879081.237996967,12.339175768309868,215.82358474795166
4201,335882.54061820224,5881606.898850934,12.339175768309868,216.07012139258728
4202,335643.46874532115,5884131.326975999,12.339175768309866,216.31682856449845
4203,335404.60716179246,5886654.52157732,12.339175768309868,216.563706276164
4204,335165.95564858953,5889176.481861885,12.339175768309868,216.81075453999898
4205,334927.51398694626,5891697.20703842,12.339175768309868,217.05797336835343
4206,334689.2819583596,5894216.6963174455,12.339175768309868,217.3053627735123
4207,334451.25934458623,5896734.948911302,12.339175768309868,217.5529227676985
4208,334213.4459276447,5899251.964034084,12.339175768309868,217.80065336306907
4209,333975.84148981416,5901767.740901667,12.339175768309868,218.0485545717166
4210,333738.44581363344,5904282.278731731,12.339175768309868,218.29662640567082
4211,333501.2586819018,5906795.576743728,12.339175768309868,218.54486887689637
4212,333264.27987767756,5909307.634158893,12.339175768309868,218.79328199729434
4213,333027.5091842781,5911818.450200219,12.339175768309868,219.04186577870095
4214,332790.94638528035,5914328.024092509,12.339175768309868,219.2906202328891
4215,332554.5912645189,5916836.355062317,12.339175768309868,219.5395453715672
4216,332318.4436060868,5919343.442337996,12.339175768309868,219.78864120638028
4217,332082.503194335,5921849.285149662,12.339175768309868,220.03790774890888
4218,331846.7698138718,5924353.882729198,12.339175768309868,220.28734501066947
4219,331611.2432495622,5926857.234310256,12.339175768309868,220.53695300311475
4220,331375.9232865288,5929359.339128285,12.33917576830987,220.7867317376338
4221,331140.8097101495,5931860.19642048,12.339175768309868,221.03668122555175
4222,330905.90230605943,5934359.805425801,12.33917576830987,221.28680147812898
4223,330671.2008601485,5936858.165385015,12.339175768309868,221.5370925065641
4224,330436.7051585623,5939355.275540612,12.339175768309868,221.78755432199023
4225,330202.41498770163,5941851.1351368455,12.339175768309868,222.0381869354764
4226,329968.33013422176,5944345.743419786,12.339175768309868,222.28899035803016
4227,329734.4503850326,5946839.099637199,12.339175768309868,222.53996460059258
4228,329500.7755272975,5949331.203038663,12.339175768309868,222.79110967404327
4229,329267.305348434,5951822.052875502,12.339175768309868,223.04242558919756
4230,329034.03963611304,5954311.648400792,12.339175768309868,223.29391235680657
4231,328800.97817825805,5956799.988869355,12.339175768309868,223.54556998755774
4232,328568.12076304527,5959287.07353782,12.339175768309868,223.79739849207692
4233,328335.46717890364,5961772.90166451,12.339175768309868,224.04939788092366
4234,328103.0172145138,5964257.472509553,12.339175768309868,224.30156816459615
4235,327870.77065880777,5966740.785334797,12.339175768309866,224.55390935352804
4236,327638.7273009696,5969222.839403868,12.339175768309868,224.80642145809014
4237,327406.88693043345,5971703.633982118,12.339175768309868,225.0591044885892
4238,327175.24933688494,5974183.168336671,12.339175768309868,225.3119584552691
4239,326943.8143102591,5976661.441736388,12.339175768309866,225.56498336831038
4240,326712.5816407417,5979138.453451887,12.339175768309868,225.81817923783026
4241,326481.55111876805,5981614.20275552,12.339175768309868,226.0715460738821
4242,326250.72253502207,5984088.688921403,12.339175768309868,226.3250838864572
4243,326020.0956804375,5986561.911225375,12.339175768309868,226.57879268548228
4244,325789.6703461965,5989033.868945025,12.339175768309868,226.83267248082134
4245,325559.44632372883,5991504.561359696,12.339175768309866,227.086723282276
4246,325329.4234047135,5993973.987750465,12.339175768309868,227.34094509958373
4247,325099.6013810761,5996442.147400138,12.339175768309868,227.59533794241918
4248,324869.98004498973,5998909.039593284,12.339175768309868,227.84990182039465
4249,324640.559188875,6001374.663616172,12.339175768309868,228.10463674305768
4250,324411.3386053986,6003839.018756837,12.339175768309868,228.3595427198944
4251,324182.3180874737,6006302.104305048,12.339175768309868,228.61461976032774
4252,323953.4974282597,6008763.919552299,12.339175768309868,228.8698678737171
4253,323724.8764211614,6011224.463791807,12.339175768309868,229.12528706935893
4254,323496.4548598292,6013683.736318543,12.33917576830987,229.3808773564873
4255,323268.23253815825,6016141.736429187,12.339175768309868,229.63663874427297
4256,323040.2092502882,6018598.463422159,12.339175768309868,229.8925712418243
4257,322812.3847906037,6021053.916597599,12.33917576830987,230.14867485818613
4258,322584.75895373296,6023508.095257401,12.339175768309868,230.40494960234187
4259,322357.3315345483,6025960.9987051375,12.339175768309868,230.66139548321024
4260,322130.102328165,6028412.626246145,12.339175768309868,230.9180125096489
4261,321903.0711299414,6030862.977187462,12.339175768309868,231.17480069045214
4262,321676.237735479,6033312.0508378465,12.339175768309868,231.43176003435113
4263,321449.60194062133,6035759.846507793,12.339175768309868,231.68889055001546
4264,321223.163541454,6038206.3635095125,12.339175768309868,231.94619224605177
4265,320996.9223343052,6040651.601156926,12.339175768309868,232.20366513100353
4266,320770.87811574346,6043095.558765658,12.339175768309868,232.4613092133517
4267,320545.0306825786,6045538.23565309,12.339175768309868,232.7191245015164
4268,320319.37983186205,6047979.631138269,12.339175768309868,232.97711100385268
4269,320093.9253608851,6050419.744541989,12.339175768309868,233.23526872865503
4270,319868.6670671795,6052858.5751867555,12.339175768309868,233.49359768415525
4271,319643.6047485164,6055296.12239676,12.339175768309868,233.75209787852202
4272,319418.73820290697,6057732.385497919,12.33917576830987,234.01076931986205
4273,319194.06722860155,6060167.363817864,12.339175768309868,234.26961201621987
4274,318969.59162408876,6062601.0566859245,12.339175768309868,234.52862597557797
4275,318745.3111880968,6065033.463433121,12.339175768309868,234.7878112058552
4276,318521.2257195915,6067464.583392215,12.339175768309866,235.04716771491005
4277,318297.33501777647,6069894.415897659,12.339175768309868,235.30669551053845
4278,318073.6388820936,6072322.960285571,12.339175768309868,235.56639460047225
4279,317850.1371122215,6074750.215893822,12.339175768309868,235.82626499238353
4280,317626.8295080759,6077176.182061948,12.339175768309868,236.08630669388103
4281,317403.7158698096,6079600.858131203,12.339175768309868,236.34651971251168
4282,317180.7959978114,6082024.24344452,12.339175768309868,236.60690405576008
4283,316958.06969270605,6084446.337346553,12.339175768309868,236.8674597310498
4284,316735.5367553545,6086867.139183628,12.339175768309868,237.12818674574106
4285,316513.1969868526,6089286.648303767,12.339175768309868,237.38908510713281
4286,316291.0501885319,6091704.864056691,12.339175768309868,237.6501548224619
4287,316069.09616195835,6094121.785793827,12.339175768309868,237.91139589890403
4288,315847.33470893226,6096537.412868253,12.339175768309868,238.17280834357175
4289,315625.76563148864,6098951.744634782,12.339175768309868,238.43439216351706
4290,315404.3887318959,6101364.78044987,12.33917576830987,238.69614736572902
4291,315183.20381265646,6103776.519671695,12.33917576830987,238.9580739571357
4292,314962.2106765055,6106186.961660095,12.339175768309868,239.2201719446029
4293,314741.4091264113,6108596.105776608,12.339175768309868,239.48244133493554
4294,314520.79896557535,6111003.951384437,12.339175768309868,239.74488213487538
4295,314300.3799974307,6113410.497848488,12.33917576830987,240.00749435110413
4296,314080.1520256423,6115815.744535339,12.339175768309868,240.27027799024168
4297,313860.11485410784,6118219.690813226,12.33917576830987,240.5332330588446
4298,313640.2682869555,6120622.336052089,12.339175768309868,240.7963595634099
4299,313420.6121285449,6123023.679623545,12.33917576830987,241.05965751037266
4300,313201.1461834662,6125423.720900853,12.339175768309866,241.32312690610536
4301,312981.8702565406,6127822.459258996,12.339175768309868,241.5867677569208
4302,312762.78415281913,6130219.894074581,12.339175768309868,241.85058006906843
4303,312543.88767758256,6132616.024725903,12.339175768309868,242.11456384873733
4304,312325.1806363411,6135010.850592946,12.339175768309868,242.37871910205592
4305,312106.66283483506,6137404.371057346,12.33917576830987,242.64304583509005
4306,311888.33407903276,6139796.585502396,12.33917576830987,242.90754405384456
4307,311670.1941751319,6142187.493313078,12.339175768309868,243.1722137642634
4308,311452.24292955815,6144577.093876021,12.339175768309868,243.437054972229
4309,311234.48014896514,6146965.386579518,12.339175768309868,243.7020676835625
4310,311016.90564023453,6149352.370813532,12.339175768309866,243.967251904024
4311,310799.5192104757,6151738.0459697,12.339175768309868,244.232607639313
4312,310582.32066702424,6154122.411441296,12.33917576830987,244.4981348950673
4313,310365.3098174438,6156505.46662325,12.339175768309868,244.76383367686296
4314,310148.4864695235,6158887.210912173,12.339175768309868,245.02970399021655
4315,309931.8504312793,6161267.643706313,12.339175768309868,245.29574584058273
4316,309715.40151095326,6163646.764405555,12.339175768309868,245.56195923335392
4317,309499.1395170126,6166024.572411504,12.33917576830987,245.82834417386505
4318,309283.0642581504,6168401.067127352,12.339175768309866,246.09490066738684
4319,309067.17554328445,6170776.247957951,12.339175768309868,246.36162871913004
4320,308851.47318155726,6173150.114309842,12.339175768309868,246.6285283342459
4321,308635.9569823364,6175522.665591166,12.339175768309868,246.89559951782272
4322,308420.6267552125,6177893.901211731,12.339175768309866,247.16284227488936
4323,308205.4823100015,6180263.82058301,12.339175768309866,247.43025661041384
4324,307990.5234567418,6182632.423118088,12.339175768309868,247.69784252930302
4325,307775.75000569544,6184999.708231714,12.339175768309866,247.96560003640337
4326,307561.1617673476,6187365.675340271,12.339175768309868,248.23352913650072
4327,307346.75855240616,6189730.323861784,12.339175768309868,248.50162983431989
4328,307132.54017180053,6192093.653215916,12.339175768309866,248.76990213452586
4329,306918.50643668417,6194455.662823962,12.339175768309868,249.03834604172152
4330,306704.6571584304,6196816.352108885,12.339175768309868,249.3069615604516
4331,306490.9921486347,6199175.720495237,12.339175768309868,249.57574869519843
4332,306277.5112191144,6201533.767409237,12.339175768309868,249.8447074503844
4333,306064.21418190707,6203890.492278734,12.339175768309868,250.11383783037198
4334,305851.10084927117,6206245.89453318,12.339175768309868,250.38313983946185
4335,305638.1710336856,6208599.973603693,12.339175768309868,250.65261348189586
4336,305425.4245478489,6210952.728923015,12.339175768309868,250.92225876185557
4337,305212.8612046802,6213304.159925497,12.339175768309868,251.19207568346064
4338,305000.48081731726,6215654.266047117,12.33917576830987,251.46206425077156
4339,304788.28319911775,6218003.046725506,12.339175768309868,251.73222446778882
4340,304576.2681636575,6220350.501399879,12.339175768309868,252.0025563384519
4341,304364.4355247317,6222696.629511115,12.339175768309868,252.273059866641
4342,304152.78509635356,6225041.430501697,12.339175768309868,252.54373505617596
4343,303941.3166927543,6227384.903815708,12.339175768309868,252.81458191081558
4344,303730.0301283828,6229727.048898872,12.339175768309868,253.08560043425956
4345,303518.9252179057,6232067.865198529,12.339175768309868,253.3567906301474
4346,303308.00177620683,6234407.352163626,12.339175768309868,253.62815250205813
4347,303097.25961838634,6236745.509244739,12.33917576830987,253.89968605351189
4348,302886.698559762,6239082.33589405,12.339175768309868,254.1713912879677
4349,302676.3184158667,6241417.831565358,12.339175768309868,254.443268208826
4350,302466.1190024507,6243751.995714036,12.339175768309866,254.71531681942457
4351,302256.10013547906,6246084.827797119,12.339175768309868,254.9875371230445
4352,302046.2616311324,6248416.327273245,12.339175768309868,255.2599291229066
4353,301836.6033058071,6250746.493602621,12.339175768309868,255.53249282217004
4354,301627.1249761138,6253075.326247084,12.339175768309866,255.8052282239356
4355,301417.82645887847,6255402.824670084,12.339175768309868,256.0781353312443
4356,301208.70757114084,6257728.988336656,12.339175768309868,256.3512141470772
4357,300999.76813015464,6260053.816713437,12.339175768309868,256.6244646743558
4358,300791.00795338803,6262377.309268677,12.33917576830987,256.89788691594174
4359,300582.4268585221,6264699.4654722335,12.339175768309868,257.1714808746383
4360,300374.02466345136,6267020.28479553,12.339175768309868,257.44524655318736
4361,300165.80118628335,6269339.766711616,12.339175768309868,257.7191839542727
4362,299957.75624533824,6271657.910695122,12.339175768309868,257.993293080518
4363,299749.88965914823,6273974.716222256,12.33917576830987,258.26757393448725
4364,299542.2012464583,6276290.182770875,12.339175768309868,258.5420265186863
4365,299334.6908262246,6278604.3098203745,12.339175768309868,258.8166508355606
4366,299127.35821761546,6280917.096851746,12.339175768309866,259.0914468874957
4367,298920.20324001,6283228.543347588,12.339175768309868,259.36641467681903
4368,298713.22571299836,6285538.648792083,12.33917576830987,259.6415542057987
4369,298506.4254563815,6287847.412670979,12.339175768309868,259.9168654766422
4370,298299.802290171,6290154.8344716355,12.339175768309868,260.1923484914995
4371,298093.3560345884,6292460.913682988,12.339175768309868,260.4680032524607
4372,297887.0865100653,6294765.64979554,12.33917576830987,260.74382976155624
4373,297680.9935372424,6297069.042301395,12.339175768309866,261.0198280207587
4374,297475.0769369708,6299371.090694223,12.339175768309866,261.29599803198005
4375,297269.33653030946,6301671.794469272,12.339175768309868,261.5723397970745
4376,297063.7721385267,6303971.153123372,12.339175768309868,261.84885331783664
4377,296858.38358309976,6306269.166154943,12.339175768309866,262.12553859600257
4378,296653.17068571335,6308565.833063949,12.33917576830987,262.4023956332488
4379,296448.1332682604,6310861.153351937,12.339175768309868,262.6794244311932
4380,296243.27115284203,6313155.126522043,12.339175768309868,262.95662499139496
4381,296038.58416176593,6315447.752078948,12.339175768309868,263.2339973153543
4382,295834.07211754797,6317739.0295289215,12.339175768309868,263.51154140451246
4383,295629.73484291,6320028.958379793,12.339175768309868,263.78925726025244
4384,295425.5721607807,6322317.538140969,12.339175768309868,264.06714488389866
4385,295221.58389429585,6324604.768323381,12.339175768309868,264.3452042767147
4386,295017.7698667959,6326890.648439589,12.339175768309868,264.62343543990926
4387,294814.1299018285,6329175.178003647,12.339175768309868,264.90183837462854
4388,294610.66382314597,6331458.356531221,12.339175768309868,265.1804130819626
4389,294407.37145470607,6333740.1835395275,12.339175768309868,265.45915956294294
4390,294204.2526206718,6336020.658547311,12.339175768309866,265.7380778185407
4391,294001.30714541086,6338299.781074901,12.339175768309868,266.01716784967005
4392,293798.5348534947,6340577.550644184,12.339175768309868,266.29642965718693
4393,293595.93556970014,6342853.966778573,12.339175768309866,266.57586324188713
4394,293393.5091190072,6345129.029003075,12.339175768309866,266.85546860451007
4395,293191.2553265994,6347402.736844217,12.339175768309866,267.13524574573574
4396,292989.17401786434,6349675.089830085,12.339175768309868,267.41519466618576
4397,292787.26501839195,6351946.087490311,12.339175768309868,267.6953153664237
4398,292585.52815397584,6354215.729356092,12.339175768309868,267.9756078469552
4399,292383.9632506113,6356484.014960136,12.339175768309868,268.2560721082268
4400,292182.5701344969,6358750.94383675,12.339175768309868,268.5367081506285
4401,291981.34863203275,6361016.515521718,12.339175768309868,268.8175159744895
4402,291780.29856982053,6363280.729552428,12.339175768309868,269.0984955800841
4403,291579.41977466404,6365543.585467753,12.339175768309868,269.37964696762526
4404,291378.7120735682,6367805.082808165,12.339175768309868,269.6609701372709
4405,291178.1752937383,6370065.22111562,12.339175768309868,269.94246508911885
4406,290977.80926258175,6372323.999933651,12.339175768309868,270.2241318232099
4407,290777.61380770494,6374581.418807288,12.339175768309868,270.5059703395262
4408,290577.5887569153,6376837.477283148,12.33917576830987,270.78798063799366
4409,290377.7339382203,6379092.174909319,12.33917576830987,271.07016271847755
4410,290178.0491798269,6381345.511235462,12.339175768309868,271.3525165807875
4411,289978.53431014094,6383597.485812759,12.339175768309868,271.6350422246753
4412,289779.1891577689,6385848.098193928,12.339175768309868,271.9177396498339
4413,289580.0135515146,6388097.347933194,12.339175768309866,272.20060885589913
4414,289381.00732038176,6390345.234586322,12.339175768309868,272.4836498424487
4415,289182.17029357166,6392591.757710604,12.339175768309868,272.76686260900334
4416,288983.5023004839,6394836.916864837,12.339175768309866,273.0502471550254
4417,288785.0031707166,6397080.711609369,12.33917576830987,273.3338034799202
4418,288586.67273406446,6399323.141506057,12.339175768309868,273.6175315830359
4419,288388.51082052063,6401564.206118257,12.339175768309868,273.90143146366137
4420,288190.5172602746,6403803.905010875,12.33917576830987,274.18550312103014
4421,287992.691883713,6406042.237750324,12.33917576830987,274.4697465543174
4422,287795.0345214192,6408279.203904501,12.339175768309868,274.7541617626396
4423,287597.5450041725,6410514.80304286,12.339175768309868,275.03874874505823
4424,287400.2231629487,6412749.03473637,12.339175768309868,275.3235075005767
4425,287203.0688289196,6414981.898557462,12.339175768309868,275.6084380281391
4426,287006.0818334518,6417213.394080116,12.33917576830987,275.8935403266349
4427,286809.26200810797,6419443.520879827,12.339175768309868,276.17881439489537
4428,286612.6091846454,6421672.27853357,12.339175768309868,276.4642602316941
4429,286416.1231950166,6423899.666619822,12.339175768309868,276.74987783574716
4430,286219.8038713684,6426125.684718608,12.339175768309868,277.03566720571524
4431,286023.6510460419,6428350.332411424,12.33917576830987,277.32162834020085
4432,285827.6645515723,6430573.609281256,12.339175768309868,277.6077612377487
4433,285631.84422068886,6432795.51491263,12.339175768309868,277.894065896848
4434,285436.18988631386,6435016.048891541,12.339175768309868,278.1805423159301
4435,285240.7013815634,6437235.210805462,12.339175768309868,278.4671904933684
4436,285045.3785397465,6439453.000243428,12.339175768309868,278.7540104274818
4437,284850.22119436465,6441669.416795922,12.33917576830987,279.04100211653093
4438,284655.22917911236,6443884.460054911,12.339175768309868,279.32816555871864
4439,284460.4023278763,6446098.129613893,12.339175768309868,279.61550075219264
4440,284265.7404747348,6448310.425067832,12.339175768309868,279.90300769504336
4441,284071.2434539586,6450521.346013174,12.339175768309866,280.1906863853035
4442,283876.9111000096,6452730.892047874,12.339175768309868,280.4785368209502
4443,283682.743247541,6454939.062771377,12.339175768309868,280.7665589999042
4444,283488.7397313975,6457145.857784581,12.339175768309868,281.0547529200276
4445,283294.90038661374,6459351.27668991,12.339175768309866,281.3431185791288
4446,283101.225048416,6461555.319091236,12.33917576830987,281.6316559749568
4447,282907.71355221985,6463757.984593924,12.339175768309868,281.92036510520575
4448,282714.3657336316,6465959.272804834,12.33917576830987,282.20924596751314
4449,282521.18142844725,6468159.183332295,12.339175768309866,282.4982985594598
4450,282328.1604726519,6470357.715786092,12.339175768309866,282.78752287856963
4451,282135.3027024208,6472554.869777523,12.33917576830987,283.076918922311
4452,281942.6079541176,6474750.644919332,12.339175768309868,283.3664866880952
4453,281750.07606429496,6476945.040825763,12.339175768309866,283.65622617327824
4454,281557.7068696944,6479138.057112493,12.339175768309868,283.9461373751581
4455,281365.50020724535,6481329.693396711,12.33917576830987,284.23622029097845
4456,281173.4559140656,6483519.949297056,12.339175768309868,284.5264749179256
4457,280981.573827461,6485708.824433618,12.339175768309868,284.8169012531292
4458,280789.8537849243,6487896.318427982,12.33917576830987,285.10749929366415
4459,280598.29562413617,6490082.4309032,12.339175768309866,285.39826903654915
4460,280406.8991829648,6492267.161483751,12.339175768309868,285.6892104787447
4461,280215.66429946426,6494450.509795624,12.339175768309868,285.9803236171585
4462,280024.59081187606,6496632.4754662365,12.33917576830987,286.2716084486397
4463,279833.6785586277,6498813.058124465,12.33917576830987,286.5630649699822
4464,279642.9273783328,6500992.257400663,12.339175768309868,286.8546931779246
4465,279452.3371097914,6503170.072926639,12.339175768309868,287.1464930691493
4466,279261.9075919885,6505346.504335634,12.339175768309868,287.4384646402823
4467,279071.6386640953,6507521.551262375,12.339175768309868,287.7306078878943
4468,278881.53016546776,6509695.213343017,12.33917576830987,288.0229228085
4469,278691.58193564636,6511867.490215173,12.339175768309868,288.31540939855876
4470,278501.79381435714,6514038.38151791,12.339175768309866,288.60806765447353
4471,278312.16564151045,6516207.886891761,12.339175768309868,288.90089757259267
4472,278122.69725720026,6518376.005978671,12.339175768309866,289.193899149208
4473,277933.38850170514,6520542.738422031,12.339175768309868,289.4870723805548
4474,277744.2392154872,6522708.083866727,12.339175768309868,289.7804172628158
4475,277555.2492391921,6524872.04195904,12.339175768309866,290.07393379211544
4476,277366.41841364896,6527034.61234669,12.339175768309868,290.36762196452275
4477,277177.74657986953,6529195.79467889,12.339175768309868,290.66148177605396
4478,276989.23357904895,6531355.588606238,12.339175768309868,290.95551322266687
4479,276800.87925256445,6533513.99378078,12.339175768309868,291.2497163002647
4480,276612.6834419754,6535671.009856031,12.339175768309868,291.5440910046974
4481,276424.64598902414,6537826.636486902,12.339175768309866,291.83863733175644
4482,276236.76673563407,6539980.873329737,12.339175768309868,292.13335527717936
4483,276049.0455239109,6542133.720042363,12.339175768309866,292.42824483664947
4484,275861.4821961411,6544285.176283988,12.339175768309868,292.72330600579386
4485,275674.0765947924,6546435.24171526,12.33917576830987,293.0185387801844
4486,275486.828562514,6548583.915998264,12.339175768309868,293.3139431553378
4487,275299.73794213537,6550731.198796512,12.33917576830987,293.6095191267163
4488,275112.80457666604,6552877.0897749225,12.339175768309868,293.90526668972643
4489,274926.02830929693,6555021.5885998765,12.33917576830987,294.20118583972027
4490,274739.4089833978,6557164.694939134,12.339175768309868,294.4972765719942
4491,274552.9464425187,6559306.408461903,12.339175768309868,294.79353888179037
4492,274366.6405303893,6561446.728838809,12.33917576830987,295.0899727642957
4493,274180.49109091825,6563585.655741891,12.339175768309868,295.3865782146424
4494,273994.49796819355,6565723.1888445895,12.339175768309868,295.6833552279068
4495,273808.6610064821,6567859.327821794,12.339175768309866,295.9803037991119
4496,273622.9800502288,6569994.072349793,12.339175768309866,296.2774239232259
4497,273437.45494405774,6572127.422106282,12.339175768309866,296.5747155951612
4498,273252.0855327706,6574259.376770371,12.339175768309868,296.8721788097761
4499,273066.8716613474,6576389.936022585,12.33917576830987,297.169813561874
4500,272881.81317494524,6578519.099544844,12.339175768309868,297.4676198462037
4501,272696.90991889924,6580646.867020504,12.339175768309866,297.76559765746026
4502,272512.16173872177,6582773.238134305,12.339175768309868,298.0637469902832
4503,272327.5684801019,6584898.212572396,12.339175768309868,298.36206783925775
4504,272143.12998890516,6587021.790022321,12.33917576830987,298.6605601989149
4505,271958.84611117456,6589143.97017305,12.339175768309868,298.959224063731
4506,271774.71669312875,6591264.75271492,12.339175768309868,299.25805942812764
4507,271590.74158116244,6593384.137339702,12.339175768309868,299.55706628647334
4508,271406.9206218466,6595502.123740552,12.339175768309868,299.8562446330812
4509,271223.25366192753,6597618.711612009,12.339175768309868,300.15559446221016
4510,271039.7405483273,6599733.900650017,12.339175768309866,300.45511576806456
4511,270856.3811281427,6601847.690551918,12.339175768309868,300.75480854479537
4512,270673.17524864554,6603960.081016444,12.339175768309868,301.05467278649934
4513,270490.12275728275,6606071.071743718,12.339175768309868,301.3547084872185
4514,270307.2235016754,6608180.662435245,12.339175768309868,301.65491564094077
4515,270124.4773296194,6610288.852793937,12.33917576830987,301.95529424160054
4516,269941.8840890838,6612395.642524065,12.339175768309868,302.2558442830777
4517,269759.44362821215,6614501.031331311,12.33917576830987,302.55656575919846
4518,269577.15579532157,6616605.018922725,12.339175768309868,302.8574586637346
4519,269395.0204389024,6618707.605006759,12.339175768309866,303.1585229904051
4520,269213.03740761813,6620808.789293216,12.339175768309868,303.45975873287347
4521,269031.20655030553,6622908.571493318,12.339175768309868,303.76116588475105
4522,268849.52771597373,6625006.951319626,12.339175768309868,304.0627444395936
4523,268668.0007538043,6627103.928486099,12.339175768309868,304.3644943909045
4524,268486.62551315135,6629199.502708068,12.33917576830987,304.66641573213286
4525,268305.401843541,6631293.67370225,12.33917576830987,304.96850845667433
4526,268124.3295946714,6633386.441186712,12.339175768309866,305.27077255787003
4527,267943.40861641185,6635477.804880921,12.339175768309868,305.5732080290091
4528,267762.63875880314,6637567.764505692,12.339175768309868,305.87581486332607
4529,267582.01987205766,6639656.319783204,12.339175768309868,306.1785930540011
4530,267401.5518065584,6641743.470437026,12.339175768309868,306.48154259416236
4531,267221.23441285914,6643829.216192089,12.339175768309868,306.78466347688413
4532,267041.0675416842,6645913.55677466,12.339175768309866,307.0879556951861
4533,266861.05104392814,6647996.491912423,12.339175768309868,307.3914192420371
4534,266681.1847706559,6650078.02133437,12.339175768309868,307.69505411034953
4535,266501.4685731018,6652158.1447708765,12.339175768309866,307.99886029298426
4536,266321.90230267,6654236.86195369,12.339175768309868,308.30283778274924
4537,266142.4858109345,6656314.172615894,12.339175768309868,308.6069865723976
4538,265963.2189496377,6658390.076491951,12.33917576830987,308.91130665463123
4539,265784.1015706916,6660464.57331764,12.339175768309868,309.21579802209646
4540,265605.1335261769,6662537.662830143,12.339175768309868,309.5204606673887
4541,265426.31466834265,6664609.344767957,12.339175768309868,309.8252945830489
4542,265247.6448496065,6666679.618870945,12.339175768309868,310.1302997615651
4543,265069.1239225539,6668748.48488033,12.339175768309868,310.43547619537355
4544,264890.7517399384,6670815.942538663,12.339175768309866,310.7408238768561
4545,264712.52815468155,6672881.991589839,12.339175768309868,311.04634279834124
4546,264534.4530198717,6674946.631779134,12.339175768309868,311.35203295210687
4547,264356.526188765,6677009.862853124,12.339175768309868,311.6578943303754
4548,264178.7475147845,6679071.684559745,12.339175768309868,311.9639269253176
4549,264001.1168515199,6681132.096648303,12.339175768309868,312.2701307290527
4550,263823.6340527282,6683191.098869398,12.339175768309868,312.5765057336443
4551,263646.29897233186,6685248.6909749815,12.339175768309868,312.88305193110506
4552,263469.11146441987,6687304.8727183705,12.339175768309866,313.18976931339574
4553,263292.07138324773,6689359.643854176,12.339175768309868,313.4966578724222
4554,263115.17858323624,6691413.00413838,12.339175768309868,313.8037176000396
4555,262938.43291897146,6693464.953328269,12.339175768309866,314.1109484880495
4556,262761.8342452056,6695515.491182484,12.339175768309868,314.41835052820153
4557,262585.3824168553,6697564.617460973,12.339175768309868,314.72592371219207
4558,262409.0772890028,6699612.331925046,12.339175768309868,315.0336680316661
4559,262232.9187168941,6701658.634337297,12.339175768309868,315.3415834782148
4560,262056.90655594048,6703703.52446168,12.339175768309868,315.64967004337825
4561,261881.0406617176,6705747.002063471,12.339175768309868,315.9579277186436
4562,261705.32088996438,6707789.066909258,12.339175768309868,316.2663564954461
4563,261529.7470965845,6709829.718766942,12.339175768309868,316.5749563651673
4564,261354.31913764484,6711868.95740577,12.339175768309868,316.8837273191383
4565,261179.03686937568,6713906.782596292,12.339175768309868,317.1926693486373
4566,261003.90014817085,6715943.194110382,12.339175768309868,317.5017824448903
4567,260828.9088305871,6717978.191721219,12.339175768309868,317.8110665990705
4568,260654.06277334376,6720011.775203319,12.339175768309868,318.1205218023008
4569,260479.36183332335,6722043.944332483,12.339175768309868,318.4301480456495
4570,260304.8058675702,6724074.698885853,12.339175768309868,318.73994532013546
4571,260130.39473329065,6726104.03864186,12.339175768309868,319.04991361672427
4572,259956.12828785446,6728131.9633802585,12.339175768309868,319.36005292632905
4573,259782.00638879143,6730158.472882107,12.339175768309868,319.67036323981245
4574,259608.02889379408,6732183.56692977,12.339175768309868,319.9808445479842
4575,259434.1956607158,6734207.245306912,12.339175768309868,320.29149684160234
4576,259260.5065475712,6736229.507798511,12.339175768309868,320.6023201113736
4577,259086.96141253624,6738250.354190838,12.339175768309868,320.91331434795205
4578,258913.56011394717,6740269.784271485,12.339175768309868,321.2244795419416
4579,258740.30251030094,6742287.7978293095,12.339175768309868,321.5358156838925
4580,258567.18846025525,6744304.394654509,12.339175768309868,321.8473227643051
4581,258394.21782262687,6746319.574538545,12.339175768309868,322.1590007736276
4582,258221.390456394,6748333.337274181,12.339175768309868,322.47084970225546
4583,258048.70622069328,6750345.682655482,12.339175768309868,322.78286954053414
4584,257876.16497482182,6752356.6104778275,12.339175768309868,323.09506027875784
4585,257703.7665782354,6754366.120537843,12.339175768309868,323.4074219071678
4586,257531.51089054922,6756374.212633458,12.339175768309868,323.7199544159543
4587,257359.39777153736,6758380.886563932,12.339175768309868,324.03265779525793
4588,257187.42708113298,6760386.142129756,12.339175768309868,324.34553203516515
4589,257015.59867942674,6762389.979132722,12.339175768309868,324.65857712571295
4590,256843.91242666895,6764392.397375945,12.339175768309868,324.97179305688735
4591,256672.36818326713,6766393.396663771,12.339175768309868,325.2851798186216
4592,256500.96580978704,6768392.976801859,12.339175768309868,325.5987374007991
4593,256329.705166952,6770391.137597144,12.339175768309868,325.91246579325184
4594,256158.58611564283,6772387.878857822,12.339175768309868,326.2263649857599
4595,255987.60851689804,6774383.200393394,12.339175768309868,326.5404349680532
4596,255816.772231913,6776377.102014627,12.339175768309868,326.85467572981054
4597,255646.0771220396,6778369.583533561,12.339175768309868,327.1690872606599
4598,255475.5230487872,6780360.64476349,12.339175768309868,327.4836695501765
4599,255305.1098738212,6782350.285519022,12.339175768309868,327.7984225878872
4600,255134.83745896316,6784338.505616007,12.339175768309868,328.11334636326706
4601,254964.70566619144,6786325.304871553,12.339175768309868,328.42844086573837
4602,254794.71435763952,6788310.683104088,12.339175768309868,328.74370608467655
4603,254624.86339559706,6790294.640133265,12.339175768309868,329.05914200940356
4604,254455.1526425093,6792277.175779983,12.339175768309868,329.3747486291896
4605,254285.5819609765,6794258.289866467,12.339175768309868,329.6905259332573
4606,254116.1512137542,6796237.982216149,12.339175768309868,330.00647391077626
4607,253946.86026375295,6798216.252653743,12.339175768309868,330.32259255086603
4608,253777.70897403773,6800193.101005227,12.339175768309868,330.6388818425962
4609,253608.69720782863,6802168.527097849,12.339175768309868,330.95534177498575
4610,253439.82482849938,6804142.530760084,12.339175768309868,331.2719723370025
4611,253271.09169957845,6806115.111821685,12.339175768309868,331.58877351756416
4612,253102.4976847479,6808086.270113643,12.339175768309868,331.90574530553766
4613,252934.0426478435,6810056.005468219,12.339175768309868,332.22288768974045
4614,252765.72645285501,6812024.317718906,12.339175768309868,332.5402006589382
4615,252597.54896392516,6813991.206700479,12.339175768309868,332.8576842018481
4616,252429.51004534974,6815956.672248933,12.339175768309868,333.17533830713603
4617,252261.6095615779,6817920.714201504,12.339175768309868,333.49316296341675
4618,252093.8473772115,6819883.332396713,12.339175768309868,333.8111581592567
4619,251926.22335700455,6821844.526674293,12.339175768309868,334.1293238831713
4620,251758.73736586416,6823804.296875225,12.339175768309868,334.4476601236251
4621,251591.3892688489,6825762.642841749,12.339175768309868,334.7661668690343
4622,251424.17893116997,6827719.56441733,12.339175768309868,335.0848441077635
4623,251257.10621819008,6829675.061446652,12.339175768309868,335.40369182812674
4624,251090.1709954233,6831629.133775699,12.339175768309868,335.7227100183915
4625,250923.37312853572,6833581.781251624,12.339175768309868,336.04189866677126
4626,250756.71248334425,6835533.003722855,12.339175768309868,336.36125776143183
4627,250590.1889258171,6837482.801039043,12.339175768309868,336.6807872904888
4628,250423.80232207294,6839431.173051072,12.339175768309868,337.0004872420082
4629,250257.55253838134,6841378.119611052,12.339175768309868,337.32035760400566
4630,250091.43944116269,6843323.64057232,12.339175768309868,337.6403983644466
4631,249925.462896987,6845267.735789469,12.339175768309868,337.960609511249
4632,249759.62277257454,6847210.405118288,12.339175768309868,338.2809910322794
4633,249593.91893479612,6849151.648415791,12.339175768309868,338.60154291535383
4634,249428.35125067126,6851091.465540242,12.339175768309868,338.9222651482414
4635,249262.91958736986,6853029.856351099,12.339175768309868,339.243157718659
4636,249097.62381221046,6854966.820709058,12.339175768309868,339.564220614276
4637,248932.4637926612,6856902.358476047,12.339175768309868,339.88545382271184
4638,248767.43939633926,6858836.46951518,12.339175768309868,340.20685733153516
4639,248602.55049101022,6860769.153690805,12.339175768309868,340.52843112826656
4640,248437.7969445881,6862700.410868499,12.339175768309868,340.85017520037786
4641,248273.17862513603,6864630.24091504,12.339175768309868,341.1720895352901
4642,248108.69540086432,6866558.643698392,12.339175768309868,341.49417412037513
4643,247944.34714013254,6868485.619087799,12.339175768309868,341.816428942957
4644,247780.13371144692,6870411.166953654,12.339175768309868,342.1388539903093
4645,247616.05498346197,6872335.287167589,12.339175768309868,342.46144924965705
4646,247452.11082497955,6874257.979602428,12.339175768309868,342.7842147081755
4647,247288.30110494868,6876179.244132214,12.339175768309868,343.10715035299154
4648,247124.62569246534,6878099.080632171,12.339175768309868,343.43025617118207
4649,246961.0844567728,6880017.488978773,12.339175768309868,343.75353214977673
4650,246797.67726726088,6881934.469049655,12.339175768309868,344.0769782757543
4651,246634.4039934655,6883850.020723662,12.339175768309868,344.4005945360457
4652,246471.26450506944,6885764.14388085,12.339175768309868,344.72438091753276
4653,246308.25867190145,6887676.838402469,12.339175768309868,345.0483374070486
4654,246145.38636393633,6889588.104170943,12.339175768309868,345.3724639913763
4655,245982.6474512946,6891497.941069919,12.339175768309868,345.6967606572516
4656,245820.04180424198,6893406.348984245,12.339175768309868,346.0212273913623
4657,245657.56929319046,6895313.327799933,12.339175768309868,346.34586418034485
4658,245495.2297886965,6897218.877404196,12.339175768309868,346.67067101078896
4659,245333.02316146222,6899122.997685446,12.339175768309868,346.9956478692349
4660,245170.9492823338,6901025.688533273,12.339175768309868,347.3207947421751
4661,245009.00802230276,6902926.949838467,12.339175768309868,347.64611161605325
4662,244847.19925250526,6904826.78149299,12.339175768309868,347.9715984772636
4663,244685.5228442211,6906725.183389998,12.339175768309868,348.2972553121533
4664,244523.97866887445,6908622.155423823,12.339175768309868,348.6230821070204
4665,244362.56659803382,6910517.6974899825,12.339175768309868,348.9490788481143
4666,244201.2865034112,6912411.809485165,12.339175768309868,349.275245521636
4667,244040.13825686206,6914304.491307259,12.339175768309868,349.60158211373914
4668,243879.1217303855,6916195.742855319,12.339175768309868,349.92808861052856
4669,243718.23679612373,6918085.564029569,12.339175768309868,350.2547649980604
4670,243557.48332636204,6919973.95473141,12.339175768309868,350.5816112623429
4671,243396.86119352857,6921860.914863435,12.339175768309868,350.90862738933686
4672,243236.37027019393,6923746.44432937,12.339175768309868,351.2358133649536
4673,243076.01042907202,6925630.543034163,12.339175768309868,351.56316917505734
4674,242915.781543018,6927513.210883886,12.339175768309868,351.8906948054641
4675,242755.68348502985,6929394.447785807,12.339175768309868,352.21839024194185
4676,242595.71612824744,6931274.253648344,12.339175768309868,352.5462554702102
4677,242435.8793459522,6933152.628381104,12.339175768309868,352.87429047594213
4678,242276.1730115674,6935029.5718948115,12.339175768309868,353.2024952447601
4679,242116.59699865774,6936905.084101417,12.339175768309868,353.5308697622421
4680,241957.15118092883,6938779.164913973,12.339175768309868,353.8594140139156
4681,241797.83543222796,6940651.8142467365,12.339175768309868,354.18812798526193
4682,241638.64962654296,6942523.032015099,12.339175768309868,354.51701166171364
4683,241479.59363800212,6944392.818135604,12.339175768309868,354.846065028656
4684,241320.6673408746,6946261.172525966,12.339175768309868,355.17528807142673
4685,241161.87060957012,6948128.095105064,12.339175768309868,355.5046807753165
4686,241003.2033186385,6949993.585792895,12.339175768309868,355.83424312556633
4687,240844.66534276912,6951857.644510643,12.339175768309868,356.1639751073723
4688,240686.2565567915,6953720.271180624,12.339175768309868,356.49387670588186
4689,240527.97683567504,6955581.465726296,12.339175768309868,356.823947906194
4690,240369.82605452836,6957441.228072287,12.339175768309868,357.1541886933619
4691,240211.80408859949,6959299.558144355,12.339175768309868,357.4845990523907
4692,240053.9108132756,6961156.455869405,12.339175768309868,357.8151789682376
4693,239896.14610408264,6963011.921175505,12.339175768309868,358.1459284258146
4694,239738.50983668587,6964865.953991826,12.339175768309868,358.4768474099829
4695,239581.0018868884,6966718.554248703,12.339175768309868,358.8079359055593
4696,239423.6221306323,6968569.7218776215,12.339175768309868,359.1391938973131
4697,239266.37044399802,6970419.456811195,12.339175768309868,359.47062136996556
4698,239109.24670320383,6972267.758983165,12.339175768309868,359.8022183081909
4699,238952.25078460548,6974114.628328412,12.339175768309868,360.1339846966171
