,reflection_BB,emission_BB,reflection_depth,emission_depth
0,38313384.48085054,7.711433574089141e-13,74.0350546098592,1.4901226125385548e-18
1,38504582.80399445,8.463474975287329e-13,74.0350546098592,1.627322740189699e-18
2,38695562.88121974,9.285858054091198e-13,74.0350546098592,1.776635244315569e-18
3,38886318.801215924,1.0184877466713585e-12,74.0350546098592,1.9390829029033395e-18
4,39076844.695756875,1.1167365249761492e-12,74.0350546098592,2.1157708677643333e-18
5,39267134.73985757,1.2240734441791147e-12,74.0350546098592,2.307892971734762e-18
6,39457183.15192417,1.3413026058598947e-12,74.0350546098592,2.516738493237856e-18
7,39646984.19389698,1.4692959665310954e-12,74.0350546098592,2.743699409472874e-18
8,39836532.17138579,1.6089987804846261e-12,74.0350546098592,2.9902781715005958e-18
9,40025821.43379896,1.761435455988656e-12,74.0350546098592,3.2580960366185543e-18
10,40214846.3744655,1.927715854413974e-12,74.0350546098592,3.548901995668182e-18
11,40403601.43075002,2.1090420638511657e-12,74.0350546098592,3.864582335298339e-18
12,40592081.08416147,2.3067156808870364e-12,74.0350546098592,4.207170877733729e-18
13,40780279.86045516,2.522145636445237e-12,74.0350546098592,4.578859943266635e-18
14,40968192.32972786,2.7568566039706346e-12,74.0350546098592,4.9820120835161275e-18
15,41155813.10650696,3.0124980307595657e-12,74.0350546098592,5.419172636492399e-18
16,41343136.8498333,3.29085383591197e-12,74.0350546098592,5.893083157665374e-18
17,41530158.26333705,3.5938528212207726e-12,74.0350546098592,6.40669578458517e-18
18,41716872.09530818,3.923579844323504e-12,74.0350546098592,6.963188596138862e-18
19,41903273.13876046,4.2822878066339015e-12,74.0350546098592,7.565982031270347e-18
20,42089356.231489435,4.672410511953719e-12,74.0350546098592,8.218756435941154e-18
21,42275116.25612434,5.096576455252669e-12,74.0350546098592,8.925470811290586e-18
22,42460548.14017454,5.5576236049022855e-12,74.0350546098592,9.69038284036368e-18
23,42645646.85606969,6.058615245673742e-12,74.0350546098592,1.0518070275436321e-17
24,42830407.421194345,6.6028569540738216e-12,74.0350546098592,1.1413453772892276e-17
25,43014824.897917464,7.193914782101281e-12,74.0350546098592,1.2381821267795681e-17
26,43198894.393615164,7.835634730283812e-12,74.0350546098592,1.3428853985791186e-17
27,43382611.06068936,8.532163595908571e-12,74.0350546098592,1.4560654195748316e-17
28,43565970.09658007,9.28797128770294e-12,74.0350546098592,1.5783774812669003e-17
29,43748966.74377263,1.0107874703878583e-11,74.0350546098592,1.710525096681937e-17
30,43931596.28980003,1.0997063276426445e-11,74.0350546098592,1.8532633661830797e-17
31,44113854.06723954,1.1961126290871683e-11,74.0350546098592,2.0074025651677123e-17
32,44295735.45370446,1.300608209737448e-11,74.0350546098592,2.1738119673976508e-17
33,44477235.87183126,1.4138409336118968e-11,74.0350546098592,2.353423918501736e-17
34,44658350.78926104,1.5365080307384165e-11,74.0350546098592,2.5472381750281868e-17
35,44839075.71861652,1.6693596624565462e-11,74.0350546098592,2.756326525306884e-17
36,45019406.217474654,1.8132027296720643e-11,74.0350546098592,2.981837709310134e-17
37,45199337.888333656,1.9689049395988742e-11,74.0350546098592,3.2250026556793474e-17
38,45378866.37857609,2.1373991474486606e-11,74.0350546098592,3.487140055114648e-17
39,45557987.38042703,2.3196879905053124e-11,74.0350546098592,3.7696622904083515e-17
40,45736696.63090799,2.5168488330513127e-11,74.0350546098592,4.0740817445436726e-17
41,45914989.911786355,2.7300390416994495e-11,74.0350546098592,4.40201750947968e-17
42,46092863.04952019,2.960501611828656e-11,74.0350546098592,4.7552025195057257e-17
43,46270311.915199295,3.209571167029585e-11,74.0350546098592,5.135491134374848e-17
44,46447332.42448143,3.4786803547381174e-11,74.0350546098592,5.544867198821834e-17
45,46623920.537525326,3.769366662574943e-11,74.0350546098592,5.985452606537294e-17
46,46800072.25891855,4.0832796813206716e-11,74.0350546098592,6.459516398210152e-17
47,46975783.637601994,4.422188841943038e-11,74.0350546098592,6.969484424870698e-17
48,47151050.76679077,4.7879916556581455e-11,74.0350546098592,7.51794960946801e-17
49,47325869.78389022,5.182722487653143e-11,74.0350546098592,8.107682841399332e-17
50,47500236.870409496,5.608561896834863e-11,74.0350546098592,8.74164454058995e-17
51,47674148.25187003,6.067846575788697e-11,74.0350546098592,9.422996929685934e-17
52,47847600.19771145,6.563079927054705e-11,74.0350546098592,1.0155117054995086e-16
53,48020589.02119349,7.096943313842087e-11,74.0350546098592,1.0941610598976266e-16
54,48193111.07929425,7.672308025427175e-11,74.0350546098592,1.1786326529357568e-16
55,48365162.77260515,8.292247999708303e-11,74.0350546098592,1.2693372632349185e-16
56,48536740.54522289,8.960053347735925e-11,74.0350546098592,1.366713197992382e-16
57,48707840.88463709,9.679244727496514e-11,74.0350546098592,1.4712280383760959e-16
58,48878460.321616195,1.045358861681909e-10,74.0350546098592,1.583380489120966e-16
59,49048595.430088446,1.1287113537986363e-10,74.0350546098592,1.7037023381507149e-16
60,49218242.82702103,1.2184127289485616e-10,74.0350546098592,1.8327605323514565e-16
61,49387399.17229579,1.3149235243333613e-10,74.0350546098592,1.9711593759409454e-16
62,49556061.16858188,1.418735976954608e-10,74.0350546098592,2.1195428582084e-16
63,49724225.561205186,1.5303760852624707e-10,74.0350546098592,2.2785971177483214e-16
64,49891889.13801543,1.6504057968396516e-10,74.0350546098592,2.4490530506761265e-16
65,50059048.72925032,1.7794253293166352e-10,74.0350546098592,2.631689070694347e-16
66,50225701.20739664,1.918075632095044e-10,74.0350546098592,2.827334029277505e-16
67,50391843.4870486,2.067040996855304e-10,74.0350546098592,3.0368703046621414e-16
68,50557472.524764426,2.227051825242926e-10,74.0350546098592,3.261237068765334e-16
69,50722585.31891905,2.3988875625659196e-10,74.0350546098592,3.501433741612459e-16
70,50887178.90955531,2.5833798067959387e-10,74.0350546098592,3.758523643334274e-16
71,51051250.37823235,2.7814156026465163e-10,74.0350546098592,4.0336378542934196e-16
72,51214796.847871326,2.9939409310056716e-10,74.0350546098592,4.327979294423589e-16
73,51377815.48259923,3.2219644045292626e-10,74.0350546098592,4.64282703341358e-16
74,51540303.487590045,3.4665611807521115e-10,74.0350546098592,4.979540843937724e-16
75,51702258.1089041,3.728877104654956e-10,74.0350546098592,5.339566010735598e-16
76,51863676.63332457,4.010133093228329e-10,74.0350546098592,5.72443840896537e-16
77,52024556.38819241,4.3116297752097814e-10,74.0350546098592,6.1357898659103215e-16
78,52184894.74123902,4.6347523998330334e-10,74.0350546098592,6.575353820799287e-16
79,52344689.100416884,4.98097602912032e-10,74.0350546098592,7.044971298213052e-16
80,52503936.91372805,5.351871028974922e-10,74.0350546098592,7.546597211293723e-16
81,52662635.66905106,5.749108875088566e-10,74.0350546098592,8.082307011750023e-16
82,52820782.8939657,6.174468290470274e-10,74.0350546098592,8.654303704461627e-16
83,52978376.155575894,6.629841732231645e-10,74.0350546098592,9.264925245332063e-16
84,53135413.06033103,7.117242246128465e-10,74.0350546098592,9.916652341921874e-16
85,53291891.25384572,7.638810708262928e-10,74.0350546098592,1.0612116677315554e-15
86,53447808.4207171,8.196823474293846e-10,74.0350546098592,1.1354109578635155e-15
87,53603162.284341276,8.793700457489561e-10,74.0350546098592,1.2145591152616905e-15
88,53757950.606728226,9.432013657986654e-10,74.0350546098592,1.298969991171096e-15
89,53912171.18831434,1.0114496166692417e-09,74.0350546098592,1.3889762915254202e-15
90,54065821.86777425,1.084405166839156e-09,74.0350546098592,1.4849306451402227e-15
91,54218900.521830805,1.1623764469786415e-09,74.0350546098592,1.5872067286688676e-15
92,54371405.06506427,1.2456910079423258e-09,74.0350546098592,1.696200451131594e-15
93,54523333.449719,1.3346966367729896e-09,74.0350546098592,1.812331200956551e-15
94,54674683.66550982,1.429762533671783e-09,74.0350546098592,1.936043158605334e-15
95,54825453.73942683,1.5312805530289283e-09,74.0350546098592,2.067806677995353e-15
96,54975641.73553907,1.6396665117533966e-09,74.0350546098592,2.20811974007655e-15
97,55125245.75479649,1.7553615682902011e-09,74.0350546098592,2.3575094820707512e-15
98,55274263.93483133,1.8788336758716558e-09,74.0350546098592,2.5165338060403608e-15
99,55422694.44975859,2.0105791137116345e-09,74.0350546098592,2.6857830706159677e-15
100,55570535.50997446,2.151124100022525e-09,74.0350546098592,2.865881869883479e-15
101,55717785.36195469,2.301026490912469e-09,74.0350546098592,3.0574909036093977e-15
102,55864442.28805187,2.4608775694044064e-09,74.0350546098592,3.2613089431665073e-15
103,56010504.60629095,2.63130392901156e-09,74.0350546098592,3.4780748977153035e-15
104,56155970.670164734,2.8129694565039515e-09,74.0350546098592,3.708569985395732e-15
105,56300838.868428476,3.006577418709326e-09,74.0350546098592,3.953620014492115e-15
106,56445107.6248929,3.2128726584085402e-09,74.0350546098592,4.214097779749802e-15
107,56588775.3982171,3.432643904611579e-09,74.0350546098592,4.490925579247037e-15
108,56731840.68170055,3.666726202735234e-09,74.0350546098592,4.7850778574591355e-15
109,56874302.00307418,3.916003470447192e-09,74.0350546098592,5.097583980393907e-15
110,57016157.92429123,4.181411185197021e-09,74.0350546098592,5.4295311489315134e-15
111,57157407.04131667,4.463939209716556e-09,74.0350546098592,5.782067456761311e-15
112,57298047.983916804,4.764634762049033e-09,74.0350546098592,6.1564050995829445e-15
113,57438079.41544785,5.084605536949908e-09,74.0350546098592,6.553823742519434e-15
114,57577500.03264429,5.425022985801748e-09,74.0350546098592,6.975674052986981e-15
115,57716308.56540595,5.787125762490008e-09,74.0350546098592,7.423381406566178e-15
116,57854503.77658593,6.172223343011709e-09,74.0350546098592,7.898449773741805e-15
117,57992084.46177656,6.581699826917098e-09,74.0350546098592,8.402465795701469e-15
118,58129049.449096106,7.017017929034195e-09,74.0350546098592,8.937103057729184e-15
119,58265397.598974705,7.479723170281862e-09,74.0350546098592,9.504126569080366e-15
120,58401127.80393943,7.97144827675188e-09,74.0350546098592,1.0105397458594694e-14
121,58536238.988399945,8.493917796626011e-09,74.0350546098592,1.074287789568236e-14
122,58670730.10843333,9.048952944896982e-09,74.0350546098592,1.141863624671678e-14
123,58804600.15156853,9.638476686276316e-09,74.0350546098592,1.2134852477273208e-14
124,58937848.13657096,1.0264519067108857e-08,74.0350546098592,1.2893823811083557e-14
125,59070473.11322647,1.0929222807557886e-08,74.0350546098592,1.3697970657013258e-14
126,59202474.16212544,1.16348491657912e-08,74.0350546098592,1.4549842815824327e-14
127,59333850.39444692,1.238378408638386e-08,74.0350546098592,1.5452125978966323e-14
128,59464600.95174175,1.3178544645649728e-08,74.0350546098592,1.6407648532123334e-14
129,59594725.005716704,1.4021785807133817e-08,74.0350546098592,1.7419388676754853e-14
130,59724221.75801755,1.4916307501037886e-08,74.0350546098592,1.849048188340008e-14
131,59853090.44001319,1.586506204190421e-08,74.0350546098592,1.962422869105443e-14
132,59981330.31257838,1.6871161899463712e-08,74.0350546098592,2.0824102867499063e-14
133,60108940.66587747,1.7937887838151352e-08,74.0350546098592,2.2093759946046756e-14
134,60235920.819148265,1.906869744141345e-08,74.0350546098592,2.3437046154777934e-14
135,60362270.12048495,2.0267234037567338e-08,74.0350546098592,2.4858007754961488e-14
136,60487987.946621954,2.1537336044650866e-08,74.0350546098592,2.6360900806019687e-14
137,60613073.702717826,2.2883046752373014e-08,74.0350546098592,2.7950201375053077e-14
138,60737526.82213849,2.4308624560000456e-08,74.0350546098592,2.9630616209651485e-14
139,60861346.76624191,2.581855368975024e-08,74.0350546098592,3.140709389343458e-14
140,60984533.024161674,2.741755539601666e-08,74.0350546098592,3.3284836504507067e-14
141,61107085.11259135,2.9110599691562137e-08,74.0350546098592,3.526931179779782e-14
142,61229002.57556916,3.090291761260754e-08,74.0350546098592,3.736626593303788e-14
143,61350284.98426247,3.2800014045608926e-08,74.0350546098592,3.958173677096569e-14
144,61470931.93675306,3.480768113938694e-08,74.0350546098592,4.192206776120656e-14
145,61590943.05782213,3.693201232717052e-08,74.0350546098592,4.4393922446147834e-14
146,61710317.99873562,3.917941698405926e-08,74.0350546098592,4.700429960605135e-14
147,61829056.43703039,4.1556635746374734e-08,74.0350546098592,4.9760549071588745e-14
148,61947158.076300405,4.407075652037254e-08,74.0350546098592,5.26703882309632e-14
149,62064622.64598264,4.6729231208812665e-08,74.0350546098592,5.5741919259781696e-14
150,62181449.90114439,4.9539893184969815e-08,74.0350546098592,5.898364710290121e-14
151,62297639.62227063,5.251097554475602e-08,74.0350546098592,6.240449823853689e-14
152,62413191.61505109,5.565113016876758e-08,74.0350546098592,6.601384025603187e-14
153,62528105.71016851,5.8969447627260214e-08,74.0350546098592,6.982150227985335e-14
154,62642381.76308755,6.24754779622651e-08,74.0350546098592,7.383779627355877e-14
155,62756019.65384283,6.617925238230264e-08,74.0350546098592,7.807353925869019e-14
156,62869019.286828734,7.00913059064792e-08,74.0350546098592,8.254007648485286e-14
157,62981380.590589665,7.422270099606343e-08,74.0350546098592,8.724930558851312e-14
158,63093103.51760942,7.858505221303269e-08,74.0350546098592,9.22137017794137e-14
159,63204188.0441028,8.319055194651284e-08,74.0350546098592,9.744634409490001e-14
160,63314634.16980653,8.80519972495041e-08,74.0350546098592,1.0296094276389196e-13
161,63424441.91777162,9.318281782979178e-08,74.0350546098592,1.087718677236976e-13
162,63533611.33415531,9.859710524055032e-08,74.0350546098592,1.1489417833445165e-13
163,63642142.48801411,1.04309643317702e-07,74.0350546098592,1.2134365433746064e-13
164,63750035.47109784,1.10335939912838e-07,74.0350546098592,1.28136828105461e-13
165,63857290.39764343,1.1669225997215701e-07,74.0350546098592,1.352910182343934e-13
166,63963907.40416974,1.233956600137134e-07,74.0350546098592,1.4282436452810185e-13
167,64069886.64927301,1.304640240570476e-07,74.0350546098592,1.507558644290984e-13
168,64175228.31342311,1.3791610106119342e-07,74.0350546098592,1.5910541095042158e-13
169,64279932.598759726,1.457715439289775e-07,74.0350546098592,1.6789383216549256e-13
170,64383999.728890084,1.540509501375487e-07,74.0350546098592,1.771429323148503e-13
171,64487429.94868689,1.6277590405713324e-07,74.0350546098592,1.8687553459066713e-13
172,64590223.524086945,1.7196902102211226e-07,74.0350546098592,1.9711552566199426e-13
173,64692380.74189037,1.8165399322077805e-07,74.0350546098592,2.0788790200591267e-13
174,64793901.909561,1.9185563747231118e-07,74.0350546098592,2.192188181118933e-13
175,64894787.35502682,2.025999449618672e-07,74.0350546098592,2.3113563662897843e-13
176,64995037.42648156,2.1391413300709318e-07,74.0350546098592,2.4366698052778023e-13
177,65094652.49218704,2.2582669893182067e-07,74.0350546098592,2.5684278735166884e-13
178,65193632.9402761,2.3836747612520792e-07,74.0350546098592,2.7069436563400294e-13
179,65291979.178555965,2.515676923672715e-07,74.0350546098592,2.85254453560878e-13
180,65389691.63431324,2.654600305043923e-07,74.0350546098592,3.0055727996145615e-13
181,65486770.75411871,2.8007869156115585e-07,74.0350546098592,3.1663862771068073e-13
182,65583217.00363364,2.95459460377749e-07,74.0350546098592,3.335358996319779e-13
183,65679030.8674163,3.116397738650521e-07,74.0350546098592,3.5128818699043223e-13
184,65774212.84872979,3.286587919725823e-07,74.0350546098592,3.6993634066987363e-13
185,65868763.46935033,3.465574714675638e-07,74.0350546098592,3.8952304513040635e-13
186,65962683.26937634,3.6537864262654403e-07,74.0350546098592,4.100928952459847e-13
187,66055972.80703851,3.851670889443015e-07,74.0350546098592,4.316924761249355e-13
188,66148632.65851087,4.0596962996816676e-07,74.0350546098592,4.543704460196498e-13
189,66240663.41772201,4.2783520736924864e-07,74.0350546098592,4.781776224349905e-13
190,66332065.69616772,4.5081497436577656e-07,74.0350546098592,5.031670715486375e-13
191,66422840.122724816,4.7496238861732666e-07,74.0350546098592,5.293942010601043e-13
192,66512987.34346451,5.00333308712422e-07,74.0350546098592,5.569168565888422e-13
193,66602508.02146793,5.269860943760519e-07,74.0350546098592,5.857954217458538e-13
194,66691402.83664214,5.549817105273772e-07,74.0350546098592,6.1609292200692e-13
195,66779672.48553638,5.843838353222187e-07,74.0350546098592,6.478751325198555e-13
196,66867317.68116042,6.152589723189112e-07,74.0350546098592,6.812106899821131e-13
197,66954339.15280247,6.476765669105581e-07,74.0350546098592,7.161712087295278e-13
198,67040737.64584892,6.817091271710629e-07,74.0350546098592,7.528314011812511e-13
199,67126513.92160444,7.17432349266907e-07,74.0350546098592,7.912692027905253e-13
200,67211668.75711349,7.549252475912677e-07,74.03505460985919,8.315659016555164e-13
201,67296202.944982,7.94270289781886e-07,74.0350546098592,8.738062729492433e-13
202,67380117.29320057,8.355535367889589e-07,74.0350546098592,9.180787183324476e-13
203,67463412.62496848,8.788647881645032e-07,74.03505460985922,9.644754105184393e-13
204,67546089.77851821,9.242977327495839e-07,74.0350546098592,1.0130924431638606e-12
205,67628149.60694152,9.719501049414134e-07,74.0350546098592,1.0640299862649198e-12
206,67709592.97801572,1.0219238467274338e-06,74.0350546098592,1.117392447243746e-12
207,67790420.77403146,1.0743252756794372e-06,74.0350546098592,1.1732886379154587e-12
208,67870633.89162132,1.1292652591062273e-06,74.0350546098592,1.2318319475319862e-12
209,67950233.24158892,1.1868593945693238e-06,74.0350546098592,1.2931405221046984e-12
210,68029219.74873951,1.2472281969723463e-06,74.03505460985919,1.3573374502140278e-12
211,68107594.3517112,1.3104972924406233e-06,74.03505460985922,1.4245509555202267e-12
212,68185358.00280713,1.3767976192142265e-06,74.0350546098592,1.4949145961960484e-12
213,68262511.66782887,1.44626563578386e-06,74.0350546098592,1.5685674715084268e-12
214,68339056.32591021,1.5190435365059884e-06,74.0350546098592,1.6456544357832352e-12
215,68414992.96935228,1.5952794749399839e-06,74.0350546098592,1.7263263199935894e-12
216,68490322.60345972,1.6751277951576705e-06,74.0350546098592,1.8107401612198939e-12
217,68565046.24637765,1.7587492712821332e-06,74.0350546098592,1.8990594402363125e-12
218,68639164.9289294,1.8463113555206913e-06,74.03505460985922,1.991454327486522e-12
219,68712679.6944552,1.937988434963763e-06,74.0350546098592,2.088101937718431e-12
220,68785591.59865269,2.0339620974298548e-06,74.0350546098592,2.189186593556209e-12
221,68857901.70941684,2.1344214066438384e-06,74.0350546098592,2.2949000982950134e-12
222,68929611.10668226,2.2395631870448403e-06,74.0350546098592,2.405442018213001e-12
223,69000720.88226573,2.34959231852753e-06,74.0350546098592,2.5210199747028997e-12
224,69071232.13970964,2.4647220414291616e-06,74.0350546098592,2.641849946534032e-12
225,69141145.99412678,2.5851742720841588e-06,74.0350546098592,2.768156582565347e-12
226,69210463.57204619,2.71117992927578e-06,74.0350546098592,2.9001735252378437e-12
227,69279186.0112591,2.8429792719244505e-06,74.0350546098592,3.038143745185137e-12
228,69347314.4606668,2.9808222483611436e-06,74.0350546098592,3.182319887309715e-12
229,69414850.0801289,3.1249688575437873e-06,74.03505460985922,3.3329646286824342e-12
230,69481794.04031321,3.275689522584758e-06,74.0350546098592,3.4903510486329537e-12
231,69548147.52254547,3.433265476966951e-06,74.0350546098592,3.654763011408668e-12
232,69613911.71866114,3.5979891638366507e-06,74.0350546098592,3.826495561790436e-12
233,69679087.8308574,3.7701646487712963e-06,74.0350546098592,4.0058553340638495e-12
234,69743677.07154703,3.9501080464318016e-06,74.0350546098592,4.1931609747563844e-12
235,69807680.66321188,4.1381479615187146e-06,74.03505460985919,4.388743579560997e-12
236,69871099.83825836,4.334625944464027e-06,74.0350546098592,4.592947144879322e-12
237,69933935.83887413,4.539896962301004e-06,74.0350546098592,4.806129034428728e-12
238,69996189.9168843,4.754329885166016e-06,74.0350546098592,5.0286604613695724e-12
239,70057863.33361024,4.978307988899137e-06,74.0350546098592,5.26092698642188e-12
240,70118957.35972837,5.212229474221545e-06,74.0350546098592,5.503329032452752e-12
241,70179473.2751302,5.456508002980528e-06,74.0350546098592,5.7562824160288304e-12
242,70239412.36878315,5.711573251966001e-06,74.0350546098592,6.020218896441769e-12
243,70298775.93859299,5.977871484814912e-06,74.0350546098592,6.295586742727716e-12
244,70357565.29126593,6.25586614253334e-06,74.0350546098592,6.582851319215847e-12
245,70415781.74217325,6.546038453180494e-06,74.03505460985919,6.88249569015576e-12
246,70473426.61521554,6.848888061270842e-06,74.0350546098592,7.195021243986501e-12
247,70530501.24268892,7.164933677467009e-06,74.0350546098592,7.520948337826758e-12
248,70587006.96515124,7.494713749149023e-06,74.0350546098592,7.860816962779712e-12
249,70642945.13129011,7.838787152460714e-06,74.0350546098592,8.215187430661602e-12
250,70698317.09779136,8.197733906449117e-06,74.0350546098592,8.584641082779256e-12
251,70753124.22920884,8.572155909928905e-06,74.0350546098592,8.969781021398584e-12
252,70807367.89783448,8.962677701717606e-06,74.0350546098592,9.37123286456075e-12
253,70861049.48357,9.369947244906487e-06,74.0350546098592,9.789645524922624e-12
254,70914170.37379937,9.794636735845234e-06,74.0350546098592,1.0225692013312399e-11
255,70966731.96326198,1.0237443438537336e-05,74.0350546098592,1.0680070267711088e-11
256,71018735.65392695,1.0699090545159527e-05,74.03505460985922,1.1153504008387884e-11
257,71070182.85486835,1.1180328063436219e-05,74.0350546098592,1.1646743619936267e-11
258,71121074.98214133,1.16819337316171e-05,74.0350546098592,1.2160567060975946e-11
259,71171413.4586592,1.2204713961825077e-05,74.0350546098592,1.269578080230603e-11
260,71221199.71407147,1.274950481255955e-05,74.0350546098592,1.3253220794313814e-11
261,71270435.18464266,1.3317172991159508e-05,74.0350546098592,1.3833753464464406e-11
262,71319121.3131321,1.3908616887048786e-05,74.0350546098592,1.4438276745715622e-11
263,71367259.54867508,1.4524767636608598e-05,74.03505460985922,1.5067721136726718e-11
264,71414851.34666388,1.5166590220537881e-05,74.0350546098592,1.5723050794746665e-11
265,71461898.16863137,1.5835084594586605e-05,74.0350546098592,1.6405264662093316e-11
266,71508401.48213337,1.653128685456636e-05,74.0350546098592,1.7115397627156615e-11
267,71554362.76063386,1.7256270436562086e-05,74.03505460985919,1.785452172087872e-11
268,71599783.48339017,1.801114735329404e-05,74.03505460985922,1.862374734969251e-11
269,71644665.13533922,1.8797069467598635e-05,74.0350546098592,1.9424224565920193e-11
270,71689009.20698442,1.9615229804018094e-05,74.0350546098592,2.0257144376657576e-11
271,71732817.19428419,2.0466863899517397e-05,74.0350546098592,2.112374009219961e-11
272,71776090.59854054,2.135325119436114e-05,74.0350546098592,2.202528871507963e-11
273,71818830.92628896,2.2275716464215947e-05,74.0350546098592,2.2963112370829344e-11
274,71861039.68918943,2.3235631294564797e-05,74.0350546098592,2.393857978158988e-11
275,71902718.40391777,2.423441559853842e-05,74.0350546098592,2.4953107783725395e-11
276,71943868.59205812,2.5273539179306383e-05,74.0350546098592,2.600816289063051e-11
277,71984491.77999677,2.6354523338184585e-05,74.0350546098592,2.7105262901939354e-11
278,72024589.49881588,2.7478942529647076e-05,74.0350546098592,2.8245978560378337e-11
279,72064163.28418893,2.864842606445795e-05,74.0350546098592,2.9431935257534704e-11
280,72103214.67627665,2.986465986216263e-05,74.0350546098592,3.0664814789839774e-11
281,72141745.21962413,3.1129388254206854e-05,74.0350546098592,3.194635716609742e-11
282,72179756.46305825,3.24444158389794e-05,74.0350546098592,3.327836246791968e-11
283,72217249.95958646,3.381160939010719e-05,74.0350546098592,3.466269276446633e-11
284,72254227.26629642,3.523289981934944e-05,74.0350546098592,3.610127408290721e-11
285,72290689.94425596,3.671028419548266e-05,74.0350546098592,3.7596098436074795e-11
286,72326639.55841464,3.824582782058326e-05,74.0350546098592,3.9149225908792094e-11
287,72362077.67750572,3.984166636515497e-05,74.0350546098592,4.0762786804406097e-11
288,72397005.87394868,4.150000806357603e-05,74.0350546098592,4.243898385308832e-11
289,72431425.72375345,4.322313597137451e-05,74.0350546098592,4.4180094483500573e-11
290,72465338.80642481,4.501341028586457e-05,74.0350546098592,4.5988473159453634e-11
291,72498746.70486738,4.687327073172461e-05,74.03505460985919,4.786655378323887e-11
292,72531651.00529274,4.8805239013114555e-05,74.0350546098592,4.981685216733173e-11
293,72564053.29712534,5.081192133397616e-05,74.0350546098592,5.184196857622095e-11
294,72595955.17291163,5.289601098818778e-05,74.0350546098592,5.394459034014427e-11
295,72627358.22822748,5.506029102128063e-05,74.0350546098592,5.612749454255813e-11
296,72658264.06158881,5.730763696546354e-05,74.0350546098592,5.839355078320739e-11
297,72688674.27436116,5.964101964973718e-05,74.0350546098592,6.074572401870629e-11
298,72718590.47067125,6.206350808690926e-05,74.03505460985919,6.318707748257253e-11
299,72748014.25731865,6.457827243936949e-05,74.0350546098592,6.572077568671366e-11
300,72776947.24368884,6.718858706552035e-05,74.0350546098592,6.835008750640398e-11
301,72805391.04166637,6.989783364878611e-05,74.0350546098592,7.107838935082644e-11
302,72833347.26554933,7.270950441117575e-05,74.0350546098592,7.390916842130934e-11
303,72860817.53196478,7.562720541341371e-05,74.0350546098592,7.684602605943527e-11
304,72887803.4597841,7.86546599436793e-05,74.0350546098592,7.989268118723261e-11
305,72914306.6700401,8.179571199705903e-05,74.0350546098592,8.30529738417281e-11
306,72940328.78584436,8.505432984783338e-05,74.0350546098592,8.633086880616571e-11
307,72965871.43230549,8.843460971678826e-05,74.0350546098592,8.973045934027204e-11
308,72990936.23644783,9.194077953575717e-05,74.0350546098592,9.325597101197106e-11
309,73015524.82713191,9.557720281166786e-05,74.0350546098592,9.691176563302626e-11
310,73039638.83497432,9.934838259239465e-05,74.0350546098592,1.0070234530112611e-10
311,73063279.89226915,0.00010325896553677451,74.0350546098592,1.0463235655098981e-10
312,73086449.6329103,0.00010731374609118464,74.0350546098592,1.0870659461712111e-10
313,73109149.6923142,0.00011151767077512565,74.0350546098592,1.129300078108922e-10
314,73131381.70734291,0.000115875842578303,74.0350546098592,1.173077020146979e-10
315,73153147.316229,0.00012039352547175608,74.0350546098592,1.218449452959834e-10
316,73174448.15850037,0.00012507614903561125,74.0350546098592,1.2654717264398894e-10
317,73195285.8749057,0.00012992931320610556,74.0350546098592,1.3141999083213388e-10
318,73215662.10734127,0.00013495879314457976,74.03505460985919,1.3646918340902085e-10
319,73235578.49877825,0.00014017054423115692,74.0350546098592,1.4170071582107472e-10
320,73255036.69319013,0.00014557070718592874,74.03505460985919,1.47120740669944e-10
321,73274038.33548175,0.00015116561332046983,74.0350546098592,1.5273560310779974e-10
322,73292585.07141888,0.00015696178992259324,74.03505460985919,1.5855184637377493e-10
323,73310678.5475576,0.00016296596577728583,74.0350546098592,1.6457621747482462e-10
324,73328320.41117565,0.0001691850768268476,74.0350546098592,1.7081567301437752e-10
325,73345512.3102037,0.0001756262719732837,74.0350546098592,1.7727738517219625e-10
326,73362255.89315727,0.00018229691902606562,74.0350546098592,1.8396874783893738e-10
327,73378552.80907042,0.00018920461079845421,74.0350546098592,1.9089738290899075e-10
328,73394404.70742805,0.00019635717135559443,74.0350546098592,1.980711467352174e-10
329,73409813.23810126,0.00020376266241770274,74.0350546098592,2.054981367493139e-10
330,73424780.05128147,0.00021142938992166607,74.0350546098592,2.1318669825156078e-10
331,73439306.79741664,0.00021936591074449003,74.03505460985922,2.2114543137383098e-10
332,73453395.1271469,0.00022758103959206506,74.0350546098592,2.2938319821979234e-10
333,73467046.69124208,0.00023608385605678313,74.0350546098592,2.3790913018630523e-10
334,73480263.14053899,0.00024488371184758554,74.0350546098592,2.467326354700917e-10
335,73493046.12587947,0.00025399023819614103,74.0350546098592,2.5586340676387937e-10
336,73505397.29804982,0.00026341335344285354,74.0350546098592,2.6531142914624057e-10
337,73517318.30771975,0.0002731632708064967,74.0350546098592,2.750869881694683e-10
338,73528810.80538315,0.00028325050634133694,74.0350546098592,2.852006781499025e-10
339,73539876.44129865,0.00029368588708567967,74.03505460985922,2.9566341066522023e-10
340,73550516.865431,0.0003044805594057927,74.0350546098592,3.064864232632371e-10
341,73560733.72739355,0.00031564599753933404,74.0350546098592,3.176812883869545e-10
342,73570528.67639053,0.000327194012342353,74.0350546098592,3.2925992252056094e-10
343,73579903.36116084,0.00033913676024411145,74.0350546098592,3.4123459556127634e-10
344,73588859.42992173,0.00035148675241396596,74.0350546098592,3.536179404219597e-10
345,73597398.53031392,0.00036425686414471046,74.0350546098592,3.6642296286956375e-10
346,73605522.30934623,0.00037746034445670565,74.0350546098592,3.7966305160448606e-10
347,73613232.41334163,0.0003911108259274054,74.0350546098592,3.9335198858615313e-10
348,73620530.48788399,0.00040522233475075696,74.0350546098592,4.0750395961007456e-10
349,73627418.17776465,0.0004198093010311694,74.0350546098592,4.2213356514184734e-10
350,73633897.12693068,0.0004348865693167769,74.0350546098592,4.372558314136316e-10
351,73639968.97843237,0.00045046940937673867,74.0350546098592,4.528862217886804e-10
352,73645635.37437274,0.00046657352722753747,74.0350546098592,4.69040648399723e-10
353,73650897.9558565,0.000483215076413189,74.0350546098592,4.857354840670077e-10
354,73655758.36294045,0.0005004106695444094,74.0350546098592,5.02987574501942e-10
355,73660218.23458362,0.0005181773901018601,74.0350546098592,5.208142508023942e-10
356,73664279.20859899,0.0005365328045086909,74.0350546098592,5.392333422458165e-10
357,73667942.92160483,0.0005554949744776593,74.0350546098592,5.582631893864742e-10
358,73671211.00897679,0.0005750824696382097,74.0350546098592,5.779226574631666e-10
359,73674085.10480124,0.0005953143804489442,74.03505460985922,5.982311501239102e-10
360,73676566.84182864,0.0006162103314010838,74.0350546098592,6.192086234742688e-10
361,73678657.85142703,0.0006377904945184837,74.0350546098592,6.408756004559942e-10
362,73680359.76353721,0.0006600756031600221,74.0350546098592,6.632531855629192e-10
363,73681674.20662741,0.0006830869661300488,74.0350546098592,6.863630799009774e-10
364,73682602.8076488,0.0007068464821028991,74.0350546098592,7.10227596599541e-10
365,73683147.19199193,0.0007313766543674821,74.0350546098592,7.348696765813168e-10
366,73683308.98344342,0.0007567006058979035,74.0350546098592,7.603129046980369e-10
367,73683089.80414285,0.0007828420947564053,74.0350546098592,7.865815262395301e-10
368,73682491.274541,0.0008098255298349135,74.03505460985919,8.137004638237845e-10
369,73681515.0133576,0.0008376759869415429,74.0350546098592,8.41695334675757e-10
370,73680162.6375407,0.0008664192252384158,74.0350546098592,8.705924683026604e-10
371,73678435.76222506,0.0008960817040375668,74.0350546098592,9.004189245739961e-10
372,73676336.00069313,0.0009266905999614417,74.0350546098592,9.312025122142757e-10
373,73673864.96433456,0.0009582738244748296,74.0350546098592,9.62971807716854e-10
374,73671024.26260728,0.0009908600417950309,74.0350546098592,9.957561746872104e-10
375,73667815.50299874,0.001024478687187343,74.0350546098592,1.029585783624388e-09
376,73664240.29098813,0.0010591599856527693,74.0350546098592,1.064491632149141e-09
377,73660300.23000789,0.0010949349710152947,74.0350546098592,1.1005055656878534e-09
378,73655996.92140745,0.001131835505415893,74.0350546098592,1.1376602986211001e-09
379,73651331.96441615,0.0011698942992207132,74.0350546098592,1.1759894359061243e-09
380,73646306.9561064,0.0012091449313508897,74.0350546098592,1.2155274951825006e-09
381,73640923.49135925,0.0012496218700416399,74.0350546098592,1.25630992937049e-09
382,73635183.16282783,0.0012913604940383225,74.0350546098592,1.2983731497717698e-09
383,73629087.56090339,0.0013343971142371887,74.0350546098592,1.3417545496821675e-09
384,73622638.27368066,0.0013787689957790211,74.03505460985922,1.3864925285266794e-09
385,73615836.88692403,0.0014245143806034459,74.0350546098592,1.4326265165266207e-09
386,73608684.98403388,0.0014716725104721036,74.0350546098592,1.4801969999092335e-09
387,73601184.14601426,0.0015202836504691146,74.0350546098592,1.5292455466703543e-09
388,73593335.95143999,0.0015703891129871426,74.03505460985919,1.5798148329007298e-09
389,73585141.97642428,0.0016220312822074333,74.0350546098592,1.6319486696866282e-09
390,73576603.7945879,0.00167525363908276,74.0350546098592,1.685692030596017e-09
391,73567722.97702755,0.0017301007868316502,74.0350546098592,1.7410910797611438e-09
392,73558501.09228505,0.001786618476952945,74.0350546098592,1.7981932005690057e-09
393,73548939.7063175,0.0018448536357699012,74.0350546098592,1.8570470249714565e-09
394,73539040.3824669,0.0019048543915124276,74.0350546098592,1.917702463426161e-09
395,73528804.68143111,0.0019666701019470626,74.0350546098592,1.9802107354806277e-09
396,73518234.1612348,0.00203035138256407,74.0350546098592,2.0446244010114476e-09
397,73507330.37720089,0.002095950135330852,74.03505460985919,2.1109973921307072e-09
398,73496094.88192198,0.0021635195780215282,74.0350546098592,2.1793850457723075e-09
399,73484529.22523324,0.002233114274132371,74.0350546098592,2.2498441369707426e-09
400,73472634.95418487,0.002304790163392771,74.0350546098592,2.32243291284507e-09
401,73460413.61301474,0.002378604592882145,74.0350546098592,2.3972111273015273e-09
402,73447866.74312256,0.002454616348762398,74.0350546098592,2.4742400764674866e-09
403,73434995.88304336,0.002532885688636529,74.0350546098592,2.553582634870637e-09
404,73421802.56842168,0.0026134743745436975,74.0350546098592,2.6353032923769256e-09
405,73408288.33198668,0.002696445706601276,74.0350546098592,2.7194681919011468e-09
406,73394454.70352688,0.0027818645573045725,74.0350546098592,2.806145167904339e-09
407,73380303.20986544,0.0028697974064946377,74.03505460985919,2.8954037856918853e-09
408,73365835.37483655,0.0029603123770059717,74.0350546098592,2.987315381527713e-09
409,73351052.71926141,0.0030534792710042746,74.0350546098592,3.0819531035784547e-09
410,73335956.7609243,0.0031493696070257816,74.0350546098592,3.1793919537028735e-09
411,73320549.01455048,0.0032480566577299127,74.0350546098592,3.279708830102043e-09
412,73304830.99178305,0.003349615488376069,74.0350546098592,3.382982570845164e-09
413,73288804.20116036,0.003454122996036624,74.0350546098592,3.4892939982870277e-09
414,73272470.14809483,0.003561657949558016,74.0350546098592,3.5987259643930953e-09
415,73255830.33485097,0.0036723010302812755,74.0350546098592,3.711363396987828e-09
416,73238886.26052383,0.003786134873534544,74.0350546098592,3.827293346943061e-09
417,73221639.42101894,0.0039032441109100174,74.0350546098592,3.946605036323197e-09
418,73204091.30903134,0.004023715413336928,74.0350546098592,4.06938990750343e-09
419,73186243.41402549,0.004147637534963568,74.0350546098592,4.1957416732784816e-09
420,73168097.22221556,0.0042751013578609075,74.0350546098592,4.325756367979136e-09
421,73149654.21654582,0.0044061999375611845,74.0350546098592,4.459532399614732e-09
422,73130915.87667212,0.004541028549443041,74.0350546098592,4.597170603058009e-09
423,73111883.67894198,0.004679684735977669,74.0350546098592,4.7387742942919205e-09
424,73092559.09637733,0.00482226835484886,74.0350546098592,4.884449325736167e-09
425,73072943.598656,0.004968881627960041,74.0350546098592,5.0343041426719515e-09
426,73053038.65209351,0.005119629191342048,74.03505460985919,5.1884498407839426e-09
427,73032845.71962623,0.005274618145975814,74.03505460985922,5.347000224839003e-09
428,73012366.26079415,0.005433958109543178,74.0350546098592,5.510071868520491e-09
429,72991601.73172355,0.005597761269120117,74.0350546098592,5.677784175438134e-09
430,72970553.5851114,0.005766142434827508,74.0350546098592,5.8502594413342006e-09
431,72949223.27020846,0.0059392190944515515,74.0350546098592,6.027622917504199e-09
432,72927612.23280348,0.006117111469051335,74.0350546098592,6.210002875455477e-09
433,72905721.9152083,0.006299942569565828,74.03505460985922,6.397530672822091e-09
434,72883553.75624187,0.00648783825443669,74.0350546098592,6.59034082055882e-09
435,72861109.19121559,0.006680927288260392,74.0350546098592,6.788571051433982e-09
436,72838389.65191878,0.006879341401487179,74.0350546098592,6.992362389845227e-09
437,72815396.56660418,0.007083215351179787,74.03505460985922,7.2018592229778585e-09
438,72792131.35997391,0.0072926869828488375,74.0350546098592,7.417209373329394e-09
439,72768595.45316578,0.007507897293380541,74.0350546098592,7.638564172622907e-09
440,72744790.26373997,0.007728990495072095,74.0350546098592,7.866078537131606e-09
441,72720717.2056653,0.007956114080790909,74.0350546098592,8.099911044438051e-09
442,72696377.68930714,0.008189418890274887,74.0350546098592,8.340224011652436e-09
443,72671773.12141407,0.008429059177588169,74.0350546098592,8.587183575112033e-09
444,72646904.90510602,0.008675192679750568,74.03505460985919,8.840959771587487e-09
445,72621774.43986192,0.00892798068655753,74.0350546098592,9.101726621020742e-09
446,72596383.12150817,0.009187588111605997,74.0350546098592,9.369662210817758e-09
447,72570732.34220673,0.00945418356454406,74.0350546098592,9.644948781722174e-09
448,72544823.4904443,0.009727939424563013,74.0350546098592,9.927772815296624e-09
449,72518657.9510214,0.010009031915147088,74.0350546098592,1.0218325123035475e-08
450,72492237.10504083,0.01029764118009914,74.0350546098592,1.0516800937135948e-08
451,72465562.32989825,0.010593951360861633,74.0350546098592,1.082340000295537e-08
452,72438634.99927148,0.01089815067514839,74.0350546098592,1.1138326673179299e-08
453,72411456.48311046,0.011210431496907095,74.0350546098592,1.1461790003729406e-08
454,72384028.14762764,0.011530990437630836,74.03505460985922,1.179400385143864e-08
455,72356351.35528885,0.011860028429035536,74.0350546098592,1.2135186973519877e-08
456,72328427.46480359,0.012197750807124257,74.0350546098592,1.2485563128858919e-08
457,72300257.83111648,0.012544367397655984,74.0350546098592,1.2845361181158827e-08
458,72271843.80539842,0.01290009260303779,74.0350546098592,1.3214815203964733e-08
459,72243186.73503806,0.01326514549065999,74.0350546098592,1.3594164587598773e-08
460,72214287.9636336,0.0136397498826948,74.0350546098592,1.3983654148035988e-08
461,72185148.83098496,0.014024134447376064,74.0350546098592,1.4383534237749208e-08
462,72155770.6730859,0.014418532791781454,74.0350546098592,1.4794060858555205e-08
463,72126154.82211623,0.014823183556136195,74.0350546098592,1.5215495776491898e-08
464,72096302.60643509,0.015238330509659897,74.0350546098592,1.5648106638759268e-08
465,72066215.35057348,0.01566422264797596,74.0350546098592,1.6092167092754994e-08
466,72035894.37522733,0.016101114292102384,74.0350546098592,1.6547956907234864e-08
467,72005340.99725123,0.01654926518904901,74.0350546098592,1.701576209563479e-08
468,71974556.52965187,0.01700894061403833,74.0350546098592,1.7495875041583544e-08
469,71943542.28158164,0.017480411474373007,74.0350546098592,1.7988594626641502e-08
470,71912299.55833295,0.017963954414970246,74.0350546098592,1.8494226360297666e-08
471,71880829.6613324,0.018459851925586277,74.03505460985919,1.901308251226105e-08
472,71849133.88813521,0.018968392449749946,74.0350546098592,1.9545482247078014e-08
473,71817213.53241977,0.01948987049543161,74.0350546098592,2.009175176111494e-08
474,71785069.8839828,0.020024586747464667,74.0350546098592,2.065222442193652e-08
475,71752704.22873388,0.020572848181744943,74.0350546098592,2.1227240910118733e-08
476,71720117.84869146,0.02113496818123049,74.0350546098592,2.181714936353223e-08
477,71687312.02197789,0.021711266653763647,74.0350546098592,2.2422305524132525e-08
478,71654288.02281485,0.02230207015173781,74.0350546098592,2.3043072887293154e-08
479,71621047.1215199,0.02290771199363426,74.0350546098592,2.3679822853721606e-08
480,71587590.58450206,0.023528532387448765,74.0350546098592,2.4332934883992604e-08
481,71553919.67425798,0.024164878556035885,74.0350546098592,2.5002796655741485e-08
482,71520035.64936888,0.024817104864391887,74.0350546098592,2.5689804223553532e-08
483,71485939.76449676,0.02548557294889862,74.0350546098592,2.639436218158728e-08
484,71451633.27038111,0.026170651848557488,74.0350546098592,2.7116883828976633e-08
485,71417117.41383661,0.026872718138233876,74.0350546098592,2.78577913380475e-08
486,71382393.43774952,0.02759215606393795,74.0350546098592,2.8617515925392137e-08
487,71347462.58107528,0.02832935768016441,74.0350546098592,2.9396498025839068e-08
488,71312326.07883652,0.029084722989320567,74.0350546098592,3.0195187469365285e-08
489,71276985.16212013,0.029858660083265858,74.0350546098592,3.101404366099113e-08
490,71241441.05807534,0.030651585286983342,74.03505460985919,3.1853535763694946e-08
491,71205694.9899121,0.031463923304417094,74.0350546098592,3.271414288439932e-08
492,71169748.17689893,0.03229610736649628,74.0350546098592,3.359635426306792e-08
493,71133601.83436143,0.033148579381371716,74.0350546098592,3.4500669464956227e-08
494,71097257.17368104,0.03402179008689277,74.0350546098592,3.5427598576062795e-08
495,71060715.4022935,0.034916199205350155,74.0350546098592,3.637766240182531e-08
496,71023977.72368784,0.03583227560051113,74.0350546098592,3.735139266910692e-08
497,70987045.33740543,0.036770497436975615,74.0350546098592,3.8349332231520615e-08
498,70949919.43903951,0.03773135234187571,74.0350546098592,3.9372035278133695e-08
499,70912601.22023374,0.03871533756895084,74.0350546098592,4.0420067545605135e-08
500,70875091.86868264,0.039722960165023725,74.03505460985919,4.149400653380001e-08
501,70837392.56813093,0.04075473713890557,74.0350546098592,4.2594441724931244e-08
502,70799504.49837296,0.04181119563275358,74.0350546098592,4.3721974806272204e-08
503,70761428.8352534,0.042892873095918486,74.0350546098592,4.487721989649835e-08
504,70723166.75066693,0.04400031746130103,74.0350546098592,4.606080377569976e-08
505,70684719.41255848,0.04513408732424992,74.0350546098592,4.727336611911789e-08
506,70646087.98492385,0.04629475212402933,74.0350546098592,4.8515559734656984e-08
507,70607273.62781025,0.047482892327886196,74.0350546098592,4.9788050804223384e-08
508,70568277.49731697,0.04869909961774261,74.0350546098592,5.1091519128940445e-08
509,70529100.74559607,0.049943977079546585,74.0350546098592,5.242665837829601e-08
510,70489744.52085371,0.05121813939530937,74.0350546098592,5.379417634327363e-08
511,70450209.96735105,0.052522213037856744,74.0350546098592,5.519479519351944e-08
512,70410498.22540528,0.05385683646832475,74.0350546098592,5.662925173859938e-08
513,70370610.43139167,0.05522266033643782,74.0350546098592,5.809829769340862e-08
514,70330547.7177444,0.05662034768358432,74.0350546098592,5.9602699947774845e-08
515,70290311.21295846,0.058050574148732895,74.0350546098592,6.114324084032223e-08
516,70249902.04159172,0.05951402817721636,74.0350546098592,6.272071843664992e-08
517,70209321.32426646,0.061011411232412424,74.0350546098592,6.433594681188045e-08
518,70168570.17767143,0.0625434380103526,74.0350546098592,6.598975633763527e-08
519,70127649.7145642,0.06411083665729257,74.0350546098592,6.768299397349786e-08
520,70086561.04377352,0.06571434899027595,74.0350546098592,6.941652356302403e-08
521,70045305.27020115,0.06735473072071622,74.0350546098592,7.11912261343517e-08
522,70003883.4948251,0.06903275168104275,74.03505460985919,7.300800020548372e-08
523,69962296.81470181,0.07074919605442373,74.0350546098592,7.486776209428568e-08
524,69920546.32296917,0.07250486260761797,74.0350546098592,7.67714462332792e-08
525,69878633.10884915,0.07430056492697519,74.03505460985922,7.872000548928014e-08
526,69836558.25765093,0.07613713165762298,74.0350546098592,8.071441148794896e-08
527,69794322.85077393,0.07801540674586507,74.0350546098592,8.27556549433082e-08
528,69751927.96571101,0.07993624968484198,74.03505460985919,8.484474599230943e-08
529,69709374.67605205,0.08190053576346876,74.0350546098592,8.698271453449421e-08
530,69666664.05148685,0.0839091563186893,74.0350546098592,8.917061057682138e-08
531,69623797.1578091,0.08596301899108841,74.0350546098592,9.140950458373224e-08
532,69580775.05691999,0.08806304798388394,74.0350546098592,9.370048783250932e-08
533,69537598.80683155,0.09021018432534054,74.0350546098592,9.60446727740032e-08
534,69494269.46167098,0.09240538613463928,74.0350546098592,9.844319339879349e-08
535,69450788.07168438,0.09464962889123386,74.03505460985919,1.0089720560885e-07
536,69407155.68324067,0.09694390570772357,74.0350546098592,1.0340788759475708e-07
537,69363373.33883597,0.09928922760630012,74.0350546098592,1.0597644021859403e-07
538,69319442.07709771,0.1016866237987752,74.03505460985919,1.086040874025126e-07
539,69275362.93278897,0.10413714197023437,74.0350546098592,1.112920765230926e-07
540,69231136.93681277,0.10664184856636454,74.0350546098592,1.1404167881156003e-07
541,69186765.11621706,0.1092018290844783,74.0350546098592,1.1685418975992607e-07
542,69142248.49419868,0.11181818836826846,74.0350546098592,1.197309295331186e-07
543,69097588.09010853,0.11449205090633637,74.0350546098592,1.2267324338718576e-07
544,69052784.91945635,0.11722456113453371,74.0350546098592,1.2568250209365068e-07
545,69007839.99391524,0.12001688374214059,74.0350546098592,1.2876010237007817e-07
546,68962754.32132696,0.12287020398192994,74.0350546098592,1.319074673169418e-07
547,68917528.90570706,0.12578572798414706,74.03505460985922,1.3512604686085967e-07
548,68872164.7472496,0.1287646830744401,74.0350546098592,1.3841731820427627e-07
549,68826662.84233272,0.131808318095796,74.03505460985922,1.4178278628168354e-07
550,68781024.18352386,0.13491790373448817,74.0350546098592,1.4522398422242873e-07
551,68735249.75958525,0.13809473285010268,74.0350546098592,1.4874247382021823e-07
552,68689340.55547893,0.14134012080966318,74.0350546098592,1.5233984600937985e-07
553,68643297.55237298,0.14465540582590397,74.0350546098592,1.5601772134797332e-07
554,68597121.72764662,0.14804194929972184,74.0350546098592,1.597777505078263e-07
555,68550814.05489597,0.1515011361668357,74.0350546098592,1.6362161477156534e-07
556,68504375.50394014,0.15503437524872407,74.0350546098592,1.6755102653675774e-07
557,68457807.0408268,0.1586430996078464,74.0350546098592,1.7156772982721578e-07
558,68411109.62783803,0.16232876690719325,74.0350546098592,1.7567350081155172e-07
559,68364284.22349657,0.16609285977422433,74.0350546098592,1.7987014832908984e-07
560,68317331.78257181,0.16993688616921343,74.0350546098592,1.8415951442320105e-07
561,68270253.25608572,0.17386237975803956,74.0350546098592,1.8854347488214587e-07
562,68223049.59131937,0.17787090028948466,74.0350546098592,1.930239397875346e-07
563,68175721.73181903,0.18196403397704733,74.03505460985919,1.976028540704607e-07
564,68128270.61740236,0.18614339388533277,74.0350546098592,2.0228219807541917e-07
565,68080697.18416516,0.19041062032106645,74.0350546098592,2.070639881321037e-07
566,68033002.36448748,0.19476738122874213,74.0350546098592,2.1195027713514634e-07
567,67985187.08704045,0.1992153725909674,74.0350546098592,2.1694315513190965e-07
568,67937252.2767927,0.20375631883354836,74.0350546098592,2.220447499184287e-07
569,67889198.85501717,0.2083919732353441,74.0350546098592,2.2725722764358163e-07
570,67841027.73929746,0.21312411834293005,74.03505460985919,2.3258279342158326e-07
571,67792739.84353514,0.21795456639012264,74.0350546098592,2.3802369195290315e-07
572,67744336.07795629,0.22288515972239828,74.0350546098592,2.435822081536999e-07
573,67695817.34911814,0.2279177712262513,74.0350546098592,2.492606677938681e-07
574,67647184.55991668,0.23305430476353026,74.03505460985922,2.5506143814379e-07
575,67598438.6095929,0.23829669561079458,74.0350546098592,2.6098692862989513e-07
576,67549580.39374068,0.24364691090372922,74.0350546098592,2.670395914991143e-07
577,67500610.804313,0.24910695008668057,74.0350546098592,2.7322192249235854e-07
578,67451530.72962995,0.2546788453673202,74.0350546098592,2.795364615270738e-07
579,67402341.05438529,0.2603646621764984,74.0350546098592,2.8598579338900377e-07
580,67353042.65965414,0.26616649963335,74.0350546098592,2.925725484332756e-07
581,67303636.42290023,0.2720864910156506,74.0350546098592,2.9929940329486614e-07
582,67254123.21798302,0.2781268042354967,74.03505460985919,3.061690816085871e-07
583,67204503.91516548,0.28428964232035514,74.03505460985919,3.1318435473868946e-07
584,67154779.38112143,0.29057724389949874,74.0350546098592,3.203480425181693e-07
585,67104950.47894273,0.2969918836958974,74.0350546098592,3.276630139979077e-07
586,67055018.068147376,0.30353587302360135,74.0350546098592,3.351321882057393e-07
587,67004983.00468696,0.3102115602906444,74.0350546098592,3.427585349155449e-07
588,66954846.140953824,0.31702133150752393,74.0350546098592,3.505450754264918e-07
589,66904608.325789526,0.32396761080132364,74.0350546098592,3.584948833525447e-07
590,66854270.40449204,0.33105286093546604,74.0350546098592,3.6661108542230865e-07
591,66803833.218823776,0.338279583835181,74.0350546098592,3.7489686228934974e-07
592,66753297.60701931,0.3456503211187516,74.0350546098592,3.8335544935313055e-07
593,66702664.40379321,0.3531676546345179,74.0350546098592,3.9199013759059867e-07
594,66651934.4403481,0.3608342070037393,74.0350546098592,4.0080427439860453e-07
595,66601108.54438244,0.36865264216933974,74.0350546098592,4.0980126444724225e-07
596,66550187.54009851,0.37662566595056635,74.0350546098592,4.1898457054420937e-07
597,66499172.24821061,0.3847560266036638,74.0350546098592,4.2835771451036655e-07
598,66448063.48595287,0.3930465153884934,74.0350546098592,4.379242780664865e-07
599,66396862.067087606,0.40149996714128694,74.0350546098592,4.4768790373146766e-07
600,66345568.80191316,0.4101192608534611,74.0350546098592,4.576522957320026e-07
601,66294184.49727213,0.41890732025660044,74.0350546098592,4.678212209238858e-07
602,66242709.95655983,0.42786711441365377,74.0350546098592,4.781985097250815e-07
603,66191145.979732275,0.4370016583163266,74.0350546098592,4.887880570606059e-07
604,66139493.36331427,0.4463140134888075,74.0350546098592,4.995938233194461e-07
605,66087752.90040818,0.45580728859781594,74.0350546098592,5.106198353235692e-07
606,66035925.380701825,0.46548464006901485,74.0350546098592,5.218701873091539e-07
607,65984011.59047699,0.4753492727098478,74.0350546098592,5.333490419201722e-07
608,65932012.31261791,0.4854044403388748,74.0350546098592,5.450606312144854e-07
609,65879928.326619536,0.4956534464215961,74.0350546098592,5.570092576825173e-07
610,65827760.40859584,0.5060996447128266,74.0350546098592,5.691992952786484e-07
611,65775509.33128871,0.5167464399057358,74.0350546098592,5.816351904655319e-07
612,65723175.86407603,0.5275972882874614,74.0350546098592,5.943214632713179e-07
613,65670760.772980325,0.5386556984014917,74.0350546098592,6.072627083600702e-07
614,65618264.820677504,0.5499252317167629,74.0350546098592,6.204635961153971e-07
615,65565688.76650514,0.5614095033035358,74.0350546098592,6.339288737374565e-07
616,65513033.366471164,0.5731121825161397,74.0350546098592,6.476633663535017e-07
617,65460299.37326252,0.5850369936825941,74.0350546098592,6.616719781420698e-07
618,65407487.53625386,0.5971877168011629,74.0350546098592,6.759596934709512e-07
619,65354598.60151599,0.6095681882438388,74.0350546098592,6.905315780490265e-07
620,65301633.31182491,0.6221823014669489,74.0350546098592,7.05392780092259e-07
621,65248592.40667015,0.635034007728751,74.0350546098592,7.205485315037947e-07
622,65195476.62226369,0.6481273168141648,74.0350546098592,7.360041490684039e-07
623,65142286.691548675,0.6614662977667068,74.0350546098592,7.517650356614352e-07
624,65089023.34420831,0.6750550796275719,74.0350546098592,7.678366814723026e-07
625,65035687.30667429,0.688897852182039,74.0350546098592,7.842246652427987e-07
626,64982279.30213596,0.7029988667131327,74.0350546098592,8.009346555202343e-07
627,64928800.05054913,0.7173624367626779,74.0350546098592,8.17972411925659e-07
628,64875250.26864458,0.7319929388996828,74.0350546098592,8.353437864371815e-07
629,64821630.66993725,0.7468948134962944,74.0350546098592,8.530547246887439e-07
630,64767941.96473509,0.7620725655111118,74.0350546098592,8.711112672842118e-07
631,64714184.8601476,0.7775307652801068,74.0350546098592,8.895195511271566e-07
632,64660360.060095236,0.7932740493151398,74.0350546098592,9.082858107663933e-07
633,64606468.26531802,0.8093071211100953,74.0350546098592,9.274163797574194e-07
634,64552510.17338443,0.8256347519546858,74.0350546098592,9.469176920398904e-07
635,64498486.47870063,0.8422617817559981,74.0350546098592,9.667962833313118e-07
636,64444397.872519165,0.8591931198678348,74.0350546098592,9.87058792537119e-07
637,64390245.0429479,0.8764337459278283,74.0350546098592,1.0077119631772035e-06
638,64336028.6749594,0.8939887107024913,74.0350546098592,1.0287626448291703e-06
639,64281749.45039954,0.9118631369401268,74.0350546098592,1.050217794588355e-06
640,64227408.04799641,0.9300622202317317,74.0350546098592,1.072084478544844e-06
641,64173005.143369906,0.9485912298799128,74.0350546098592,1.0943698732776057e-06
642,64118541.40904014,0.9674555097758695,74.0350546098592,1.1170812673659339e-06
643,64064017.5144369,0.9866604792844382,74.0350546098592,1.1402260629182663e-06
644,64009434.12590847,1.0062116341373541,74.0350546098592,1.163811777118681e-06
645,63954791.90673076,1.0261145473346762,74.0350546098592,1.187846043791108e-06
646,63900091.51711643,1.0463748700544953,74.0350546098592,1.2123366149814984e-06
647,63845333.61422375,1.0669983325708243,74.0350546098592,1.2372913625579484e-06
648,63790518.85216598,1.0879907451800388,74.0350546098592,1.2627182798293002e-06
649,63735647.882020354,1.109357999135494,74.0350546098592,1.2886254831819082e-06
650,63680721.35183687,1.1311060675907325,74.0350546098592,1.315021213735159e-06
651,63625739.90664794,1.1532410065510563,74.0350546098592,1.3419138390155756e-06
652,63570704.188477114,1.1757689558337596,74.0350546098592,1.3693118546499908e-06
653,63515614.836348124,1.1986961400368064,74.0350546098592,1.3972238860776314e-06
654,63460472.486294426,1.2220288695162398,74.0350546098592,1.4256586902815574e-06
655,63405277.77136793,1.2457735413722142,74.0350546098592,1.4546251575394644e-06
656,63350031.32164818,1.269936640443699,74.0350546098592,1.484132313194005e-06
657,63294733.764251694,1.294524740312113,74.0350546098592,1.5141893194430462e-06
658,63239385.72334095,1.3195445043135638,74.0350546098592,1.5448054771496153e-06
659,63183987.820133366,1.345002686560065,74.0350546098592,1.5759902276720775e-06
660,63128540.6729108,1.3709061329696672,74.0350546098592,1.607753154714583e-06
661,63073044.897028476,1.3972617823054931,74.0350546098592,1.640103986197914e-06
662,63017501.104923986,1.4240766672238094,74.0350546098592,1.673052596150991e-06
663,62961909.906126775,1.4513579153310785,74.0350546098592,1.7066090066230947e-06
664,62906271.90726702,1.4791127502502415,74.0350546098592,1.7407833896172339e-06
665,62850587.712084875,1.507348492695938,74.0350546098592,1.7755860690444264e-06
666,62794857.921439566,1.536072561559117,74.0350546098592,1.8110275226995603e-06
667,62739083.133318655,1.5652924750007642,74.0350546098592,1.8471183842586272e-06
668,62683263.942847066,1.59501585155487,74.0350546098592,1.8838694452976242e-06
669,62627400.94229633,1.6252504112408581,74.0350546098592,1.921291657333483e-06
670,62571494.721093506,1.656003976685272,74.0350546098592,1.9593961338869465e-06
671,62515545.86583068,1.6872844742528783,74.0350546098592,1.998194152567679e-06
672,62459554.9602739,1.7190999351872938,74.0350546098592,2.0376971571818992e-06
673,62403522.58537219,1.7514584967611364,74.0350546098592,2.077916759862656e-06
674,62347449.319266886,1.7843684034355682,74.0350546098592,2.118864743222713e-06
675,62291335.73730081,1.8178380080296186,74.0350546098592,2.160553062530655e-06
676,62235182.41202727,1.851875772899093,74.0350546098592,2.2029938479101104e-06
677,62178989.913219124,1.8864902711250977,74.0350546098592,2.2461994065622786e-06
678,62122758.80787809,1.9216901877124424,74.0350546098592,2.29018222501218e-06
679,62066489.660243906,1.9574843207976362,74.0350546098592,2.3349549713784576e-06
680,62010183.031803064,1.993881582866854,74.0350546098592,2.3805304976673246e-06
681,61953839.48129832,2.030891001983759,74.0350546098592,2.4269218420906226e-06
682,61897459.56473782,2.0685217230271555,74.0350546098592,2.4741422314081396e-06
683,61841043.83540372,2.106783008938639,74.0350546098592,2.522205083294538e-06
684,61784592.843861856,2.145684241980297,74.0350546098592,2.5711240087310463e-06
685,61728107.13797057,2.1852349250023932,74.0350546098592,2.6209128144220417e-06
686,61671587.26288977,2.225444682721155,74.0350546098592,2.6715855052367794e-06
687,61615033.76109008,2.266323263006701,74.0350546098592,2.7231562866764702e-06
688,61558447.17236179,2.3078805381811427,74.0350546098592,2.775639567366895e-06
689,61501828.03382431,2.3501265063269616,74.0350546098592,2.8290499615768098e-06
690,61445176.879934594,2.3930712926055526,74.0350546098592,2.8834022917622205e-06
691,61388494.24249678,2.4367251505860903,74.0350546098592,2.938711591136777e-06
692,61331780.65067102,2.481098463584893,74.0350546098592,2.9949931062687258e-06
693,61275036.63098226,2.5262017460149115,74.0350546098592,3.0522622997041124e-06
694,61218262.70732971,2.5720456447460305,74.0350546098592,3.1105348526171676e-06
695,61161459.40099574,2.618640940475375,74.0350546098592,3.1698266674871252e-06
696,61104627.230654545,2.665998549108571,74.0350546098592,3.230153870802759e-06
697,61047766.71238171,2.7141295231513483,74.0350546098592,3.291532815794003e-06
698,60990878.359662674,2.763045053111799,74.0350546098592,3.3539800851912957e-06
699,60933962.6834021,2.812756468913244,74.0350546098592,3.417512494012642e-06
700,60877020.19193278,2.8632752413178277,74.0350546098592,3.4821470923787824e-06
701,60820051.39102434,2.9146129833609846,74.0350546098592,3.547901168356788e-06
702,60763056.7838925,2.9667814517963005,74.0350546098592,3.614792250831623e-06
703,60706036.87120782,3.0197925485516204,74.0350546098592,3.68283811240694e-06
704,60648992.15110506,3.073658322195685,74.0350546098592,3.752056772334336e-06
705,60591923.11919138,3.128390969415909,74.0350546098592,3.822466499472085e-06
706,60534830.26855575,3.184002836506899,74.0350546098592,3.894085815272889e-06
707,60477714.0897779,3.2405064208700316,74.0350546098592,3.966933496801305e-06
708,60420575.070937015,3.2979143725240716,74.0350546098592,4.0410285797809885e-06
709,60363413.69762055,3.3562394956268427,74.0350546098592,4.116390361671913e-06
710,60306230.45293342,3.4154947500079236,74.0350546098592,4.193038404777695e-06
711,60249025.81750647,3.475693252712515,74.0350546098592,4.270992539383437e-06
712,60191800.26950569,3.536848279556587,74.0350546098592,4.350272866924319e-06
713,60134554.28464082,3.598973266693062,74.0350546098592,4.430899763184894e-06
714,60077288.33617413,3.6620818121893,74.0350546098592,4.512893881529552e-06
715,60020002.89492946,3.7261876776160636,74.0350546098592,4.59627615616452e-06
716,59962698.42930091,3.791304789647452,74.0350546098592,4.681067805431023e-06
717,59905375.405261464,3.8574472416726007,74.0350546098592,4.76729033513074e-06
718,59848034.28637197,3.924629295418468,74.0350546098592,4.854965541882854e-06
719,59790675.533789925,3.992865382584241,74.0350546098592,4.9441155165135965e-06
720,59733299.60627792,4.0621701064870726,74.0350546098592,5.034762647478127e-06
721,59675906.9602128,4.132558243719575,74.0350546098592,5.1269296243153655e-06
722,59618498.04959405,4.204044745818707,74.0350546098592,5.220639441135651e-06
723,59561073.326052584,4.276644740946011,74.0350546098592,5.315915400141249e-06
724,59503633.23885949,4.350373535580081,74.0350546098592,5.412781115181042e-06
725,59446178.234934755,4.425246616220122,74.0350546098592,5.511260515338172e-06
726,59388708.75885579,4.501279651101459,74.0350546098592,5.611377848551916e-06
727,59331225.252866,4.57848849192274,74.0350546098592,5.713157685273624e-06
728,59273728.1568838,4.656889175584874,74.0350546098592,5.816624922156982e-06
729,59216217.90851088,4.736497925941987,74.0350546098592,5.921804785783188e-06
730,59158694.943040796,4.817331155563698,74.0350546098592,6.02872283642034e-06
731,59101159.693467855,4.89940546750989,74.0350546098592,6.137404971818647e-06
732,59043612.590495475,4.982737657116888,74.0350546098592,6.247877431040421e-06
733,58986054.06254466,5.0673447137959124,74.0350546098592,6.3601667983260464e-06
734,58928484.53576272,5.1532438228433195,74.0350546098592,6.474300006995533e-06
735,58870904.43403177,5.240452367262866,74.0350546098592,6.590304343386179e-06
736,58813314.17897727,5.3289879295999505,74.0350546098592,6.70820745082646e-06
737,58755714.18997623,5.4188682937882175,74.0350546098592,6.828037333646911e-06
738,58698104.88416611,5.510111447008012,74.0350546098592,6.949822361227393e-06
739,58640486.676453024,5.602735581556639,74.0350546098592,7.073591272081115e-06
740,58582859.979520276,5.696759096731655,74.0350546098592,7.199373177976995e-06
741,58525225.20383668,5.792200600725617,74.0350546098592,7.327197568098691e-06
742,58467582.757665075,5.889078912533167,74.0350546098592,7.457094313241538e-06
743,58409933.04707076,5.987413063870751,74.0350546098592,7.5890936700480564e-06
744,58352276.4759298,6.087222301108088,74.0350546098592,7.723226285281085e-06
745,58294613.445937276,6.18852608721248,74.0350546098592,7.859523200136175e-06
746,58236944.35661591,6.2913441037050255,74.0350546098592,7.99801585459219e-06
747,58179269.60532423,6.395696252629535,74.0350546098592,8.13873609180145e-06
748,58121589.58726476,6.501602658533431,74.0350546098592,8.281716162518685e-06
749,58063904.695492536,6.6090836704617315,74.0350546098592,8.426988729570358e-06
750,58006215.320923336,6.7181598639629465,74.0350546098592,8.574586872363175e-06
751,57948521.85234177,6.828852043107371,74.0350546098592,8.724544091432627e-06
752,57890824.67640969,6.94118124251854,74.0350546098592,8.876894313032633e-06
753,57833124.17767449,7.055168729416596,74.0350546098592,9.031671893765084e-06
754,57775420.73857696,7.170836005674447,74.0350546098592,9.188911625250563e-06
755,57717714.73945989,7.288204809886515,74.0350546098592,9.34864873884014e-06
756,57660006.55857602,7.407297119450247,74.0350546098592,9.510918910368836e-06
757,57602296.57209611,7.52813515265985,74.0350546098592,9.675758264950222e-06
758,57544585.154117346,7.650741370813182,74.0350546098592,9.843203381813503e-06
759,57486872.67667123,7.775138480331133,74.0350546098592,1.0013291299182655e-05
760,57429159.509731665,7.901349434889253,74.0350546098592,1.0186059519197363e-05
761,57371446.02122328,8.029397437563315,74.0350546098592,1.036154601287821e-05
762,57313732.57702919,8.15930594298631,74.0350546098592,1.0539789225133238e-05
763,57256019.54099921,8.291098659518921,74.0350546098592,1.0720828079808592e-05
764,57198307.27495787,8.42479955143271,74.0350546098592,1.0904701984782597e-05
765,57140596.13871238,8.560432841106232,74.0350546098592,1.1091450837103809e-05
766,57082886.49006053,8.698023011233827,74.0350546098592,1.1281115028172877e-05
767,57025178.68479888,8.837594807047093,74.0350546098592,1.1473735448968498e-05
768,56967473.07673055,8.979173238549949,74.0350546098592,1.1669353495318915e-05
769,56909770.017673135,9.122783582765573,74.0350546098592,1.1868011073216975e-05
770,56852069.85746659,9.268451385997453,74.0350546098592,1.206975060418186e-05
771,56794372.94398129,9.41620246610243,74.0350546098592,1.2274615030664963e-05
772,56736679.62312582,9.566062914777106,74.0350546098592,1.2482647821502061e-05
773,56678990.23885477,9.718059099857362,74.0350546098592,1.2693892977411594e-05
774,56621305.13317645,9.872217667630528,74.0350546098592,1.2908395036538783e-05
775,56563624.646161065,10.028565545161127,74.0350546098592,1.312619908004688e-05
776,56505949.115948245,10.187129942628664,74.0350546098592,1.3347350737754056e-05
777,56448278.878754705,10.34793835568009,74.0350546098592,1.357189619381949e-05
778,56390614.268882416,10.511018567793602,74.0350546098592,1.3799882192474402e-05
779,56332955.61872585,10.676398652656585,74.0350546098592,1.403135604380233e-05
780,56275303.25878008,10.844106976556445,74.0350546098592,1.426636562956685e-05
781,56217657.517648324,11.01417220078453,74.0350546098592,1.4504959409087574e-05
782,56160018.72204948,11.18662328405317,74.0350546098592,1.4747186425164617e-05
783,56102387.196826056,11.361489484925782,74.0350546098592,1.4993096310051646e-05
784,56044763.264951706,11.53880036426048,74.0350546098592,1.5242739291478458e-05
785,55987147.24753864,11.718585787666267,74.0350546098592,1.5496166198722216e-05
786,55929539.4638455,11.900875927973274,74.0350546098592,1.5753428468729257e-05
787,55871940.2312849,12.085701267715402,74.0350546098592,1.6014578152285818e-05
788,55814349.86543072,12.273092601626455,74.0350546098592,1.6279667920239453e-05
789,55756768.68002595,12.463081039149685,74.0350546098592,1.6548751069770896e-05
790,55699196.986990094,12.655698006960632,74.0350546098592,1.6821881530717e-05
791,55641635.09642656,12.850975251502577,74.0350546098592,1.7099113871943803e-05
792,55584083.31663033,13.048944841535976,74.0350546098592,1.7380503307771792e-05
793,55526541.954095274,13.24963917070102,74.0350546098592,1.7666105704452786e-05
794,55469011.31352159,13.453090960093252,74.0350546098592,1.795597758669828e-05
795,55411491.69782325,13.659333260852287,74.0350546098592,1.8250176144259822e-05
796,55353983.408135496,13.868399456764736,74.0350546098592,1.8548759238563047e-05
797,55296486.74382191,14.080323266878995,74.0350546098592,1.8851785409392677e-05
798,55239002.002482176,14.295138748135246,74.0350546098592,1.9159313881632953e-05
799,55181529.479959115,14.512880298006692,74.0350546098592,1.947140457205883e-05
800,55124069.47034598,14.733582657155488,74.0350546098592,1.9788118096182618e-05
801,55066622.26599405,14.957280912102007,74.0350546098592,2.0109515775154415e-05
802,55009188.157519534,15.184010497906723,74.0350546098592,2.0435659642716125e-05
803,54951767.43381102,15.413807200865742,74.0350546098592,2.0766612452210153e-05
804,54894360.3820368,15.646707161219734,74.0350546098592,2.1102437683643098e-05
805,54836967.28765174,15.88274687587682,74.0350546098592,2.1443199550805524e-05
806,54779588.434404746,16.121963201147263,74.0350546098592,2.1788963008444847e-05
807,54722224.104345985,16.36439335549325,74.0350546098592,2.2139793759496346e-05
808,54664874.577833846,16.610074922290593,74.0350546098592,2.2495758262368378e-05
809,54607540.133542046,16.859045852605153,74.0350546098592,2.2856923738285637e-05
810,54550221.04846682,17.11134446798132,74.0350546098592,2.322335817868725e-05
811,54492917.597934075,17.36700946324477,74.0350546098592,2.3595130352683e-05
812,54435630.05560644,17.62607990931796,74.0350546098592,2.3972309814565983e-05
813,54378358.69349005,17.88859525604974,74.0350546098592,2.435496691138382e-05
814,54321103.78194195,18.154595335057653,74.0350546098592,2.4743172790566564e-05
815,54263865.58967683,18.424120362583448,74.0350546098592,2.5136999407612753e-05
816,54206644.383774064,18.69721094236317,74.0350546098592,2.553651953383538e-05
817,54149440.42968477,18.97390806850885,74.0350546098592,2.5941806764164166e-05
818,54092253.991238676,19.254253128405225,74.0350546098592,2.635293552500918e-05
819,54035085.33065089,19.5382879056183,74.0350546098592,2.6769981082181777e-05
820,53977934.70852912,19.826054582818433,74.0350546098592,2.7193019548876503e-05
821,53920802.38388035,20.117595744716724,74.0350546098592,2.762212789371311e-05
822,53863688.61411752,20.4129543810134,74.0350546098592,2.8057383948836936e-05
823,53806593.655066855,20.712173889360827,74.0350546098592,2.8498866418081252e-05
824,53749517.76097416,21.01529807834017,74.0350546098592,2.894665488519138e-05
825,53692461.184511915,21.322371170449465,74.0350546098592,2.9400829822106872e-05
826,53635424.17678595,21.633437805107448,74.0350546098592,2.98614725973087e-05
827,53578406.9873423,21.948543041668618,74.0350546098592,3.0328665484225247e-05
828,53521409.86417368,22.267732362452445,74.0350546098592,3.080249166970162e-05
829,53464433.053726494,22.5910516757866,74.0350546098592,3.128303526253209e-05
830,53407476.800907366,22.918547319061975,74.0350546098592,3.1770381302053356e-05
831,53350541.3490898,23.25026606180192,74.0350546098592,3.226461576680193e-05
832,53293626.94012093,23.586255108744584,74.0350546098592,3.276582558323461e-05
833,53236733.81432802,23.926562102938746,74.0350546098592,3.3274098634512884e-05
834,53179862.210525095,24.271235128851668,74.0350546098592,3.378952376934944e-05
835,53123012.366019644,24.62032271549215,74.0350546098592,3.431219081092169e-05
836,53066184.51661907,24.973873839545075,74.0350546098592,3.4842190565847244e-05
837,53009378.89663721,25.331937928519753,74.0350546098592,3.537961483322525e-05
838,52952595.73890094,25.69456486391225,74.0350546098592,3.592455641374374e-05
839,52895835.27475664,26.061804984378817,74.0350546098592,3.6477109118849505e-05
840,52839097.73407675,26.433709088924957,74.0350546098592,3.7037367779987235e-05
841,52782383.345266,26.81032844010578,74.0350546098592,3.76054282579022e-05
842,52725692.33526811,27.191714767240907,74.0350546098592,3.8181387452010944e-05
843,52669024.9295721,27.57792026964018,74.0350546098592,3.876534330983563e-05
844,52612381.3522187,27.968997619845798,74.0350546098592,3.9357394836509966e-05
845,52555761.82580665,28.364999966884756,74.0350546098592,3.9957642104348584e-05
846,52499166.57149915,28.76598093953494,74.0350546098592,4.056618626248458e-05
847,52442595.80903014,29.171994649605658,74.0350546098592,4.1183129546577216e-05
848,52386049.756710805,29.583095695229375,74.0350546098592,4.180857528858488e-05
849,52329528.63143543,29.999339164167253,74.0350546098592,4.244262792660831e-05
850,52273032.64868817,30.42078063712796,74.0350546098592,4.308539301480219e-05
851,52216562.022549026,30.84747619109923,74.0350546098592,4.373697723335628e-05
852,52160116.96570002,31.279482402690594,74.0350546098592,4.439748839854329e-05
853,52103697.68943165,31.716856351493245,74.0350546098592,4.5067035472842194e-05
854,52047304.40364891,32.15965562344844,74.0350546098592,4.574572857512576e-05
855,51990937.31687743,32.60793831423007,74.0350546098592,4.643367899092025e-05
856,51934596.636269785,33.06176303264218,74.0350546098592,4.713099918273857e-05
857,51878282.56761146,33.52118890402635,74.0350546098592,4.78378028004804e-05
858,51821995.315327026,33.98627557368365,74.0350546098592,4.855420469190621e-05
859,51765735.08248627,34.457083210308014,74.0350546098592,4.928032091318063e-05
860,51709502.07081023,34.93367250943481,74.0350546098592,5.001626873949162e-05
861,51653296.48067715,35.41610469689832,74.0350546098592,5.076216667573633e-05
862,51597118.51112863,35.90444153230598,74.0350546098592,5.15181344672851e-05
863,51540968.35987567,36.398745312522635,74.0350546098592,5.228429311081477e-05
864,51484846.22330441,36.899078875166914,74.0350546098592,5.3060764865214543e-05
865,51428752.2964824,37.40550560212399,74.0350546098592,5.384767326257025e-05
866,51372686.77316432,37.91808942306603,74.0350546098592,5.4645143119215985e-05
867,51316649.84579804,38.43689481898846,74.0350546098592,5.545330054686408e-05
868,51260641.705530405,38.96198682575772,74.0350546098592,5.627227296380839e-05
869,51204662.54221331,39.49343103767105,74.0350546098592,5.710218910620126e-05
870,51148712.544409215,40.03129361103075,74.0350546098592,5.794317903940902e-05
871,51092791.89939741,40.57564126772658,74.0350546098592,5.879537416943589e-05
872,51036900.79317961,41.12654129883573,74.0350546098592,5.965890725443168e-05
873,50981039.4104857,41.68406156823164,74.0350546098592,6.0533912416270235e-05
874,50925207.93477962,42.24827051620622,74.0350546098592,6.14205251522056e-05
875,50869406.548265114,42.81923716310388,74.0350546098592,6.231888234660414e-05
876,50813635.431891605,43.39703111296884,74.0350546098592,6.322912228275501e-05
877,50757894.76535959,43.98172255720391,74.0350546098592,6.415138465475716e-05
878,50702184.727126546,44.57338227824081,74.0350546098592,6.508581057948249e-05
879,50646505.49441269,45.17208165322497,74.0350546098592,6.603254260862034e-05
880,50590857.24320656,45.777892657707326,74.0350546098592,6.699172474079274e-05
881,50535240.14827052,46.39088786935628,74.0350546098592,6.796350243376034e-05
882,50479654.38314662,47.01114047167374,74.0350546098592,6.894802261669475e-05
883,50424100.12016197,47.63872425772686,74.0350546098592,6.994543370253609e-05
884,50368577.5304346,48.27371363389161,74.0350546098592,7.095588560042928e-05
885,50313086.783878736,48.916183623608866,74.0350546098592,7.197952972824128e-05
886,50257628.04921046,49.56620987114963,74.0350546098592,7.301651902515432e-05
887,50202201.49395327,50.22386864539444,74.0350546098592,7.406700796434267e-05
888,50146807.28444366,50.88923684362479,74.0350546098592,7.513115256573047e-05
889,50091445.585836284,51.56239199532372,74.0350546098592,7.620911040882722e-05
890,50036116.56210974,52.24341226599118,74.0350546098592,7.730104064564838e-05
891,49980820.376072004,52.93237646096947,74.0350546098592,7.840710401371533e-05
892,49925557.18936552,53.62936402927897,74.0350546098592,7.95274628491361e-05
893,49870327.162473075,54.33445506746855,74.0350546098592,8.066228109977155e-05
894,49815130.45472283,55.04773032347529,74.0350546098592,8.181172433848185e-05
895,49759967.22429379,55.76927120049565,74.0350546098592,8.297595977645547e-05
896,49704837.628221214,56.49915976086865,74.0350546098592,8.415515627662185e-05
897,49649741.82240192,57.23747872997083,74.0350546098592,8.534948436714836e-05
898,49594679.961599454,57.98431150012219,74.0350546098592,8.655911625502072e-05
899,49539652.19944963,58.739742134501554,74.0350546098592,8.778422583970388e-05
900,49484658.6884656,59.50385537107742,74.0350546098592,8.902498872689468e-05
901,49429699.5800431,60.27673662654433,74.0350546098592,9.02815822423499e-05
902,49374775.02446586,61.0584720002766,74.0350546098592,9.155418544580883e-05
903,49319885.17091065,61.84914827828686,74.0350546098592,9.284297914499177e-05
904,49265030.16745246,62.64885293720052,74.0350546098592,9.414814590969173e-05
905,49210210.161069855,63.45767414823931,74.0350546098592,9.546987008594823e-05
906,49155425.297649875,64.27570078121461,74.0350546098592,9.680833781030687e-05
907,49100675.72199342,65.10302240853457,74.0350546098592,9.816373702416865e-05
908,49045961.577820234,65.93972930921652,74.0350546098592,9.953625748821833e-05
909,48991283.00777392,66.78591247291911,74.0350546098592,0.00010092609079695364
910,48936640.15342723,67.64166360397662,74.0350546098592,0.00010233343039328815
911,48882033.1552869,68.5070751254464,74.0350546098592,0.00010375847158324654
912,48827462.15279898,69.38224018316959,74.0350546098592,0.00010520141155075109
913,48772927.28435346,70.26725264984051,74.0350546098592,0.0001066624493724947
914,48718428.68728957,71.16220712908482,74.0350546098592,0.00010814178603289877
915,48663966.497900754,72.06719895955064,74.0350546098592,0.00010963962443916444
916,48609540.85143954,72.98232421900985,74.0350546098592,0.00011115616943641282
917,48555151.88212235,73.90767972846673,74.0350546098592,0.00011269162782291037
918,48500799.72313482,74.84336305628108,74.0350546098592,0.00011424620836538953
919,48446484.506636344,75.78947252229963,74.0350546098592,0.00011582012181445807
920,48392206.36376508,76.74610720199469,74.0350546098592,0.0001174135809200933
921,48337965.424642906,77.71336693061885,74.0350546098592,0.00011902680044723659
922,48283761.81838024,78.6913523073645,74.0350546098592,0.00012065999719147073
923,48229595.67308069,79.6801646995355,74.0350546098592,0.0001223133899947927
924,48175467.1158462,80.67990624672788,74.0350546098592,0.00012398719976147555
925,48121376.27278159,81.6906798650233,74.0350546098592,0.00012568164947402764
926,48067323.268999375,82.71258925118558,74.0350546098592,0.00012739696420923367
927,48013308.22862465,83.74573888687527,74.0350546098592,0.00012913337115430054
928,47959331.27479978,84.79023404286725,74.0350546098592,0.00013089109962308637
929,47905392.52968899,85.84618078328025,74.0350546098592,0.00013267038107242623
930,47851492.114483245,86.91368596981877,74.0350546098592,0.00013447144911855535
931,47797630.14940498,87.99285726601713,74.0350546098592,0.0001362945395536147
932,47743806.75371245,89.08380314150072,74.0350546098592,0.0001381398903622639
933,47690022.04570482,90.1866328762525,74.0350546098592,0.00014000774173837977
934,47636276.14272647,91.30145656488843,74.0350546098592,0.00014189833610185132
935,47582569.161171764,92.42838512094247,74.0350546098592,0.000143811918115469
936,47528901.21648961,93.5675302811642,74.0350546098592,0.0001457487347019145
937,47475272.42318808,94.71900460981887,74.0350546098592,0.00014770903506083633
938,47421682.89483891,95.88292150300127,74.0350546098592,0.00014969307068602835
939,47368132.74408204,97.0593951929583,74.0350546098592,0.00015170109538270398
940,47314622.08263032,98.24854075241652,74.0350546098592,0.0001537333652848605
941,47261151.02127376,99.45047409892427,74.0350546098592,0.0001557901388727499
942,47207719.66988413,100.6653119991967,74.0350546098592,0.00015787167699043693
943,47154328.13741957,101.89317207347311,74.0350546098592,0.00015997824286345934
944,47100976.53192888,103.13417279988016,74.0350546098592,0.0001621101021165833
945,47047664.960556045,104.3884335188076,74.0350546098592,0.00016426752279166118
946,46994393.52954456,105.6560744372891,74.0350546098592,0.0001664507753655834
947,46941162.34424197,106.93721663338755,74.0350546098592,0.00016866013276832162
948,46887971.50910422,108.23198206060071,74.0350546098592,0.00017089587040109
949,46834821.12769991,109.5404935522609,74.0350546098592,0.00017315826615458334
950,46781711.302714854,110.86287482595237,74.0350546098592,0.00017544760042732886
951,46728642.13595624,112.19925048793242,74.0350546098592,0.0001777641561441311
952,46675613.72835703,113.54974603756052,74.0350546098592,0.0001801082187746168
953,46622626.179980345,114.9144878717409,74.0350546098592,0.0001824800763518879
954,46569679.59002348,116.29360328936019,74.0350546098592,0.0001848800194912559
955,46516774.05682254,117.68722049574862,74.0350546098592,0.0001873083414091002
956,46463909.677856416,119.09546860713523,74.0350546098592,0.0001897653379418072
957,46411086.54975112,120.5184776551208,74.0350546098592,0.0001922513075648261
958,46358304.768284,121.95637859115062,74.0350546098592,0.00019476655141181342
959,46305564.428387985,123.40930329099868,74.0350546098592,0.00019731137329388632
960,46252865.62415566,124.87738455925786,74.0350546098592,0.00019988607971897556
961,46200208.448843546,126.3607561338388,74.0350546098592,0.00020249097991128283
962,46147592.994876206,127.85955269047454,74.0350546098592,0.00020512638583083798
963,46095019.35385032,129.37390984722998,74.0350546098592,0.00020779261219315673
964,46042487.61653897,130.9039641690252,74.0350546098592,0.00021048997648901024
965,45989997.872895576,132.4498531721567,74.0350546098592,0.00021321879900428585
966,45937550.21205804,134.01171532883248,74.0350546098592,0.00021597940283996097
967,45885144.72235283,135.58969007171098,74.0350546098592,0.00021877211393217703
968,45832781.4912991,137.18391779844544,74.0350546098592,0.00022159726107241472
969,45780460.60561249,138.79453987623788,74.0350546098592,0.00022445517592778
970,45728182.15120946,140.42169864639874,74.0350546098592,0.00022734619306139108
971,45675946.21321108,142.06553742890804,74.0350546098592,0.00023027064995286464
972,45623752.87594707,143.7262005269906,74.0350546098592,0.0002332288870189186
973,45571602.22295985,145.403833231693,74.0350546098592,0.00023622124763407254
974,45519494.33700831,147.0985818264679,74.0350546098592,0.0002392480781514575
975,45467429.30007195,148.81059359175862,74.0350546098592,0.0002423097279237201
976,45415407.193354785,150.5400168096032,74.0350546098592,0.0002454065493240557
977,45363428.097289056,152.28700076822955,74.0350546098592,0.0002485388977673255
978,45311492.091539316,154.0516957666665,74.0350546098592,0.000251707131731294
979,45259599.2550063,155.83425311935218,74.0350546098592,0.00025491161277796105
980,45207749.66583071,157.63482516075865,74.0350546098592,0.00025815270557501935
981,45155943.40139704,159.4535652500103,74.0350546098592,0.00026143077791739884
982,45104180.538337424,161.29062777551766,74.0350546098592,0.0002647462007489358
983,45052461.15253561,163.1461681596099,74.0350546098592,0.0002680993481841379
984,45000785.31913049,165.02034286317132,74.0350546098592,0.00027149059753005754
985,44949153.112520084,166.91330939029527,74.0350546098592,0.00027492032930829147
986,44897564.60636522,168.82522629292708,74.0350546098592,0.0002783889272770641
987,44846019.87359326,170.7562531755203,74.0350546098592,0.00028189677845343335
988,44794518.986401975,172.706550699697,74.0350546098592,0.0002854442731356031
989,44743062.01626313,174.6762805889131,74.0350546098592,0.00028903180492534706
990,44691649.03392612,176.6656056331293,74.0350546098592,0.00029265977075054376
991,44640280.10942193,178.67468969347937,74.0350546098592,0.0002963285708878069
992,44588955.31206658,180.70369770695487,74.0350546098592,0.00030003860898524914
993,44537674.71046483,182.7527956910822,74.0350546098592,0.0003037902920853342
994,44486438.372513846,184.82215074861406,74.0350546098592,0.0003075840306478564
995,44435246.365406916,186.91193107222006,74.0350546098592,0.00031142023857302247
996,44384098.755636856,189.02230594917754,74.0350546098592,0.00031529933322463994
997,44332995.6089998,191.153445766076,74.0350546098592,0.00031922173545342967
998,44281936.99059869,193.3055220135177,74.0350546098592,0.0003231878696204394
999,44230922.96484692,195.47870729082808,74.0350546098592,0.0003271981636205775
1000,44179953.59547178,197.67317531075682,74.0350546098592,0.0003312530489062384
1001,44129028.94551806,199.8891009042059,74.0350546098592,0.0003353529605110781
1002,44078149.07735162,202.12666002493862,74.0350546098592,0.0003394983370738646
1003,44027314.05266278,204.38602975429802,74.0350546098592,0.0003436896208624516
1004,43976523.93246994,206.66738830594088,74.0350546098592,0.00034792725779788454
1005,43925778.77712306,208.97091503056023,74.0350546098592,0.00035221169747859545
1006,43875078.64630688,211.29679042061463,74.0350546098592,0.0003565433932047194
1007,43824423.59904475,213.64519611506267,74.0350546098592,0.00036092280200252343
1008,43773813.69370185,216.0163149041062,74.0350546098592,0.0003653503846489637
1009,43723248.987988584,218.4103307339185,74.0350546098592,0.00036982660569632433
1010,43672729.53896405,220.8274287113962,74.0350546098592,0.0003743519334970062
1011,43622255.40303949,223.26779510890225,74.0350546098592,0.00037892684022840977
1012,43571826.63598161,225.73161736900735,74.0350546098592,0.00038355180191792756
1013,43521443.29291589,228.21908410924937,74.0350546098592,0.00038822729846807664
1014,43471105.42833,230.73038512687907,74.0350546098592,0.00039295381368171877
1015,43420813.096077204,233.26571140361372,74.0350546098592,0.00039773183528740556
1016,43370566.34937954,235.82525511039896,74.0350546098592,0.0004025618549648508
1017,43320365.24083121,238.40920961216335,74.0350546098592,0.00040744436837050107
1018,43270209.822401844,241.0177694725811,74.0350546098592,0.00041237987516323365
1019,43220100.14543986,243.65113045882936,74.0350546098592,0.000417368879030157
1020,43170036.26067563,246.30948954636156,74.0350546098592,0.0004224118877125545
1021,43120018.21822475,248.99304492366116,74.0350546098592,0.00042750941303190654
1022,43070046.06759135,251.7019959970213,74.0350546098592,0.0004326619709160707
1023,43020119.85767125,254.43654339530178,74.0350546098592,0.00043787008142553947
1024,42970239.636755176,257.19688897470365,74.0350546098592,0.00044313426877984173
1025,42920405.452532,259.98323582354396,74.0350546098592,0.00044845506138405995
1026,42870617.352091916,262.795788267021,74.0350546098592,0.00045383299185544656
1027,42820875.3819295,265.63475187199134,74.0350546098592,0.00045926859705017827
1028,42771179.5879471,268.50033345174035,74.0350546098592,0.0004647624180902118
1029,42721530.01545777,271.3927410707631,74.0350546098592,0.00047031500039027875
1030,42671926.70918844,274.3121840495297,74.0350546098592,0.00047592689368496815
1031,42622369.713283084,277.2588729692731,74.0350546098592,0.0004815986520559657
1032,42572859.07130591,280.23301967675235,74.0350546098592,0.000487330833959367
1033,42523394.82624412,283.2348372890401,74.0350546098592,0.0004931240022531564
1034,42473977.02051142,286.2645401982933,74.0350546098592,0.0004989787242247675
1035,42424605.69595081,289.32234407653186,74.0350546098592,0.0005048955716187818
1036,42375280.89383763,292.4084658804135,74.0350546098592,0.0005108751206647403
1037,42326002.65488273,295.52312385601533,74.0350546098592,0.0005169179521050828
1038,42276771.019235454,298.6665375436063,74.0350546098592,0.0005230246512231939
1039,42227586.02648653,301.83892778242307,74.0350546098592,0.0005291958078715766
1040,42178447.71567126,305.0405167154507,74.0350546098592,0.0005354320165001511
1041,42129356.12527241,308.27152779419123,74.0350546098592,0.0005417338761846578
1042,42080311.29322306,311.532185783444,74.0350546098592,0.0005481019906552006
1043,42031313.25690981,314.8227167660768,74.0350546098592,0.0005545369683248949
1044,41982362.0531756,318.14334814779784,74.0350546098592,0.0005610394223186407
1045,41933457.718322575,321.494308661931,74.0350546098592,0.0005676099705020249
1046,41884600.28811505,324.8758283741888,74.0350546098592,0.000574249235510342
1047,41835789.797782555,328.2881386874325,74.0350546098592,0.0005809578447777109
1048,41787026.28202258,331.7314723464519,74.0350546098592,0.0005877364305663584
1049,41738309.77500347,335.20606344272426,74.0350546098592,0.0005945856299959851
1050,41689640.31036731,338.7121474191891,74.0350546098592,0.0006015060850732824
1051,41641017.92123281,342.24996107500004,74.0350546098592,0.0006084984427215379
1052,41592442.64019823,345.8197425702946,74.0350546098592,0.0006155633548103917
1053,41543914.49934393,349.4217314309589,74.0350546098592,0.0006227014781857192
1054,41495433.530235566,353.0561685533762,74.0350546098592,0.0006299134746995973
1055,41446999.76392655,356.7232962091901,74.0350546098592,0.0006372000112404366
1056,41398613.230961174,360.42335805005376,74.0350546098592,0.0006445617597632034
1057,41350273.9613771,364.1565991123895,74.0350546098592,0.000651999397319797
1058,41301981.984708294,367.92326582213036,74.0350546098592,0.0006595136060895153
1059,41253737.32998774,371.72360599947285,74.0350546098592,0.000667105073409671
1060,41205540.02575029,375.55786886361625,74.0350546098592,0.000674774491806309
1061,41157390.10003512,379.4263050375099,74.0350546098592,0.0006825225590250721
1062,41109287.58038884,383.32916655259044,74.0350546098592,0.0006903499780621694
1063,41061232.4938679,387.26670685351166,74.0350546098592,0.0006982574571954668
1064,41013224.86704135,391.2391808028854,74.0350546098592,0.0007062457100157249
1065,40965264.725993685,395.24684468600896,74.0350546098592,0.0007143154554579387
1066,40917352.09632736,399.2899562155925,74.0350546098592,0.0007224674178328135
1067,40869487.003165424,403.3687745364728,74.0350546098592,0.0007307023268583422
1068,40821669.47115437,407.48356023034705,74.0350546098592,0.0007390209176915491
1069,40773899.52446659,411.63457532047903,74.0350546098592,0.0007474239309603182
1070,40726177.18680305,415.8220832764118,74.0350546098592,0.0007559121127953621
1071,40678502.48139595,420.04634901868343,74.0350546098592,0.0007644862148623279
1072,40630875.43101131,424.3076389235181,74.0350546098592,0.0007731469943939918
1073,40583296.057951525,428.60622082754026,74.0350546098592,0.0007818952142226273
1074,40535764.38405799,432.94236403246083,74.0350546098592,0.000790731642812455
1075,40488280.430713706,437.3163393097759,74.0350546098592,0.0007996570542922476
1076,40440844.21884568,441.72841890544174,74.0350546098592,0.0008086722284880286
1077,40393455.768927686,446.178876544571,74.0350546098592,0.0008177779509559366
1078,40346115.10098264,450.66798743611315,74.0350546098592,0.0008269750130152025
1079,40298822.23458524,455.1960282775056,74.0350546098592,0.0008362642117812005
1080,40251577.18886438,459.7632772593637,74.0350546098592,0.0008456463501987103
1081,40204379.98250569,464.37001407014134,74.0350546098592,0.0008551222370752584
1082,40157230.63375403,469.01651990077886,74.0350546098592,0.0008646926871145694
1083,40110129.16041604,473.70307744936287,74.0350546098592,0.0008743585209501773
1084,40063075.57986251,478.4299709257747,74.0350546098592,0.0008841205651791508
1085,40016069.909030795,483.1974860563321,74.0350546098592,0.000893979652395946
1086,39969112.16442745,488.00591008842395,74.0350546098592,0.0009039366212263739
1087,39922202.36213045,492.8555317951411,74.0350546098592,0.0009139923163617083
1088,39875340.517791845,497.74664147990615,74.0350546098592,0.0009241475885929194
1089,39828526.64663991,502.6795309810848,74.0350546098592,0.0009344032948450204
1090,39781760.76348181,507.6544936766127,74.0350546098592,0.0009447602982115709
1091,39735042.882705785,512.671824488583,74.0350546098592,0.0009552194679892535
1092,39688373.01828365,517.7318198878669,74.0350546098592,0.0009657816797126453
1093,39641751.183773145,522.8347778986924,74.0350546098592,0.0009764478151890519
1094,39595177.39232026,527.9809981032508,74.0350546098592,0.0009872187625335333
1095,39548651.65666157,533.1707816462535,74.0350546098592,0.000998095416203976
1096,39502173.98912669,538.40443123953,74.0350546098592,0.001009078677036378
1097,39455744.40164053,543.6822511665854,74.0350546098592,0.0010201694522802038
1098,39409362.90572549,549.0045472871543,74.0350546098592,0.0010313686556338725
1099,39363029.512504004,554.3716270417758,74.0350546098592,0.0010426772072804184
1100,39316744.23270073,559.7837994563172,74.0350546098592,0.001054096033923206
1101,39270507.07664468,565.2413751465303,74.0350546098592,0.0010656260688218441
1102,39224318.05427178,570.7446663225724,74.0350546098592,0.0010772682518281707
1103,39178177.17512699,576.293986793545,74.0350546098592,0.001089023529422417
1104,39132084.44836646,581.8896519719842,74.0350546098592,0.0011008928547494273
1105,39086039.88276002,587.5319788784096,74.0350546098592,0.0011128771876551167
1106,39040043.48669321,593.2212861457934,74.0350546098592,0.0011249774947229391
1107,38994095.268169515,598.9578940240614,74.03505460985919,0.0011371947493105476
1108,38948195.23481277,604.7421243845866,74.0350546098592,0.0011495299315865816
1109,38902343.39386916,610.5743007246632,74.0350546098592,0.0011619840285675687
1110,38856539.75220945,616.4547481719709,74.0350546098592,0.001174558034154952
1111,38810784.316331275,622.3837934890406,74.0350546098592,0.0011872529491722512
1112,38765077.09236123,628.3617650777081,74.0350546098592,0.0012000697814023617
1113,38719418.086057045,634.3889929835461,74.0350546098592,0.0012130095456249473
1114,38673807.30280971,640.4658089003135,74.0350546098592,0.0012260732636540145
1115,38628244.74764574,646.5925461743799,74.0350546098592,0.0012392619643755794
1116,38582730.42522918,652.7695398091262,74.0350546098592,0.0012525766837854439
1117,38537264.33986378,658.9971264693709,74.0350546098592,0.0012660184650271579
1118,38491846.495495066,665.2756444857638,74.0350546098592,0.001279588358430071
1119,38446476.895712584,671.6054338591686,74.0350546098592,0.0012932874215475017
1120,38401155.543751866,677.9868362650482,74.0350546098592,0.00130711671919507
1121,38355882.4424965,684.4201950578359,74.0350546098592,0.00132107732348914
1122,38310657.59448027,690.9058552752957,74.0350546098592,0.0013351703138853917
1123,38265481.00188929,697.4441636428686,74.0350546098592,0.0013493967772175122
1124,38220352.66656392,704.0354685780214,74.0350546098592,0.0013637578077360427
1125,38175272.5900009,710.6801201945694,74.0350546098592,0.0013782545071473193
1126,38130240.77335533,717.3784703070066,74.0350546098592,0.0013928879846525789
1127,38085257.21744284,724.1308724348063,74.0350546098592,0.0014076593569871518
1128,38040321.92274136,730.9376818067276,74.0350546098592,0.0014225697484598256
1129,37995434.88939339,737.7992553651061,74.0350546098592,0.0014376202909923098
1130,37950596.11720789,744.7159517701311,74.0350546098592,0.0014528121241588377
1131,37905805.60566221,751.6881314041209,74.0350546098592,0.0014681463952259113
1132,37861063.35390419,758.7161563757589,74.03505460985922,0.0014836242591921137
1133,37816369.36075404,765.8003905243704,74.0350546098592,0.0014992468788281575
1134,37771723.6247064,772.9411994241473,74.0350546098592,0.0015150154247169764
1135,37727126.14393216,780.138950388358,74.0350546098592,0.0015309310752939437
1136,37682576.916280605,787.3940124735789,74.03505460985919,0.0015469950168872752
1137,37638075.939281136,794.7067564838993,74.0350546098592,0.0015632084437585442
1138,37593623.21014533,802.0775549751011,74.0350546098592,0.001579572558143283
1139,37549218.72576882,809.5067822588331,74.0350546098592,0.001596088570291738
1140,37504862.48273327,816.9948144068046,74.0350546098592,0.0016127576985098028
1141,37460554.47730813,824.5420292549115,74.0350546098592,0.0016295811691999845
1142,37416294.70545269,832.1488064073991,74.0350546098592,0.0016465602169025775
1143,37372083.16281789,839.8155272409914,74.0350546098592,0.0016636960843369373
1144,37327919.84474812,847.5425749090028,74.0350546098592,0.001680990022442868
1145,37283804.7462833,855.3303343454586,74.0350546098592,0.001698443290422171
1146,37239737.86216046,863.179192269183,74.0350546098592,0.0017160571557803025
1147,37195719.18681584,871.0895371878771,74.0350546098592,0.00173383289436814
1148,37151748.7143866,879.0617594022,74.0350546098592,0.0017517717904239254
1149,37107826.438712664,887.0962510098282,74.0350546098592,0.0017698751366153156
1150,37063952.353338465,895.1934059094883,74.0350546098592,0.0017881442340815323
1151,37020126.45151507,903.3536198049928,74.0350546098592,0.0018065803924756593
1152,36976348.726201564,911.577290209273,74.0350546098592,0.0018251849300071183
1153,36932619.170067124,919.8648164483642,74.03505460985919,0.0018439591734841743
1154,36888937.77549273,928.216599665428,74.0350546098592,0.001862904458356686
1155,36845304.53457295,936.6330428246932,74.0350546098592,0.0018820221287588405
1156,36801719.43911775,945.1145507154508,74.0350546098592,0.001901313537552157
1157,36758182.48065412,953.6615299560045,74.0350546098592,0.0019207800463685563
1158,36714693.650428034,962.2743889975992,74.0350546098592,0.001940423025653534
1159,36671252.93940604,970.9535381283531,74.0350546098592,0.001960243854709507
1160,36627860.338277064,979.6993894771668,74.0350546098592,0.001980243921739263
1161,36584515.83745415,988.5123570176321,74.03505460985922,0.002000424623889565
1162,36541219.42707613,997.3928565718945,74.0350546098592,0.0020207873672948248
1163,36497971.09700939,1006.3413058145413,74.0350546098592,0.0020413335671209797
1164,36454770.8368496,1015.3581242764471,74.03505460985919,0.0020620646476094346
1165,36411618.635923274,1024.4437333486278,74.0350546098592,0.002082982042121197
1166,36368514.48328965,1033.5985562860494,74.0350546098592,0.0021040871931810503
1167,36325458.36774224,1042.8230182114505,74.0350546098592,0.0021253815525219357
1168,36282450.277810566,1052.1175461191367,74.0350546098592,0.00214686658112942
1169,36239490.201761775,1061.4825688787616,74.0350546098592,0.0021685437492863038
1170,36196578.12760234,1070.9185172391162,74.0350546098592,0.0021904145366173945
1171,36153714.04307973,1080.4258238318362,74.03505460985919,0.002212480432134277
1172,36110897.93568401,1090.0049231751818,74.0350546098592,0.002234742934280385
1173,36068129.79264943,1099.6562516777472,74.0350546098592,0.002257203550976098
1174,36025409.60095623,1109.3802476421552,74.0350546098592,0.002279863799663946
1175,35982737.34733203,1119.1773512687698,74.0350546098592,0.0023027252073540352
1176,35940113.018253624,1129.0480046593427,74.0350546098592,0.002325789310669472
1177,35897536.59994847,1138.9926518207235,74.0350546098592,0.002349057655892094
1178,35855008.07839636,1149.011738668452,74.0350546098592,0.002372531799008112
1179,35812527.439330935,1159.1057130304196,74.0350546098592,0.0023962133057540526
1180,35770094.66824139,1169.2750246504647,74.03505460985919,0.002420103751662719
1181,35727709.75037392,1179.52012519199,74.0350546098592,0.0024442047221093707
1182,35685372.670733295,1189.8414682415314,74.0350546098592,0.002468517812357953
1183,35643083.41408453,1200.2395093123146,74.0350546098592,0.0024930446276074545
1184,35600841.96495434,1210.7147058478156,74.0350546098592,0.00251778678303845
1185,35558648.3076327,1221.267517225304,74.0350546098592,0.0025427459038597513
1186,35516502.4261744,1231.898404759331,74.0350546098592,0.0025679236253551146
1187,35474404.30440056,1242.6078317052518,74.0350546098592,0.002593321592930173
1188,35432353.92590016,1253.396263262698,74.0350546098592,0.002618941462159428
1189,35390351.27403157,1264.264166579045,74.0350546098592,0.00264478489883339
1190,35348396.33192397,1275.2120107528651,74.0350546098592,0.0026708535790058597
1191,35306489.08247898,1286.240266837347,74.0350546098592,0.0026971491890412764
1192,35264629.50837212,1297.3494078437348,74.03505460985919,0.002723673425662291
1193,35222817.5920542,1308.5399087446885,74.0350546098592,0.0027504279959973317
1194,35181053.315752886,1319.8122464777168,74.0350546098592,0.002777414617628473
1195,35139336.66147415,1331.166899948485,74.03505460985919,0.0028046350186392106
1196,35097667.61100374,1342.604350034184,74.0350546098592,0.0028320909376625286
1197,35056046.14590864,1354.1250795868784,74.0350546098592,0.002859784123929073
1198,35014472.24753851,1365.7295734368006,74.0350546098592,0.0028877163373153894
1199,34972945.89702708,1377.41831839561,74.0350546098592,0.002915889348392241
1200,34931467.07529373,1389.1918032597273,74.03505460985922,0.00294430493847324
1201,34890035.76304476,1401.0505188135548,74.0350546098592,0.0029729648996634083
1202,34848651.940774865,1412.9949578327278,74.03505460985919,0.003001871034907976
1203,34807315.5887686,1425.025615087322,74.03505460985919,0.003031025158041223
1204,34766026.687101796,1437.1429873450668,74.0350546098592,0.003060429093835513
1205,34724785.215642795,1449.3475733745306,74.03505460985919,0.003090084678050441
1206,34683591.15405406,1461.6398739482868,74.0350546098592,0.0031199937574820733
1207,34642444.48179347,1474.0203918460604,74.0350546098592,0.00315015819001233
1208,34601345.178115614,1486.489631857828,74.0350546098592,0.0031805798446584333
1209,34560293.222073376,1499.0481007869948,74.0350546098592,0.00321126060162266
1210,34519288.59251909,1511.6963074534144,74.0350546098592,0.0032422023523419503
1211,34478331.268106036,1524.4347626964995,74.03505460985922,0.0032734069995378526
1212,34437421.22728969,1537.263979378267,74.0350546098592,0.003304876457266504
1213,34396558.448329225,1550.1844723863758,74.0350546098592,0.0033366126509687434
1214,34355742.909288675,1563.1967586371434,74.0350546098592,0.003368617517520362
1215,34314974.58803839,1576.3013570785247,74.0350546098592,0.0034008930052824194
1216,34274253.46225633,1589.4987886931133,74.0350546098592,0.0034334410741517787
1217,34233579.509429365,1602.789576501079,74.0350546098592,0.0034662636956116675
1218,34192952.706854604,1616.1742455631097,74.03505460985919,0.0034993628527824117
1219,34152373.03164075,1629.6533229833524,74.0350546098592,0.003532740540472325
1220,34111840.4607093,1643.2273379122732,74.03505460985919,0.003566398765228601
1221,34071354.970796004,1656.896821549563,74.0350546098592,0.003600339545388445
1222,34030916.53845191,1670.6623071469924,74.0350546098592,0.0036345649111302948
1223,33990525.140044905,1684.5243300112597,74.0350546098592,0.0036690769045251456
1224,33950180.75176085,1698.483427506761,74.0350546098592,0.0037038775795879063
1225,33909883.34960483,1712.5401390584477,74.0350546098592,0.003738969002329098
1226,33869632.909402534,1726.6950061546127,74.0350546098592,0.003774353250806549
1227,33829429.40680138,1740.9485723495661,74.03505460985919,0.0038100324151770365
1228,33789272.817271926,1755.3013832664687,74.0350546098592,0.003846008597748408
1229,33749163.116108924,1769.7539865999918,74.0350546098592,0.00388228391303152
1230,33709100.27843271,1784.3069321190394,74.03505460985922,0.00391886048779245
1231,33669084.27919037,1798.9607716694059,74.0350546098592,0.0039557404611047405
1232,33629115.09315701,1813.7160591764532,74.0350546098592,0.003992925984401858
1233,33589192.69493689,1828.57335064773,74.0350546098592,0.004030419221529679
1234,33549317.058964778,1843.5332041756035,74.0350546098592,0.004068222348799163
1235,33509488.15950699,1858.5961799398199,74.0350546098592,0.00410633755503906
1236,33469705.97066285,1873.762840210136,74.0350546098592,0.004144767041648885
1237,33429970.4663655,1889.0337493487918,74.0350546098592,0.004183513022651793
1238,33390281.620383464,1904.4094738131184,74.0350546098592,0.00422257772474781
1239,33350639.40632168,1919.8905821579915,74.0350546098592,0.004261963387366975
1240,33311043.797622602,1935.477645038336,74.0350546098592,0.0043016722627227215
1241,33271494.767567534,1951.1712352116137,74.0350546098592,0.004341706615865378
1242,33231992.289277688,1966.9719275402558,74.0350546098592,0.004382068724735734
1243,33192536.335715365,1982.8802989940505,74.0350546098592,0.004422760880218664
1244,33153126.879685134,1998.8969286525971,74.0350546098592,0.004463785386197043
1245,33113763.893835,2015.0223977076487,74.0350546098592,0.004505144559605603
1246,33074447.35065748,2031.2572894655393,74.0350546098592,0.004546840730485141
1247,33035177.222490784,2047.602189349384,74.0350546098592,0.004588876242036367
1248,32995953.481520027,2064.0576849015397,74.0350546098592,0.004631253450674505
1249,32956776.099778157,2080.6243657858313,74.0350546098592,0.004673974726083555
1250,32917645.04914727,2097.302823789788,74.0350546098592,0.004717042451270712
1251,32878560.301359672,2114.0936528269854,74.0350546098592,0.004760459022621192
1252,32839521.82799892,2130.9974489391425,74.0350546098592,0.004804226849952696
1253,32800529.60050101,2148.0148102984886,74.0350546098592,0.004848348356570617
1254,32761583.590155426,2165.1463372097965,74.0350546098592,0.004892825979322675
1255,32722683.768106315,2182.392632112627,74.0350546098592,0.004937662168654178
1256,32683830.10535344,2199.7542995834087,74.0350546098592,0.004982859388663105
1257,32645022.57275339,2217.231946337615,74.0350546098592,0.005028420117155537
1258,32606261.14102059,2234.8261812318297,74.0350546098592,0.005074346845701021
1259,32567545.780728363,2252.537615265768,74.0350546098592,0.0051206420796880035
1260,32528876.4623101,2270.366861584426,74.0350546098592,0.005167308338379684
1261,32490253.156060226,2288.3145354799954,74.0350546098592,0.005214348154969545
1262,32451675.832135174,2306.3812543939175,74.0350546098592,0.005261764076637347
1263,32413144.460554697,2324.5676379188794,74.0350546098592,0.00530955866460512
1264,32374659.01120266,2342.874307800712,74.0350546098592,0.005357734494193156
1265,32336219.45382819,2361.3018879403717,74.0350546098592,0.005406294154876313
1266,32297825.758046743,2379.85100439583,74.0350546098592,0.005455240250340277
1267,32259477.893341016,2398.5222853839573,74.0350546098592,0.005504575398538004
1268,32221175.82906211,2417.3163612823446,74.0350546098592,0.005554302231746141
1269,32182919.534430467,2436.233864631243,74.0350546098592,0.005604423396621909
1270,32144708.978536926,2455.275430135297,74.0350546098592,0.005654941554259666
1271,32106544.130343612,2474.441694665317,74.0350546098592,0.0057058593802477445
1272,32068424.958685175,2493.7332972601403,74.0350546098592,0.005757179564725602
1273,32030351.4322696,2513.15087912828,74.0350546098592,0.005808904812440704
1274,31992323.519679166,2532.695083649706,74.0350546098592,0.005861037842805871
1275,31954341.189371664,2552.366556377507,74.0350546098592,0.005913581389956447
1276,31916404.40968114,2572.165945039596,74.0350546098592,0.005966538202807823
1277,31878513.148819007,2592.0938995403026,74.0350546098592,0.0060199110451128
1278,31840667.374875,2612.1510719620906,74.0350546098592,0.006073702695519422
1279,31802867.055818107,2632.338116567051,74.0350546098592,0.00612791594762846
1280,31765112.159497555,2652.655689798542,74.0350546098592,0.006182553610051386
1281,31727402.653643783,2673.1044502827654,74.0350546098592,0.006237618506468371
1282,31689738.505869385,2693.6850588302223,74.0350546098592,0.006293113475686163
1283,31652119.683670025,2714.3981784372677,74.0350546098592,0.006349041371696352
1284,31614546.15442552,2735.2444742875923,74.0350546098592,0.006405405063733621
1285,31577017.885400504,2756.2246137536245,74.0350546098592,0.0064622074363340255
1286,31539534.843745712,2777.3392663980712,74.0350546098592,0.006519451389393653
1287,31502096.996498577,2798.589103975179,74.0350546098592,0.006577139838226918
1288,31464704.310584404,2819.9748004322423,74.0350546098592,0.006635275713625486
1289,31427356.752817225,2841.49703191088,74.0350546098592,0.006693861961916881
1290,31390054.289900564,2863.1564767484424,74.0350546098592,0.006752901545023561
1291,31352796.888428558,2884.9538154792176,74.0350546098592,0.00681239744052164
1292,31315584.514886793,2906.8897308358432,74.0350546098592,0.006872352641700278
1293,31278417.13565315,2928.9649077504296,74.0350546098592,0.006932770157620578
1294,31241294.71699871,2951.18003335591,74.0350546098592,0.006993653013175149
1295,31204217.225088764,2973.535796987213,74.0350546098592,0.007055004249147393
1296,31167184.62598353,2996.032890182353,74.0350546098592,0.007116826922270821
1297,31130196.88563919,3018.672006683767,74.0350546098592,0.007179124105289034
1298,31093253.969908673,3041.453842439328,74.0350546098592,0.007241898887015174
1299,31056355.84454253,3064.379095603446,74.0350546098592,0.00730515437239169
1300,31019502.475189857,3087.448466538191,74.0350546098592,0.007368893682550335
1301,30982693.827399123,3110.662657814383,74.0350546098592,0.0074331199548722466
1302,30945929.866619088,3134.022374212611,74.0350546098592,0.007497836343048002
1303,30909210.558199525,3157.5283227241125,74.0350546098592,0.007563046017137549
1304,30872535.867392275,3181.1812125520096,74.0350546098592,0.007628752163631054
1305,30835905.75935184,3204.981755111989,74.0350546098592,0.007694957985508711
1306,30799320.199136477,3228.9306640334567,74.0350546098592,0.007761666702301704
1307,30762779.15170889,3253.0286551603463,74.0350546098592,0.00782888155015261
1308,30726282.581937104,3277.2764465519567,74.0350546098592,0.00789660578187597
1309,30689830.454595245,3301.6747584839327,74.0350546098592,0.007964842667019403
1310,30653422.734364487,3326.224313448966,74.0350546098592,0.008033595491924145
1311,30617059.385833755,3350.925836157714,74.0350546098592,0.008102867559786349
1312,30580740.37350055,3375.7800535394604,74.0350546098592,0.00817266219071787
1313,30544465.661771916,3400.7876947429745,74.0350546098592,0.008242982721807662
1314,30508235.214964997,3425.949491137209,74.0350546098592,0.008313832507183047
1315,30472048.997307997,3451.2661763119486,74.0350546098592,0.008385214918070922
1316,30435906.972941093,3476.738486078559,74.0350546098592,0.008457133342859344
1317,30399809.105916873,3502.367158470584,74.0350546098592,0.008529591187159086
1318,30363755.360201515,3528.152933744388,74.0350546098592,0.008602591873865209
1319,30327745.699675385,3554.0965543797934,74.0350546098592,0.008676138843218962
1320,30291780.088133782,3580.1987650805904,74.0350546098592,0.008750235552869478
1321,30255858.489287842,3606.4603127750734,74.0350546098592,0.008824885477935656
1322,30219980.866765223,3632.8819466166806,74.0350546098592,0.00890009211106848
1323,30184147.184110872,3659.4644179843453,74.0350546098592,0.00897585896251282
1324,30148357.404787913,3686.2084804830133,74.0350546098592,0.0090521895601697
1325,30112611.49217827,3713.1148899441573,74.0350546098592,0.009129087449658835
1326,30076909.40958346,3740.1844044260824,74.0350546098592,0.009206556194380731
1327,30041251.120225374,3767.4177842143413,74.0350546098592,0.009284599375579234
1328,30005636.58724706,3794.815791822202,74.0350546098592,0.009363220592404341
1329,29970065.773713462,3822.37919199083,74.0350546098592,0.009442423461974488
1330,29934538.642611958,3850.108751689682,74.0350546098592,0.009522211619439572
1331,29899055.156853482,3878.00524011681,74.0350546098592,0.00960258871804372
1332,29863615.279272925,3906.0694286990706,74.0350546098592,0.009683558429188211
1333,29828218.972630024,3934.3020910923588,74.0350546098592,0.009765124442494447
1334,29792866.1996101,3962.704003181865,74.0350546098592,0.009847290465867178
1335,29757556.92282467,3991.275943082194,74.0350546098592,0.009930060225557601
1336,29722291.104812276,4020.0186911375267,74.0350546098592,0.010013437466226622
1337,29687068.70803919,4048.9330299217986,74.0350546098592,0.010097425951008357
1338,29651889.694900043,4078.0197442387193,74.0350546098592,0.010182029461573424
1339,29616754.027718592,4107.279621121889,74.0350546098592,0.010267251798192573
1340,29581661.668748487,4136.713449834848,74.0350546098592,0.010353096779800303
1341,29546612.58017383,4166.32202187114,74.0350546098592,0.01043956824405873
1342,29511606.72410997,4196.106130954139,74.0350546098592,0.010526670047420935
1343,29476644.06260424,4226.06657303721,74.0350546098592,0.01061440606519533
1344,29441724.55763651,4256.204146303556,74.0350546098592,0.010702780191609428
1345,29406848.17111994,4286.519651166084,74.0350546098592,0.010791796339873764
1346,29372014.86490172,4317.013890267441,74.0350546098592,0.01088145844224637
1347,29337224.600763682,4347.687668479686,74.0350546098592,0.010971770450096566
1348,29302477.340422958,4378.541792904245,74.0350546098592,0.011062736333969555
1349,29267773.04553271,4409.57707287171,74.0350546098592,0.011154360083650774
1350,29233111.677682787,4440.794319941574,74.0350546098592,0.011246645708230257
1351,29198493.198400334,4472.194347901947,74.0350546098592,0.011339597236167103
1352,29163917.56915056,4503.777972769413,74.0350546098592,0.011433218715354375
1353,29129384.751337267,4535.546012788583,74.0350546098592,0.011527514213183529
1354,29094894.70630355,4567.499288431865,74.0350546098592,0.011622487816609394
1355,29060447.395332538,4599.638622399078,74.0350546098592,0.011718143632214942
1356,29026042.779647928,4631.964839616989,74.0350546098592,0.011814485786276066
1357,28991680.820414618,4664.478767239053,74.0350546098592,0.01191151842482699
1358,28957361.47873948,4697.181234644896,74.0350546098592,0.01200924571372511
1359,28923084.715671882,4730.073073439802,74.0350546098592,0.012107671838716094
1360,28888850.492204286,4763.155117454248,74.0350546098592,0.012206801005499208
1361,28854658.769273065,4796.428202743497,74.0350546098592,0.012306637439792873
1362,28820509.507758874,4829.893167586928,74.0350546098592,0.01240718538739984
1363,28786402.668487497,4863.550852487415,74.0350546098592,0.012508449114272468
1364,28752338.21223034,4897.4021001709225,74.0350546098592,0.012610432906578829
1365,28718316.099705067,4931.447755585733,74.0350546098592,0.012713141070767965
1366,28684336.29157622,4965.688665901757,74.0350546098592,0.012816577933635491
1367,28650398.748455912,5000.125680510025,74.0350546098592,0.012920747842389798
1368,28616503.430904265,5034.759651021804,74.0350546098592,0.013025655164717523
1369,28582650.299430147,5069.591431267907,74.0350546098592,0.013131304288849541
1370,28548839.3144917,5104.621877298023,74.0350546098592,0.013237699623627232
1371,28515070.43649698,5139.851847379851,74.0350546098592,0.013344845598568342
1372,28481343.62580455,5175.282201998172,74.0350546098592,0.013452746663932843
1373,28447658.842724014,5210.9138038542915,74.0350546098592,0.013561407290789914
1374,28414016.04751667,5246.747517864893,74.0350546098592,0.013670831971083503
1375,28380415.200396072,5282.784211161267,74.0350546098592,0.013781025217699003
1376,28346856.261528563,5319.024753088349,74.0350546098592,0.013891991564529632
1377,28313339.191033933,5355.470015203777,74.0350546098592,0.01400373556654291
1378,28279863.948985957,5392.120871276951,74.0350546098592,0.014116261799847348
1379,28246430.495412905,5428.97819728793,74.0350546098592,0.014229574861758878
1380,28213038.790298223,5466.042871426461,74.0350546098592,0.014343679370867656
1381,28179688.79358099,5503.315774090988,74.0350546098592,0.01445857996710509
1382,28146380.46515658,5540.797787887369,74.0350546098592,0.0145742813118101
1383,28113113.764877103,5578.489797627907,74.0350546098592,0.014690788087796506
1384,28079888.652552098,5616.3926903302,74.0350546098592,0.014808104999419883
1385,28046705.087948993,5654.507355215927,74.0350546098592,0.014926236772644565
1386,28013563.030793604,5692.8346837096105,74.0350546098592,0.015045188155110653
1387,27980462.44077081,5731.375569437545,74.0350546098592,0.015164963916201531
1388,27947403.277525075,5770.130908226357,74.0350546098592,0.01528556884711063
1389,27914385.500660826,5809.101598101779,74.0350546098592,0.015407007760908949
1390,27881409.06974324,5848.288539287515,74.0350546098592,0.015529285492612737
1391,27848473.94429855,5887.692634203604,74.0350546098592,0.015652406899250255
1392,27815580.083814736,5927.314787465262,74.0350546098592,0.015776376859929716
1393,27782727.447742023,5967.15590588145,74.0350546098592,0.015901200275906736
1394,27749915.995493256,6007.216898453525,74.0350546098592,0.016026882070652206
1395,27717145.68644464,6047.498676373561,74.0350546098592,0.016153427189919245
1396,27684416.47993615,6088.002153023152,74.0350546098592,0.0162808406018117
1397,27651728.335272,6128.728243971818,74.0350546098592,0.016409127296851726
1398,27619081.21172127,6169.6778669753185,74.0350546098592,0.01653829228804713
1399,27586475.068518367,6210.851941974439,74.0350546098592,0.01666834061096027
1400,27553909.86486346,6252.2513910930065,74.0350546098592,0.01679927732377492
1401,27521385.559923157,6293.877138636601,74.0350546098592,0.016931107507365123
1402,27488902.112830773,6335.730111090843,74.0350546098592,0.017063836265363164
1403,27456459.482687064,6377.811237119593,74.0350546098592,0.017197468724227224
1404,27424057.62856053,6420.121447563363,74.0350546098592,0.01733201003330997
1405,27391696.509488083,6462.661675437698,74.0350546098592,0.017467465364926972
1406,27359376.084475387,6505.432855931303,74.0350546098592,0.017603839914424768
1407,27327096.312497396,6548.435926404157,74.0350546098592,0.017741138900248896
1408,27294857.15249894,6591.671826386068,74.0350546098592,0.017879367564013187
1409,27262658.563395046,6635.141497574478,74.0350546098592,0.018018531170567384
1410,27230500.504071448,6678.845883832902,74.0350546098592,0.018158635008066425
1411,27198382.93338524,6722.785931188799,74.0350546098592,0.018299684388038247
1412,27166305.810165122,6766.9625878318475,74.0350546098592,0.018441684645453083
1413,27134269.093211938,6811.376804111926,74.0350546098592,0.018584641138791845
1414,27102272.741299286,6856.029532537215,74.0350546098592,0.018728559250114997
1415,27070316.71317379,6900.921727772092,74.0350546098592,0.01887344438513111
1416,27038400.967555653,6946.054346635182,74.0350546098592,0.01901930197326589
1417,27006525.46313916,6991.4283480974245,74.0350546098592,0.019166137467731287
1418,26974690.15859303,7037.044693279837,74.0350546098592,0.019313956345594102
1419,26942895.01256094,7082.90434545148,74.0350546098592,0.019462764107845084
1420,26911139.983662046,7129.008270027326,74.0350546098592,0.019612566279467916
1421,26879425.03049121,7175.357434566179,74.0350546098592,0.019763368409508656
1422,26847750.111619707,7221.952808768335,74.0350546098592,0.01991517607114427
1423,26816115.185595535,7268.795364473602,74.0350546098592,0.02006799486175251
1424,26784520.21094388,7315.8860756588665,74.0350546098592,0.020221830402980576
1425,26752965.146167528,7363.225918435863,74.0350546098592,0.020376688340814547
1426,26721449.94974736,7410.815871049095,74.0350546098592,0.020532574345649174
1427,26689974.580142763,7458.656913873262,74.0350546098592,0.020689494112356595
1428,26658538.99579203,7506.750029410995,74.0350546098592,0.020847453360355966
1429,26627143.15511284,7555.096202290612,74.0350546098592,0.021006457833683243
1430,26595787.016502663,7603.696419263587,74.0350546098592,0.021166513301060303
1431,26564470.53833918,7652.551669202137,74.0350546098592,0.021327625555964527
1432,26533193.67898074,7701.662943096922,74.0350546098592,0.021489800416698773
1433,26501956.396766752,7751.031234054348,74.0350546098592,0.021653043726460423
1434,26470758.650018025,7800.65753729424,74.0350546098592,0.021817361353411592
1435,26439600.397037398,7850.54285014729,74.0350546098592,0.021982759190748602
1436,26408481.59610993,7900.688172052388,74.0350546098592,0.02214924315677162
1437,26377402.205503386,7951.094504554194,74.0350546098592,0.022316819194954807
1438,26346362.18346875,8001.762851300438,74.0350546098592,0.02248549327401579
1439,26315361.48824045,8052.694218039354,74.0350546098592,0.02265527138798594
1440,26284400.078036897,8103.889612616844,74.0350546098592,0.022826159556279625
1441,26253477.91106087,8155.350044974123,74.0350546098592,0.022998163823765124
1442,26222594.94549982,8207.076527144634,74.0350546098592,0.02317129026083369
1443,26191751.13952637,8259.07007325154,74.0350546098592,0.02334554496347008
1444,26160946.451298706,8311.33169950496,74.0350546098592,0.02352093405332271
1445,26130180.838960875,8363.862424199055,74.0350546098592,0.023697463677773423
1446,26099454.26064325,8416.66326770921,74.0350546098592,0.02387514001000761
1447,26068766.67446297,8469.73525248942,74.0350546098592,0.02405396924908499
1448,26038118.038524184,8523.079403069041,74.0350546098592,0.024233957620008833
1449,26007508.310918543,8576.696746050184,74.0350546098592,0.024415111373796993
1450,25976937.44972555,8630.58831010481,74.0350546098592,0.024597436787552215
1451,25946405.413012926,8684.755125971487,74.0350546098592,0.02478094016453166
1452,25915912.158837,8739.198226452641,74.0350546098592,0.024965627834217855
1453,25885457.645243064,8793.918646411681,74.0350546098592,0.02515150615238947
1454,25855041.83026583,8848.917422769555,74.0350546098592,0.025338581501190432
1455,25824664.671929605,8904.195594502,74.0350546098592,0.025526860289201442
1456,25794326.12824891,8959.75420263656,74.0350546098592,0.025716348951510478
1457,25764026.15722867,9015.594290249102,74.0350546098592,0.02590705394978236
1458,25733764.716864605,9071.71690246093,74.0350546098592,0.02609898177232998
1459,25703541.76514361,9128.123086435775,74.0350546098592,0.026292138934185257
1460,25673357.260044187,9184.813891376103,74.0350546098592,0.026486531977168177
1461,25643211.15953665,9241.790368520555,74.0350546098592,0.026682167469959456
1462,25613103.421583608,9299.05357114016,74.0350546098592,0.026879052008169427
1463,25583034.004140247,9356.604554535319,74.0350546098592,0.027077192214409497
1464,25553002.865154717,9414.44437603248,74.0350546098592,0.02727659473836271
1465,25523009.96256848,9472.5740949809,74.0350546098592,0.027477266256854673
1466,25493055.254316594,9530.994772749153,74.0350546098592,0.02767921347392389
1467,25463138.698328163,9589.70747272189,74.0350546098592,0.027882443120892823
1468,25433260.252526604,9648.713260296328,74.0350546098592,0.028086961956438387
1469,25403419.87482997,9708.013202878907,74.0350546098592,0.028292776766662982
1470,25373617.523151383,9767.608369881924,74.0350546098592,0.028499894365165476
1471,25343853.15539927,9827.499832719877,74.0350546098592,0.028708321593111593
1472,25314126.729477745,9887.688664806094,74.0350546098592,0.028918065319305117
1473,25284438.203286953,9948.175941549182,74.0350546098592,0.02912913244025865
1474,25254787.534723353,10008.962740349552,74.0350546098592,0.02934152988026484
1475,25225174.681680083,10070.050140595638,74.0350546098592,0.02955526459146657
1476,25195599.60204731,10131.43922366061,74.0350546098592,0.029770343553928907
1477,25166062.253712438,10193.131072898452,74.0350546098592,0.029986773775709213
1478,25136562.594560575,10255.12677364047,74.0350546098592,0.0302045622929285
1479,25107100.58247482,10317.427413191663,74.0350546098592,0.030423716169842577
1480,25077676.175336454,10380.034080826925,74.0350546098592,0.030644242498912906
1481,25048289.33102545,10442.947867787238,74.0350546098592,0.03086614840087721
1482,25018940.007420633,10506.169867276245,74.0350546098592,0.03108944102482162
1483,24989628.162400056,10569.701174456162,74.0350546098592,0.031314127548250775
1484,24960353.753841333,10633.54288644397,74.0350546098592,0.031540215177158805
1485,24931116.739621874,10697.69610230801,74.0350546098592,0.031767711146101815
1486,24901917.077619277,10762.161923063524,74.0350546098592,0.03199662271826705
1487,24872754.72571156,10826.94145166925,74.0350546098592,0.03222695718554551
1488,24843629.641777556,10892.035793023362,74.0350546098592,0.03245872186860247
1489,24814541.783697084,10957.446053959464,74.0350546098592,0.03269192411694859
1490,24785491.109351333,11023.173343242854,74.0350546098592,0.03292657130901157
1491,24756477.576623153,11089.218771566333,74.0350546098592,0.03316267085220669
1492,24727501.14339738,11155.583451546307,74.0350546098592,0.03340023018300826
1493,24698561.767561,11222.26849771881,74.0350546098592,0.033639256767021085
1494,24669659.40700363,11289.275026535395,74.0350546098592,0.03387975809905128
1495,24640794.019617643,11356.604156359055,74.0350546098592,0.03412174170317761
1496,24611965.56329855,11424.257007460106,74.0350546098592,0.034365215132822584
1497,24583173.995945305,11492.234702012194,74.0350546098592,0.03461018597082401
1498,24554419.27546041,11560.538364088103,74.0350546098592,0.034856661829506315
1499,24525701.35975047,11629.169119655326,74.0350546098592,0.035104650350750666
1500,24497020.206726283,11698.128096572382,74.0350546098592,0.03535415920606795
1501,24468375.77430316,11767.41642458416,74.0350546098592,0.03560519609666872
1502,24439768.02040121,11837.035235317771,74.0350546098592,0.035857768753534684
1503,24411196.902945668,11906.985662278585,74.0350546098592,0.0361118849374908
1504,24382662.379867077,11977.268840845438,74.0350546098592,0.036367552439275135
1505,24354164.409101624,12047.885908266637,74.0350546098592,0.03662477907961107
1506,24325702.948591392,12118.838003655816,74.0350546098592,0.03688357270927909
1507,24297277.95628461,12190.126267987102,74.0350546098592,0.03714394120918673
1508,24268889.390135948,12261.751844090837,74.0350546098592,0.037405892490440074
1509,24240537.20810681,12333.715876649658,74.0350546098592,0.03766943449441648
1510,24212221.368165474,12406.01951219343,74.0350546098592,0.03793457519283417
1511,24183941.82828755,12478.663899095067,74.0350546098592,0.03820132258782396
1512,24155698.546456054,12551.650187566163,74.0350546098592,0.03846968471200122
1513,24127491.480661776,12624.979529652268,74.0350546098592,0.038739669628536255
1514,24099320.588903464,12698.653079228563,74.0350546098592,0.03901128543122637
1515,24071185.829188213,12772.671991995134,74.0350546098592,0.03928454024456632
1516,24043087.159531552,12847.037425472492,74.0350546098592,0.039559442223820164
1517,24015024.53795775,12921.75053899695,74.0350546098592,0.039835999555092344
1518,23986997.922500186,12996.812493716105,74.0350546098592,0.04011422045539908
1519,23959007.271201428,13072.224452584034,74.0350546098592,0.04039411317273937
1520,23931052.542113528,13147.987580356605,74.0350546098592,0.04067568598616609
1521,23903133.6932984,13224.103043587087,74.0350546098592,0.04095894720585802
1522,23875250.68282784,13300.572010621092,74.0350546098592,0.04124390517319025
1523,23847403.468783945,13377.395651592067,74.0350546098592,0.04153056826080593
1524,23819592.00925933,13454.575138416334,74.0350546098592,0.041818944872686815
1525,23791816.262357242,13532.11164478854,74.0350546098592,0.04210904344422547
1526,23764076.186191943,13610.006346176737,74.0350546098592,0.04240087244229585
1527,23736371.738888893,13688.260419817487,74.0350546098592,0.04269444036532434
1528,23708702.878584996,13766.875044711183,74.0350546098592,0.04298975574336148
1529,23681069.563428793,13845.851401616908,74.0350546098592,0.04328682713815236
1530,23653471.751580726,13925.190673047975,74.0350546098592,0.04358566314320907
1531,23625909.401213374,14004.894043266524,74.0350546098592,0.04388627238388032
1532,23598382.470511697,14084.962698278907,74.0350546098592,0.04418866351742359
1533,23570890.917673178,14165.397825830678,74.0350546098592,0.044492845233076235
1534,23543434.700908154,14246.20061540148,74.0350546098592,0.044798826252125994
1535,23516013.778440002,14327.372258200045,74.0350546098592,0.045106615327982186
1536,23488628.108505357,14408.913947159506,74.0350546098592,0.04541622124624787
1537,23461277.649354298,14490.826876931877,74.0350546098592,0.0457276528247895
1538,23433962.359250627,14573.11224388315,74.0350546098592,0.04604091891380842
1539,23406682.196472067,14655.771246088412,74.0350546098592,0.046356028395912546
1540,23379437.119310487,14738.805083326479,74.0350546098592,0.046672990186186654
1541,23352227.086072046,14822.21495707477,74.0350546098592,0.0469918132322635
1542,23325052.055077564,14906.002070504437,74.0350546098592,0.047312506514395454
1543,23297911.98466256,14990.167628474695,74.0350546098592,0.04763507904552425
1544,23270806.833177555,15074.712837527928,74.0350546098592,0.047959539871352694
1545,23243736.55898833,15159.638905884609,74.0350546098592,0.048285898070416035
1546,23216701.12047599,15244.947043437818,74.0350546098592,0.048614162754152326
1547,23189700.476037282,15330.638461747825,74.0350546098592,0.04894434306697267
1548,23162734.584084827,15416.714374037245,74.0350546098592,0.0492764481863334
1549,23135803.403047167,15503.175995185471,74.0350546098592,0.04961048732280649
1550,23108906.89136917,15590.024541723182,74.0350546098592,0.04994646972014935
1551,23082045.00751209,15677.2612318274,74.0350546098592,0.050284404655377334
1552,23055217.709953807,15764.887285315714,74.0350546098592,0.05062430143883306
1553,23028424.957189042,15852.903923641037,74.0350546098592,0.05096616941425764
1554,23001666.70772953,15941.312369886453,74.0350546098592,0.05131001795886231
1555,22974942.920104235,16030.113848759334,74.0350546098592,0.05165585648339766
1556,22948253.552859563,16119.309586586167,74.0350546098592,0.05200369443222515
1557,22921598.564559463,16208.900811307045,74.0350546098592,0.05235354128338788
1558,22894977.91378576,16298.888752469984,74.0350546098592,0.05270540654868031
1559,22868391.559138227,16389.274641225773,74.0350546098592,0.05305929977372033
1560,22841839.459234864,16480.0597103221,74.0350546098592,0.05341523053801846
1561,22815321.57271199,16571.245194097864,74.0350546098592,0.0537732084550483
1562,22788837.858224522,16662.832328478362,74.0350546098592,0.05413324317231925
1563,22762388.274446078,16754.82235096881,74.0350546098592,0.054495344371444335
1564,22735972.78006928,16847.216500648992,74.0350546098592,0.05485952176821125
1565,22709591.33380578,16940.016018168077,74.0350546098592,0.055225785112654684
1566,22683243.89438658,17033.22214573825,74.0350546098592,0.05559414418912402
1567,22656930.420562133,17126.83612712953,74.0350546098592,0.05596460881635547
1568,22630650.871102527,17220.85920766386,74.0350546098592,0.056337188847541846
1569,22604405.204797763,17315.29263420954,74.0350546098592,0.05671189417040294
1570,22578193.380457718,17410.137655175182,74.0350546098592,0.0570887347072554
1571,22552015.356912587,17505.395520504408,74.0350546098592,0.05746772041508378
1572,22525871.09301284,17601.06748166961,74.0350546098592,0.05784886128560976
1573,22499760.54762949,17697.15479166649,74.0350546098592,0.05823216734536314
1574,22473683.679654296,17793.65870500805,74.0350546098592,0.05861764865575129
1575,22447640.44799985,17890.580477718802,74.0350546098592,0.059005315313129574
1576,22421630.811599784,17987.92136732897,74.0350546098592,0.05939517744887148
1577,22395654.729408998,18085.68263286859,74.0350546098592,0.05978724522943843
1578,22369712.160403695,18183.86553486155,74.0350546098592,0.06018152885644982
1579,22343803.06358168,18282.471335319708,74.0350546098592,0.0605780385667528
1580,22317927.397962455,18381.501297737082,74.0350546098592,0.060976784632492606
1581,22292085.122587387,18480.95668708365,74.0350546098592,0.06137777736118175
1582,22266276.19651986,18580.838769799582,74.0350546098592,0.06178102709577041
1583,22240500.5788455,18681.148813789256,74.0350546098592,0.06218654421471606
1584,22214758.22867228,18781.888088415057,74.0350546098592,0.06259433913205278
1585,22189049.105130646,18883.057864491457,74.0350546098592,0.06300442229746127
1586,22163373.167373776,18984.659414279304,74.0350546098592,0.06341680419633942
1587,22137730.37457763,19086.694011478998,74.0350546098592,0.06383149534986965
1588,22112120.685941193,19189.162931224964,74.0350546098592,0.06424850631509005
1589,22086544.060686566,19292.067450079874,74.0350546098592,0.06466784768496515
1590,22061000.458059154,19395.408846027523,74.0350546098592,0.06508953008845197
1591,22035489.83732779,19499.18839846752,74.0350546098592,0.06551356419057222
1592,22010012.157784957,19603.407388208816,74.0350546098592,0.06593996069248047
1593,21984567.37874682,19708.06709746373,74.0350546098592,0.06636873033153443
1594,21959155.45955346,19813.168809841358,74.0350546098592,0.06679988388136275
1595,21933776.359569013,19918.713810342095,74.0350546098592,0.06723343215193657
1596,21908430.038181826,20024.70338535025,74.0350546098592,0.06766938598963493
1597,21883116.454804502,20131.138822629055,74.0350546098592,0.0681077562773183
1598,21857835.568874218,20238.021411313763,74.0350546098592,0.06854855393439513
1599,21832587.339852728,20345.35244190527,74.0350546098592,0.0689917899168908
1600,21807371.727226526,20453.133206263898,74.0350546098592,0.06943747521751698
1601,21782188.69050709,20561.364997603432,74.0350546098592,0.06988562086574135
1602,21757038.18923085,20670.049110484648,74.0350546098592,0.07033623792785655
1603,21731920.18295949,20779.18684080838,74.0350546098592,0.07078933750704655
1604,21706834.63128001,20888.779485810024,74.0350546098592,0.07124493074345856
1605,21681781.49380483,20998.828344052687,74.0350546098592,0.07170302881427028
1606,21656760.73017199,21109.334715420664,74.0350546098592,0.07216364293375808
1607,21631772.300045293,21220.299901113485,74.0350546098592,0.07262678435336699
1608,21606816.16311436,21331.725203638962,74.0350546098592,0.07309246436177777
1609,21581892.279094853,21443.61192680709,74.0350546098592,0.0735606942849765
1610,21557000.607728515,21555.96137572366,74.0350546098592,0.07403148548632332
1611,21532141.1087834,21668.774856783377,74.0350546098592,0.07450484936661943
1612,21507313.74205391,21782.053677663473,74.0350546098592,0.0749807973641759
1613,21482518.46736101,21895.7991473177,74.0350546098592,0.07545934095488344
1614,21457755.24455228,22010.012575968954,74.0350546098592,0.07594049165227812
1615,21433024.033502087,22124.695275103466,74.0350546098592,0.07642426100761175
1616,21408324.794111714,22239.848557463974,74.0350546098592,0.07691066060991916
1617,21383657.48630944,22355.47373704267,74.0350546098592,0.07739970208608479
1618,21359022.070050687,22471.572129075637,74.0350546098592,0.07789139710091403
1619,21334418.505318202,22588.14505003526,74.0350546098592,0.0783857573571977
1620,21309846.7521221,22705.19381762403,74.0350546098592,0.07888279459578165
1621,21285306.770499982,22822.71975076801,74.0350546098592,0.0793825205956349
1622,21260798.520517122,22940.72416960989,74.0350546098592,0.07988494717391616
1623,21236321.962266553,23059.208395502425,74.0350546098592,0.08039008618604204
1624,21211877.05586912,23178.1737510018,74.0350546098592,0.08089794952575512
1625,21187463.76147377,23297.62155986092,74.0350546098592,0.08140854912519076
1626,21163082.039257456,23417.553147022685,74.0350546098592,0.08192189695494538
1627,21138731.849425364,23537.969838612928,74.0350546098592,0.08243800502414239
1628,21114413.1522111,23658.87296193446,74.0350546098592,0.08295688538050194
1629,21090125.907876626,23780.26384545934,74.0350546098592,0.08347855011040563
1630,21065870.07671249,23902.143818822846,74.0350546098592,0.08400301133896572
1631,21041645.61903795,24024.514212816226,74.0350546098592,0.08453028123009089
1632,21017452.49520103,24147.376359380243,74.0350546098592,0.0850603719865546
1633,20993290.665578656,24270.73159159779,74.0350546098592,0.08559329585006002
1634,20969160.090576734,24394.581243687953,74.0350546098592,0.08612906510131045
1635,20945060.730630293,24518.926650998237,74.0350546098592,0.08666769206007265
1636,20920992.54620363,24643.769149998003,74.0350546098592,0.08720918908524464
1637,20896955.497790284,24769.11007827217,74.0350546098592,0.08775356857492492
1638,20872949.545913287,24894.950774513305,74.0350546098592,0.08830084296647521
1639,20848974.651125178,25021.292578515353,74.0350546098592,0.08885102473658942
1640,20825030.77400816,25148.136831166656,74.0350546098592,0.08940412640135988
1641,20801117.87517419,25275.484874442955,74.0350546098592,0.0899601605163436
1642,20777235.91526502,25403.338051400475,74.0350546098592,0.09051913967662906
1643,20753384.854952376,25531.697706168634,74.0350546098592,0.091081076516901
1644,20729564.654938053,25660.565183943498,74.0350546098592,0.09164598371150819
1645,20705775.275953963,25789.94183098083,74.0350546098592,0.09221387397453
1646,20682016.67876228,25919.82899458851,74.0350546098592,0.09278476005984025
1647,20658288.824155483,26050.22802311991,74.0350546098592,0.09335865476117479
1648,20634591.67295656,26181.140265967206,74.0350546098592,0.09393557091219822
1649,20610925.186018992,26312.56707355346,74.0350546098592,0.09451552138656714
1650,20587289.32422687,26444.509797326216,74.0350546098592,0.09509851909799817
1651,20563684.04849508,26576.969789750692,74.0350546098592,0.09568457700033417
1652,20540109.31976925,26709.94840430144,74.0350546098592,0.09627370808760595
1653,20516565.09902595,26843.44699545668,74.0350546098592,0.09686592539410256
1654,20493051.347272806,26977.466918690563,74.0350546098592,0.09746124199443446
1655,20469568.025548454,27112.009530465646,74.0350546098592,0.09805967100359785
1656,20446115.094922762,27247.07618822647,74.0350546098592,0.09866122557704214
1657,20422692.516496904,27382.66825039197,74.0350546098592,0.0992659189107336
1658,20399300.251403354,27518.78707634874,74.0350546098592,0.09987376424122237
1659,20375938.260806076,27655.434026442985,74.0350546098592,0.10048477484570403
1660,20352606.50590059,27792.610461974404,74.0350546098592,0.10109896404208843
1661,20329304.94791399,27930.317745188437,74.0350546098592,0.101716345189063
1662,20306033.54810513,28068.557239268786,74.0350546098592,0.10233693168615583
1663,20282792.26776465,28207.330308330937,74.0350546098592,0.10296073697380378
1664,20259581.068215087,28346.63831741425,74.0350546098592,0.1035877745334142
1665,20236399.910810914,28486.482632474806,74.0350546098592,0.10421805788743015
1666,20213248.75693865,28626.864620378805,74.0350546098592,0.10485160059939709
1667,20190127.568016976,28767.78564889437,74.0350546098592,0.10548841627402379
1668,20167036.30549678,28909.24708668466,74.0350546098592,0.10612851855724814
1669,20143974.930861223,29051.250303301076,74.0350546098592,0.10677192113630324
1670,20120943.40562583,29193.796669174895,74.0350546098592,0.10741863773977765
1671,20097941.691338614,29336.887555610894,74.0350546098592,0.10806868213768259
1672,20074969.7495801,29480.524334779566,74.0350546098592,0.10872206814151443
1673,20052027.54196343,29624.708379709882,74.0350546098592,0.10937880960431881
1674,20029115.030134372,29769.441064281862,74.0350546098592,0.11003892042075443
1675,20006232.17577154,29914.723763219565,74.0350546098592,0.1107024145271573
1676,19983378.94058635,30060.55785208304,74.0350546098592,0.11136930590160235
1677,19960555.286323085,30206.94470726165,74.0350546098592,0.11203960856396965
1678,19937761.17475907,30353.885705966433,74.0350546098592,0.11271333657600627
1679,19914996.56770469,30501.38222622225,74.0350546098592,0.11339050404138833
1680,19892261.42700338,30649.435646860995,74.0350546098592,0.11407112510578678
1681,19869555.7145319,30798.047347514053,74.0350546098592,0.11475521395692914
1682,19846879.392200164,30947.21870860449,74.0350546098592,0.11544278482466239
1683,19824232.421951503,31096.95111134012,74.0350546098592,0.11613385198101667
1684,19801614.765762664,31247.245937705553,74.0350546098592,0.11682842974026672
1685,19779026.385643814,31398.104570455205,74.0350546098592,0.11752653245899675
1686,19756467.24363872,31549.528393105218,74.0350546098592,0.11822817453616011
1687,19733937.301824782,31701.518789926766,74.0350546098592,0.118933370413145
1688,19711436.52231304,31854.07714593779,74.0350546098592,0.11964213457383445
1689,19688964.867248315,32007.20484689594,74.0350546098592,0.12035448154466986
1690,19666522.29880925,32160.90327929129,74.0350546098592,0.12107042589471426
1691,19644108.779208343,32315.17383033786,74.0350546098592,0.1217899822357109
1692,19621724.27069208,32470.01788796697,74.03505460985922,0.1225131652221485
1693,19599368.735540908,32625.4368408198,74.0350546098592,0.12323998955132393
1694,19577042.13606941,32781.43207823891,74.0350546098592,0.12397046996339997
1695,19554744.434626244,32938.004990261405,74.0350546098592,0.12470462124147044
1696,19532475.59359431,33095.15696761133,74.0350546098592,0.12544245821162128
1697,19510235.57539077,33252.88940169182,74.0350546098592,0.12618399574299108
1698,19488024.342467073,33411.203684577646,74.0350546098592,0.12692924874783335
1699,19465841.85730907,33570.101209007844,74.0350546098592,0.12767823218157848
1700,19443688.08243707,33729.58336837744,74.0350546098592,0.1284309610428922
1701,19421562.98040581,33889.651556730634,74.0350546098592,0.12918745037374055
1702,19399466.5138047,34050.30716875283,74.0350546098592,0.12994771525944832
1703,19377398.645257656,34211.55159976265,74.0350546098592,0.13071177082876004
1704,19355359.33742331,34373.3862457049,74.0350546098592,0.13147963225390205
1705,19333348.552995063,34535.81250314264,74.0350546098592,0.13225131475064222
1706,19311366.25470101,34698.831769249664,74.0350546098592,0.1330268335783521
1707,19289412.40530415,34862.44544180222,74.03505460985919,0.1338062040400638
1708,19267486.96760236,35026.65491917247,74.0350546098592,0.13458944148253518
1709,19245589.90442845,35191.46160031993,74.0350546098592,0.1353765612963072
1710,19223721.178650223,35356.86688478374,74.0350546098592,0.13616757891576342
1711,19201880.753170587,35522.872172675794,74.0350546098592,0.136962509819193
1712,19180068.590927493,35689.47886467193,74.0350546098592,0.13776136952884743
1713,19158284.654894073,35856.68836200512,74.0350546098592,0.13856417361100273
1714,19136528.908078685,36024.50206645748,74.0350546098592,0.1393709376760187
1715,19114801.31352491,36192.92138035248,74.0350546098592,0.14018167737839848
1716,19093101.83431164,36361.947706546656,74.0350546098592,0.1409964084168455
1717,19071430.43355315,36531.5824484233,74.0350546098592,0.14181514653432853
1718,19049787.074399095,36701.82700988333,74.0350546098592,0.14263790751813588
1719,19028171.720034573,36872.68279533793,74.0350546098592,0.14346470719993584
1720,19006584.33368023,37044.15120970138,74.0350546098592,0.144295561455838
1721,18985024.87859222,37216.23365838238,74.0350546098592,0.145130486206449
1722,18963493.318062287,37388.93154727686,74.0350546098592,0.14596949741693355
1723,18941989.615417834,37562.246282760214,74.0350546098592,0.14681261109707297
1724,18920513.734021917,37736.17927167906,74.0350546098592,0.14765984330132248
1725,18899065.637273375,37910.731921343984,74.0350546098592,0.14851121012887117
1726,18877645.288606774,38085.905639521356,74.0350546098592,0.14936672772369955
1727,18856252.651492506,38261.70183442568,74.03505460985919,0.15022641227463832
1728,18834887.689436834,38438.121914711686,74.0350546098592,0.15109028001542568
1729,18813550.365981918,38615.16728946677,74.0350546098592,0.15195834722476692
1730,18792240.64470585,38792.83936820278,74.0350546098592,0.15283063022639062
1731,18770958.489222728,38971.13956084864,74.0350546098592,0.15370714538910826
1732,18749703.863182686,39150.06927774205,74.0350546098592,0.15458790912686973
1733,18728476.730271865,39329.62992962176,74.0350546098592,0.15547293789882252
1734,18707277.05421257,39509.82292762024,74.0350546098592,0.15636224820936967
1735,18686104.798763253,39690.64968325506,74.03505460985922,0.15725585660822503
1736,18664959.92771851,39872.111608421306,74.0350546098592,0.15815377969047154
1737,18643842.404909216,40054.21011538409,74.03505460985922,0.15905603409661925
1738,18622752.19420244,40236.94661677027,74.0350546098592,0.1599626365126616
1739,18601689.259501617,40420.32252556044,74.03505460985922,0.16087360367013068
1740,18580653.564746466,40604.33925508167,74.03505460985919,0.16178895234615714
1741,18559645.073913116,40788.998218999164,74.0350546098592,0.1627086993635248
1742,18538663.75101406,40974.300831308006,74.0350546098592,0.16363286159072568
1743,18517709.560098283,41160.24850632654,74.0350546098592,0.16456145594202135
1744,18496782.465251207,41346.84265868689,74.0350546098592,0.16549449937749303
1745,18475882.430594813,41534.084703327935,74.0350546098592,0.16643200890310092
1746,18455009.420287564,41721.97605548784,74.0350546098592,0.1673740015707426
1747,18434163.398524567,41910.51813069486,74.03505460985922,0.1683204944783029
1748,18413344.32953749,42099.71234476042,74.0350546098592,0.16927150476971453
1749,18392552.17759467,42289.56011377121,74.03505460985919,0.17022704963501303
1750,18371786.90700113,42480.06285408069,74.0350546098592,0.17118714631039028
1751,18351048.48209857,42671.221982300995,74.0350546098592,0.1721518120782495
1752,18330336.867265467,42863.03891529653,74.0350546098592,0.17312106426726592
1753,18309652.02691706,43055.51507017376,74.0350546098592,0.17409492025243337
1754,18288993.925505325,43248.65186427518,74.0350546098592,0.17507339745512726
1755,18268362.527519174,43442.450715170744,74.0350546098592,0.1760565133431556
1756,18247757.797484297,43636.91304064901,74.0350546098592,0.17704428543081152
1757,18227179.699963287,43832.0402587109,74.0350546098592,0.17803673127893418
1758,18206628.19955569,44027.83378756039,74.0350546098592,0.17903386849495748
1759,18186103.260897953,44224.29504559708,74.0350546098592,0.18003571473296703
1760,18165604.848663487,44421.42545140788,74.0350546098592,0.1810422876937531
1761,18145132.92756277,44619.226423759785,74.0350546098592,0.18205360512486668
1762,18124687.46234321,44817.69938159119,74.0350546098592,0.18306968482067204
1763,18104268.417789318,45016.84574400412,74.0350546098592,0.18409054462240007
1764,18083875.758722696,45216.66693025641,74.03505460985922,0.18511620241820317
1765,18063509.450001996,45417.16435975359,74.0350546098592,0.1861466761432085
1766,18043169.456523027,45618.33945204081,74.03505460985919,0.18718198377957054
1767,18022855.743218753,45820.19362679514,74.0350546098592,0.1882221433565256
1768,18002568.275059305,46022.72830381749,74.0350546098592,0.1892671729504448
1769,17982307.01705199,46225.94490302398,74.0350546098592,0.19031709068488473
1770,17962071.934241354,46429.84484443937,74.0350546098592,0.1913719147306456
1771,17941862.991709195,46634.4295481877,74.0350546098592,0.19243166330581843
1772,17921680.15457455,46839.700434484745,74.0350546098592,0.1934963546758402
1773,17901523.387993753,47045.658923630566,74.0350546098592,0.19456600715354797
1774,17881392.657160457,47252.30643600058,74.0350546098592,0.19564063909922744
1775,17861287.927305624,47459.64439203795,74.0350546098592,0.19672026892066716
1776,17841209.16369759,47667.6742122462,74.0350546098592,0.19780491507321266
1777,17821156.33164204,47876.397317180075,74.0350546098592,0.1988945960598142
1778,17801129.396482028,48085.81512743826,74.0350546098592,0.19998933043108166
1779,17781128.323598064,48295.92906365558,74.0350546098592,0.20108913678533621
1780,17761153.078408066,48506.740546493886,74.0350546098592,0.2021940337686581
1781,17741203.62636736,48718.25099663555,74.0350546098592,0.20330404007494451
1782,17721279.932968803,48930.46183477454,74.0350546098592,0.20441917444595575
1783,17701381.963742673,49143.37448160821,74.0350546098592,0.20553945567136714
1784,17681509.684256766,49356.99035782943,74.0350546098592,0.20666490258881967
1785,17661663.06011643,49571.3108841196,74.0350546098592,0.2077955340839748
1786,17641842.056964483,49786.33748113949,74.03505460985922,0.20893136909056179
1787,17622046.64048131,50002.071569520944,74.0350546098592,0.21007242659042585
1788,17602276.776384912,50218.514569860155,74.0350546098592,0.21121872561358399
1789,17582532.430430777,50435.667902708534,74.0350546098592,0.21237028523827187
1790,17562813.568412066,50653.53298856532,74.0350546098592,0.21352712459099485
1791,17543120.156159513,50872.11124786944,74.0350546098592,0.21468926284657897
1792,17523452.159541465,51091.40410099103,74.0350546098592,0.21585671922821817
1793,17503809.544463936,51311.412968223565,74.0350546098592,0.21702951300752463
1794,17484192.27687058,51532.13926977677,74.03505460985922,0.2182076635045824
1795,17464600.322742693,51753.58442576764,74.0350546098592,0.21939119008799302
1796,17445033.648099277,51975.74985621182,74.0350546098592,0.2205801121749218
1797,17425492.21899699,52198.63698101782,74.0350546098592,0.22177444923115705
1798,17405976.001530226,52422.24721997625,74.0350546098592,0.22297422077114668
1799,17386484.961831067,52646.58199275371,74.0350546098592,0.22417944635805578
1800,17367019.066069324,52871.64271888437,74.0350546098592,0.22539014560381346
1801,17347578.28045257,53097.430817761255,74.0350546098592,0.22660633816915798
1802,17328162.571226057,53323.94770862884,74.0350546098592,0.22782804376368926
1803,17308771.904672857,53551.19481057515,74.0350546098592,0.22905528214591572
1804,17289406.247113787,53779.173542523415,74.03505460985919,0.2302880731233021
1805,17270065.564907424,54007.885323223905,74.0350546098592,0.2315264365523171
1806,17250749.82445014,54237.331571246425,74.0350546098592,0.23277039233848262
1807,17231458.99217611,54467.51370497154,74.0350546098592,0.23401996043641857
1808,17212193.034557294,54698.43314258357,74.0350546098592,0.23527516084989483
1809,17192951.918103494,54930.091302061584,74.0350546098592,0.23653601363187396
1810,17173735.609362274,55162.48960117228,74.03505460985922,0.23780253888456324
1811,17154544.07491906,55395.629457460695,74.0350546098592,0.23907475675945522
1812,17135377.281397134,55629.51228824374,74.0350546098592,0.2403526874573814
1813,17116235.195457563,55864.13951060128,74.0350546098592,0.2416363512285562
1814,17097117.783799283,56099.51254136795,74.0350546098592,0.24292576837262178
1815,17078025.013159107,56335.63279712613,74.0350546098592,0.24422095923869874
1816,17058956.850311674,56572.50169419641,74.0350546098592,0.2455219442254267
1817,17039913.262069505,56810.1206486309,74.0350546098592,0.2468287437810153
1818,17020894.215282988,57048.491076205326,74.0350546098592,0.24814137840329126
1819,17001899.67684037,57287.61439240947,74.0350546098592,0.24945986863973738
1820,16982929.61366779,57527.49201244041,74.0350546098592,0.25078423508754333
1821,16963983.992729273,57768.125351195,74.0350546098592,0.2521144983936538
1822,16945062.78102673,58009.51582326013,74.0350546098592,0.25345067925480597
1823,16926165.945599955,58251.66484290684,74.0350546098592,0.2547927984175839
1824,16907293.45352665,58494.57382408023,74.0350546098592,0.2561408766784551
1825,16888445.2719224,58738.24418039266,74.0350546098592,0.25749493488381997
1826,16869621.367940698,58982.677325116274,74.0350546098592,0.25885499393005923
1827,16850821.708772942,59227.87467117365,74.0350546098592,0.2602210747635727
1828,16832046.26164843,59473.83763113041,74.0350546098592,0.261593198380826
1829,16813294.99383437,59720.56761718793,74.0350546098592,0.26297138582839846
1830,16794567.87263588,59968.06604117397,74.0350546098592,0.26435565820302037
1831,16775864.865395967,60216.334314535576,74.0350546098592,0.26574603665162233
1832,16757185.9394956,60465.37384833179,74.0350546098592,0.26714254237137997
1833,16738531.062353615,60715.1860532238,74.0350546098592,0.26854519660975157
1834,16719900.201426763,60965.77233946849,74.0350546098592,0.26995402066452723
1835,16701293.324209727,61217.1341169101,74.0350546098592,0.2713690358838704
1836,16682710.398235105,61469.27279497213,74.0350546098592,0.2727902636663609
1837,16664151.391073365,61722.1897826493,74.0350546098592,0.2742177254610383
1838,16645616.27033294,61975.88648850016,74.0350546098592,0.2756514427674458
1839,16627105.003660133,62230.364320637855,74.0350546098592,0.27709143713566886
1840,16608617.55873918,62485.62468672336,74.0350546098592,0.2785377301663821
1841,16590153.903292237,62741.668993957726,74.0350546098592,0.2799903435108927
1842,16571714.00507931,62998.49864907336,74.0350546098592,0.2814492988711801
1843,16553297.831898367,63256.11505832563,74.0350546098592,0.2829146179999348
1844,16534905.351585256,63514.519627486465,74.0350546098592,0.284386322700608
1845,16516536.532013701,63773.713761835,74.0350546098592,0.28586443482744733
1846,16498191.341095353,64033.69886615065,74.0350546098592,0.287348976285542
1847,16479869.746779753,64294.47634470473,74.0350546098592,0.28883996903086273
1848,16461571.717054317,64556.04760125221,74.0350546098592,0.290337435070302
1849,16443297.219944358,64818.41403902414,74.0350546098592,0.29184139646171614
1850,16425046.223513056,65081.57706072013,74.0350546098592,0.29335187531396867
1851,16406818.69586149,65345.53806850026,74.0350546098592,0.2948688937869697
1852,16388614.605128594,65610.29846397588,74.0350546098592,0.2963924740917111
1853,16370433.919491172,65875.85964820407,74.0350546098592,0.297922638490318
1854,16352276.607163902,66142.22302167771,74.0350546098592,0.2994594092960791
1855,16334142.636399304,66409.38998431852,74.0350546098592,0.3010028088734921
1856,16316031.975487776,66677.36193546928,74.0350546098592,0.3025528596383029
1857,16297944.592757544,66946.14027388512,74.0350546098592,0.304109584057543
1858,16279880.456574656,67215.7263977266,74.0350546098592,0.30567300464957337
1859,16261839.535343042,67486.12170455154,74.0350546098592,0.3072431439841213
1860,16243821.79750443,67757.32759130666,74.0350546098592,0.30882002468231895
1861,16225827.21153836,68029.3454543204,74.0350546098592,0.3104036694167456
1862,16207855.745962214,68302.17668929504,74.0350546098592,0.3119941009114655
1863,16189907.369331166,68575.82269129746,74.0350546098592,0.3135913419420614
1864,16171982.050238185,68850.28485475373,74.0350546098592,0.3151954153356842
1865,16154079.757314056,69125.56457343913,74.0350546098592,0.3168063439710811
1866,16136200.45922732,69401.6632404718,74.0350546098592,0.31842415077864167
1867,16118344.124684295,69678.58224830315,74.0350546098592,0.32004885874042793
1868,16100510.722429106,69956.32298871208,74.0350546098592,0.32168049089022016
1869,16082700.221243583,70234.88685279629,74.0350546098592,0.3233190703135534
1870,16064912.589947345,70514.27523096335,74.0350546098592,0.324964620147748
1871,16047147.79739774,70794.48951292523,74.0350546098592,0.3266171635819586
1872,16029405.812489845,71075.53108768802,74.0350546098592,0.3282767238572002
1873,16011686.604156472,71357.40134354566,74.0350546098592,0.32994332426639195
1874,15993990.141368119,71640.1016680727,74.0350546098592,0.33161698815439783
1875,15976316.39313302,71923.63344811441,74.0350546098592,0.33329773891805214
1876,15958665.32849708,72207.9980697801,74.0350546098592,0.3349856000062026
1877,15941036.916543895,72493.19691843643,74.0350546098592,0.3366805949197514
1878,15923431.12639473,72779.23137869852,74.0350546098592,0.3383827472116862
1879,15905847.927208511,73066.1028344214,74.0350546098592,0.34009208048711304
1880,15888287.288181806,73353.81266869404,74.0350546098592,0.34180861840330046
1881,15870749.178548856,73642.36226383013,74.0350546098592,0.34353238466970804
1882,15853233.567581465,73931.75300136104,74.0350546098592,0.3452634030480267
1883,15835740.424589122,74221.98626202914,74.0350546098592,0.34700169735221725
1884,15818269.718918882,74513.06342577723,74.0350546098592,0.3487472914485338
1885,15800821.419955377,74804.98587174341,74.0350546098592,0.3505002092555711
1886,15783395.49712086,75097.75497825227,74.0350546098592,0.3522604747442931
1887,15765991.919875123,75391.37212280773,74.0350546098592,0.35402811193807193
1888,15748610.657715512,75685.83868208418,74.0350546098592,0.35580314491271603
1889,15731251.680176938,75981.15603192039,74.0350546098592,0.3575855977965123
1890,15713914.956831804,76277.3255473107,74.0350546098592,0.3593754947702561
1891,15696600.457290044,76574.3486023973,74.0350546098592,0.3611728600672838
1892,15679308.151199114,76872.22657046375,74.0350546098592,0.36297771797351286
1893,15662038.008243918,77170.96082392613,74.0350546098592,0.3647900928274709
1894,15644789.998146864,77470.55273432491,74.0350546098592,0.36661000902032564
1895,15627564.090667801,77771.0036723194,74.0350546098592,0.36843749099592943
1896,15610360.255604045,78072.31500767833,74.0350546098592,0.37027256325084307
1897,15593178.462790316,78374.48810927203,74.0350546098592,0.3721152503343694
1898,15576018.68209876,78677.52434506695,74.0350546098592,0.3739655768485952
1899,15558880.883438932,78981.42508211495,74.0350546098592,0.3758235674484097
1900,15541765.036757767,79286.19168654845,74.0350546098592,0.3776892468415502
1901,15524671.112039572,79591.82552357111,74.0350546098592,0.3795626397886266
1902,15507599.079305995,79898.32795745137,74.0350546098592,0.38144377110315886
1903,15490548.90861605,80205.70035151337,74.0350546098592,0.38333266565160146
1904,15473520.570066053,80513.9440681312,74.0350546098592,0.3852293483533849
1905,15456514.033789646,80823.06046871986,74.0350546098592,0.38713384418093966
1906,15439529.269957734,81133.05091372867,74.0350546098592,0.389046178159733
1907,15422566.24877854,81443.91676263302,74.0350546098592,0.3909663753682959
1908,15405624.940497505,81755.65937392664,74.0350546098592,0.39289446093825514
1909,15388705.315397328,82068.28010511593,74.0350546098592,0.39483046005437156
1910,15371807.34379793,82381.78031270929,74.0350546098592,0.3967743979545566
1911,15354930.996056456,82696.16135221235,74.0350546098592,0.39872629992991593
1912,15338076.242567232,83011.42457811953,74.0350546098592,0.4006861913247755
1913,15321243.05376176,83327.57134390545,74.0350546098592,0.40265409753670683
1914,15304431.400108658,83644.60300201939,74.0350546098592,0.4046300440165671
1915,15287641.252113756,83962.52090387618,74.0350546098592,0.4066140562685192
1916,15270872.580319952,84281.32639984998,74.0350546098592,0.4086061598500697
1917,15254125.355307246,84601.02083926534,74.0350546098592,0.4106063803720911
1918,15237399.54769276,84921.60557039156,74.0350546098592,0.41261474349885796
1919,15220695.12813065,85243.08194043319,74.0350546098592,0.41463127494806895
1920,15204012.067312114,85565.4512955244,74.0350546098592,0.41665600049088364
1921,15187350.335965421,85888.71498072057,74.0350546098592,0.41868894595194495
1922,15170709.90485579,86212.87433999116,74.0350546098592,0.4207301372094129
1923,15154090.744785467,86537.93071621162,74.0350546098592,0.4227796001949861
1924,15137492.826593686,86863.8854511571,74.0350546098592,0.42483736089393737
1925,15120916.121156579,87190.73988549523,74.0350546098592,0.42690344534514363
1926,15104360.599387245,87518.4953587764,74.0350546098592,0.42897787964110035
1927,15087826.2322357,87847.15320942918,74.0350546098592,0.4310606899279642
1928,15071312.990688838,88176.71477475118,74.0350546098592,0.4331519024055721
1929,15054820.845770454,88507.18139090238,74.0350546098592,0.43525154332747096
1930,15038349.76854115,88838.55439289846,74.0350546098592,0.43735963900095043
1931,15021899.730098385,89170.83511460146,74.0350546098592,0.43947621578705826
1932,15005470.701576442,89504.02488871382,74.0350546098592,0.4416013001006337
1933,14989062.654146366,89838.1250467716,74.0350546098592,0.4437349184103389
1934,14972675.559016006,90173.13691913651,74.0350546098592,0.4458770972386797
1935,14956309.387429921,90509.06183498711,74.0350546098592,0.4480278631620271
1936,14939964.110669458,90845.90112231494,74.0350546098592,0.45018724281065725
1937,14923639.700052606,91183.65610791302,74.0350546098592,0.4523552628687602
1938,14907336.126934078,91522.32811737304,74.0350546098592,0.45453195007448494
1939,14891053.362705238,91861.91847507468,74.0350546098592,0.4567173312199493
1940,14874791.378794122,92202.42850417951,74.0350546098592,0.45891143315127014
1941,14858550.146665327,92543.8595266236,74.0350546098592,0.46111428276859046
1942,14842329.637820117,92886.21286311114,74.0350546098592,0.46332590702610454
1943,14826129.823796285,93229.48983310646,74.0350546098592,0.46554633293208303
1944,14809950.676168207,93573.69175482598,74.0350546098592,0.4677755875488906
1945,14793792.166546792,93918.81994523271,74.0350546098592,0.47001369799302056
1946,14777654.266579434,94264.87572002829,74.0350546098592,0.47226069143511523
1947,14761536.947950024,94611.86039364536,74.0350546098592,0.47451659509998767
1948,14745440.182378966,94959.77527924116,74.0350546098592,0.4767814362666473
1949,14729363.941623019,95308.62168869018,74.0350546098592,0.4790552422683279
1950,14713308.197475439,95658.40093257577,74.0350546098592,0.4813380404924991
1951,14697272.921765845,96009.11432018525,74.0350546098592,0.48362985838090533
1952,14681258.08636023,96360.76315950161,74.0350546098592,0.48593072342958094
1953,14665263.663160939,96713.34875719517,74.0350546098592,0.4882406631888679
1954,14649289.62410664,97066.87241861926,74.0350546098592,0.49055970526345294
1955,14633335.941172326,97421.33544780048,74.0350546098592,0.49288787731237554
1956,14617402.586369237,97776.73914743323,74.0350546098592,0.4952252070490605
1957,14601489.531744892,98133.08481887159,74.0350546098592,0.49757172224133317
1958,14585596.749383025,98490.37376212385,74.0350546098592,0.49992745071145106
1959,14569724.211403592,98848.60727584267,74.0350546098592,0.5022924203361104
1960,14553871.889962716,99207.78665732134,74.0350546098592,0.5046666590464857
1961,14538039.757252704,99567.91320248443,74.0350546098592,0.5070501948282382
1962,14522227.785501972,99928.98820588166,74.0350546098592,0.5094430557215432
1963,14506435.94697505,100291.01296068104,74.0350546098592,0.5118452698211117
1964,14490664.213972583,100653.98875866055,74.0350546098592,0.5142568652762025
1965,14474912.558831217,101017.916890203,74.0350546098592,0.5166778702906569
1966,14459180.953923687,101382.79864428916,74.0350546098592,0.519108313122915
1967,14443469.371658714,101748.63530848801,74.0350546098592,0.5215482220860249
1968,14427777.784481011,102115.42816895258,74.0350546098592,0.523997625547676
1969,14412106.16487126,102483.17851041221,74.0350546098592,0.5264565519302149
1970,14396454.485346042,102851.88761616529,74.0350546098592,0.5289250297106655
1971,14380822.718457887,103221.55676807265,74.0350546098592,0.5314030874207469
1972,14365210.836795194,103592.18724655086,74.0350546098592,0.5338907536468966
1973,14349618.812982216,103963.78033056487,74.0350546098592,0.5363880570302865
1974,14334046.619679023,104336.33729762067,74.0350546098592,0.53889502626684
1975,14318494.229581539,104709.85942376059,74.0350546098592,0.5414116901072603
1976,14302961.61542141,105084.34798355367,74.0350546098592,0.5439380773570385
1977,14287448.749966085,105459.80425008977,74.0350546098592,0.5464742168764729
1978,14271955.606018698,105836.22949497527,74.0350546098592,0.549020137580704
1979,14256482.156418117,106213.62498832136,74.0350546098592,0.5515758684397047
1980,14241028.374038864,106591.99199874132,74.0350546098592,0.5541414384783215
1981,14225594.231791131,106971.33179334296,74.0350546098592,0.5567168767762865
1982,14210179.70262069,107351.64563772005,74.0350546098592,0.5593022124682279
1983,14194784.759508956,107732.93479594648,74.0350546098592,0.5618974747436899
1984,14179409.375472886,108115.20053057146,74.0350546098592,0.5645026928471617
1985,14164053.523564992,108498.44410260908,74.0350546098592,0.5671178960780748
1986,14148717.176873257,108882.66677153492,74.0350546098592,0.5697431137908384
1987,14133400.308521233,109267.86979527776,74.0350546098592,0.5723783753948443
1988,14118102.891667843,109654.05443021224,74.0350546098592,0.5750237103544857
1989,14102824.89950749,110041.22193115416,74.0350546098592,0.5776791481891791
1990,14087566.305269983,110429.3735513528,74.0350546098592,0.5803447184733773
1991,14072327.082220495,110818.51054248263,74.0350546098592,0.5830204508365766
1992,14057107.20365953,111208.6341546386,74.0350546098592,0.5857063749633432
1993,14041906.642922979,111599.74563633083,74.0350546098592,0.5884025205933331
1994,14026725.373381937,111991.84623447452,74.0350546098592,0.5911089175212948
1995,14011563.368442832,112384.93719438494,74.0350546098592,0.5938255955970867
1996,13996420.601547318,112779.01975977176,74.0350546098592,0.5965525847257003
1997,13981297.046172217,113174.09517273094,74.0350546098592,0.5992899148672683
1998,13966192.6758296,113570.16467373932,74.0350546098592,0.6020376160370808
1999,13951107.464066632,113967.2295016477,74.0350546098592,0.6047957183056035
2000,13936041.384465633,114365.29089367345,74.0350546098592,0.6075642517984822
2001,13920994.410644019,114764.35008539484,74.0350546098592,0.610343246696565
2002,13905966.516254276,115164.40831074488,74.0350546098592,0.6131327332359165
2003,13890957.674983893,115565.46680200432,74.0350546098592,0.6159327417078305
2004,13875967.860555436,115967.52678979463,74.0350546098592,0.6187433024588371
2005,13860997.046726387,116370.58950307233,74.0350546098592,0.6215644458907255
2006,13846045.20728922,116774.65616912197,74.0350546098592,0.6243962024605492
2007,13831112.316071322,117179.72801354999,74.0350546098592,0.627238602680644
2008,13816198.346934985,117585.80626027871,74.0350546098592,0.6300916771186408
2009,13801303.273777338,117992.89213153803,74.0350546098592,0.6329554563974709
2010,13786427.070530392,118400.98684786285,74.0350546098592,0.6358299711953946
2011,13771569.711160919,118810.09162808122,74.0350546098592,0.638715252245989
2012,13756731.169670494,119220.20768931287,74.0350546098592,0.641611330338183
2013,13741911.420095447,119631.33624696135,74.0350546098592,0.6445182363162616
2014,13727110.436506817,120043.47851470536,74.0350546098592,0.6474360010798663
2015,13712328.193010308,120456.63570449533,74.0350546098592,0.6503646555840222
2016,13697564.663746344,120870.80902654609,74.0350546098592,0.653304230839141
2017,13682819.822889928,121285.9996893302,74.0350546098592,0.656254757911034
2018,13668093.644650672,121702.2088995723,74.0350546098592,0.6592162679209249
2019,13653386.103272777,122119.43786224259,74.0350546098592,0.6621887920454576
2020,13638697.173034977,122537.68778054933,74.0350546098592,0.6651723615167022
2021,13624026.828250496,122956.95985593426,74.0350546098592,0.6681670076221745
2022,13609375.043267068,123377.25528806704,74.0350546098592,0.6711727617048473
2023,13594741.792466862,123798.57527483618,74.0350546098592,0.6741896551631473
2024,13580127.05026647,124220.92101234419,74.0350546098592,0.6772177194509715
2025,13565530.791116891,124644.29369490227,74.0350546098592,0.6802569860777004
2026,13550952.98950344,125068.69451502457,74.0350546098592,0.6833074866082128
2027,13536393.61994579,125494.12466341833,74.0350546098592,0.6863692526628715
2028,13521852.65699793,125920.58532898228,74.0350546098592,0.6894423159175581
2029,13507330.075248078,126348.07769879777,74.0350546098592,0.6925267081036685
2030,13492825.849318711,126776.60295812231,74.0350546098592,0.6956224610081173
2031,13478339.953866513,127206.1622903868,74.0350546098592,0.6987296064733662
2032,13463872.363582343,127636.75687718551,74.0350546098592,0.7018481763974098
2033,13449423.053191202,128068.38789827039,74.0350546098592,0.7049782027337859
2034,13434991.997452192,128501.0565315493,74.0350546098592,0.7081197174916077
2035,13420579.171158517,128934.76395307461,74.0350546098592,0.711272752735541
2036,13406184.549137434,129369.51133703934,74.0350546098592,0.7144373405858235
2037,13391808.106250212,129805.29985577267,74.0350546098592,0.7176135132182817
2038,13377449.817392102,130242.1306797306,74.0350546098592,0.720801302864319
2039,13363109.657492325,130680.00497749292,74.0350546098592,0.7240007418109387
2040,13348787.601514032,131118.9239157562,74.0350546098592,0.7272118624007442
2041,13334483.624454275,131558.8886593266,74.0350546098592,0.7304346970319405
2042,13320197.701343928,131999.90037111568,74.0350546098592,0.7336692781583508
2043,13305929.807247765,132441.96021213362,74.0350546098592,0.7369156382894129
2044,13291679.917264313,132885.0693414842,74.0350546098592,0.7401738099901968
2045,13277448.00652588,133329.2289163566,74.0350546098592,0.7434438258813933
2046,13263234.050198516,133774.4400920229,74.0350546098592,0.7467257186393402
2047,13249038.023481984,134220.70402182805,74.0350546098592,0.7500195209960031
2048,13234859.9016097,134668.02185718843,74.0350546098592,0.7533252657390072
2049,13220699.659848766,135116.39474758258,74.0350546098592,0.75664298571162
2050,13206557.273499833,135565.82384054753,74.0350546098592,0.7599727138127733
2051,13192432.717897188,136016.31028167065,74.0350546098592,0.7633144829970485
2052,13178325.968408646,136467.85521458669,74.0350546098592,0.766668326274701
2053,13164237.000435522,136920.45978096972,74.0350546098592,0.7700342767116511
2054,13150165.78941262,137374.12512052842,74.0350546098592,0.7734123674294938
2055,13136112.310808226,137828.852371001,74.0350546098592,0.7768026316055034
2056,13122076.540124007,138284.64266814664,74.0350546098592,0.7802051024726268
2057,13108058.452895038,138741.49714574325,74.0350546098592,0.7836198133195018
2058,13094058.024689734,139199.41693557912,74.0350546098592,0.7870467974904484
2059,13080075.23110985,139658.4031674498,74.0350546098592,0.790486088385484
2060,13066110.04779042,140118.45696914833,74.0350546098592,0.7939377194603052
2061,13052162.450399725,140579.57946646525,74.0350546098592,0.797401724226322
2062,13038232.414639298,141041.77178317684,74.0350546098592,0.8008781362506242
2063,13024319.91624384,141505.0350410444,74.0350546098592,0.8043669891560138
2064,13010424.930981234,141969.37035980626,74.0350546098592,0.807868316620991
2065,12996547.434652481,142434.7788571721,74.0350546098592,0.8113821523797582
2066,12982687.403091656,142901.261648818,74.0350546098592,0.8149085302222253
2067,12968844.812165933,143368.81984838092,74.0350546098592,0.8184474839940078
2068,12955019.637775494,143837.45456745313,74.0350546098592,0.8219990475964324
2069,12941211.85585351,144307.16691557583,74.0350546098592,0.8255632549865322
2070,12927421.442366142,144777.9580002352,74.0350546098592,0.8291401401770538
2071,12913648.373312462,145249.82892685474,74.0350546098592,0.83272973723645
2072,12899892.62472445,145722.7807987914,74.0350546098592,0.8363320802888866
2073,12886154.172666945,146196.81471733053,74.0350546098592,0.8399472035142461
2074,12872432.993237624,146671.93178167846,74.0350546098592,0.8435751411481172
2075,12858729.062566942,147148.13308895833,74.0350546098592,0.8472159274818025
2076,12845042.356818173,147625.4197342043,74.0350546098592,0.850869596862312
2077,12831372.852187263,148103.79281035782,74.0350546098592,0.85453618369238
2078,12817720.52490289,148583.25340825875,74.0350546098592,0.8582157224304379
2079,12804085.351226399,149063.80261664273,74.0350546098592,0.8619082475906312
2080,12790467.30745176,149545.44152213458,74.0350546098592,0.8656137937428129
2081,12776866.36990555,150028.17120924348,74.0350546098592,0.8693323955125434
2082,12763282.514946911,150511.992760359,74.0350546098592,0.8730640875810982
2083,12749715.71896751,150996.90725574244,74.0350546098592,0.8768089046854476
2084,12736165.958391536,151482.9157735225,74.0350546098592,0.8805668816182574
2085,12722633.209675618,151970.01938969406,74.0350546098592,0.8843380532279155
2086,12709117.449308837,152458.21917810713,74.0350546098592,0.8881224544184917
2087,12695618.65381267,152947.51621046534,74.0350546098592,0.8919201201497597
2088,12682136.79974097,153437.91155631866,74.0350546098592,0.8957310854371812
2089,12668671.863679904,153929.40628305895,74.0350546098592,0.8995553853519098
2090,12655223.822247945,154422.00145591603,74.0350546098592,0.903393055020794
2091,12641792.652095843,154915.698137951,74.0350546098592,0.9072441296263646
2092,12628378.329906572,155410.49739004945,74.0350546098592,0.9111086444068243
2093,12614980.832395311,155906.400270921,74.0350546098592,0.9149866346560692
2094,12601600.13630938,156403.40783708924,74.0350546098592,0.91887813572366
2095,12588236.218428269,156901.52114288934,74.0350546098592,0.9227831830148289
2096,12574889.055563536,157400.7412404628,74.0350546098592,0.9267018119904799
2097,12561558.624558825,157901.06917975075,74.0350546098592,0.9306340581671707
2098,12548244.902289776,158402.50600849095,74.0350546098592,0.9345799571171264
2099,12534947.865664063,158905.05277221135,74.0350546098592,0.9385395444682193
2100,12521667.491621317,159408.7105142254,74.0350546098592,0.9425128559039704
2101,12508403.75713306,159913.48027562702,74.0350546098592,0.9464999271635479
2102,12495156.639202753,160419.36309528598,74.0350546098592,0.9505007940417555
2103,12481926.114865698,160926.36000984177,74.0350546098592,0.9545154923890279
2104,12468712.161189023,161434.47205369984,74.0350546098592,0.9585440581114293
2105,12455514.755271668,161943.70025902672,74.0350546098592,0.9625865271706475
2106,12442333.874244286,162454.04565574357,74.0350546098592,0.9666429355839835
2107,12429169.495269304,162965.50927152229,74.0350546098592,0.9707133194243445
2108,12416021.595540814,163478.09213178098,74.0350546098592,0.974797714820245
2109,12402890.152284574,163991.7952596783,74.0350546098592,0.978896157955795
2110,12389775.142757945,164506.61967610885,74.0350546098592,0.983008685070694
2111,12376676.54424991,165022.566399699,74.0350546098592,0.9871353324602272
2112,12363594.334080977,165539.63644679968,74.0350546098592,0.9912761364752475
2113,12350528.48960319,166057.83083148464,74.0350546098592,0.9954311335221835
2114,12337478.988200067,166577.15056554435,74.0350546098592,0.9996003600630269
2115,12324445.807286583,167097.59665848012,74.0350546098592,1.0037838526153158
2116,12311428.924309134,167619.17011749974,74.0350546098592,1.0079816477521315
2117,12298428.316745486,168141.87194751567,74.0350546098592,1.012193782102108
2118,12285443.962104762,168665.70315113518,74.0350546098592,1.016420292349392
2119,12272475.83792741,169190.6647286594,74.0350546098592,1.0206612152336567
2120,12259523.921785137,169716.75767807808,74.0350546098592,1.0249165875500927
2121,12246588.19128092,170243.98299506295,74.0350546098592,1.0291864461493845
2122,12233668.624048902,170772.3416729648,74.0350546098592,1.0334708279377165
2123,12220765.197754463,171301.83470281004,74.0350546098592,1.037769769876764
2124,12207877.890094077,171832.46307329193,74.0350546098592,1.042083308983667
2125,12195006.678795349,172364.22777076962,74.0350546098592,1.046411482331037
2126,12182151.541616954,172897.12977926264,74.0350546098592,1.0507543270469448
2127,12169312.4563486,173431.1700804447,74.0350546098592,1.0551118803148998
2128,12156489.400810998,173966.34965364178,74.0350546098592,1.059484179373857
2129,12143682.352855846,174502.66947582553,74.0350546098592,1.0638712615181918
2130,12130891.290365757,175040.13052161026,74.0350546098592,1.0682731640977035
2131,12118116.191254253,175578.7337632448,74.0350546098592,1.0726899245175776
2132,12105357.033465724,176118.48017061476,74.0350546098592,1.0771215802384195
2133,12092613.794975385,176659.37071123114,74.0350546098592,1.0815681687762013
2134,12079886.45378925,177201.40635022894,74.0350546098592,1.0860297277022675
2135,12067174.987944108,177744.5880503634,74.0350546098592,1.0905062946433286
2136,12054479.375507459,178288.9167720038,74.0350546098592,1.0949979072814398
2137,12041799.594577502,178834.39347312984,74.0350546098592,1.0995046033539935
2138,12029135.623283096,179381.0191093286,74.0350546098592,1.1040264206537158
2139,12016487.439783718,179928.79463378724,74.0350546098592,1.1085633970286362
2140,12003855.02226945,180477.72099728946,74.0350546098592,1.11311557038208
2141,11991238.348960906,181027.7991482143,74.0350546098592,1.1176829786726779
2142,11978637.398109242,181579.03003252778,74.0350546098592,1.122265659914323
2143,11966052.147996068,182131.41459377945,74.0350546098592,1.1268636521761712
2144,11953482.576933486,182684.95377310045,74.0350546098592,1.1314769935826336
2145,11940928.663263988,183239.64850919557,74.0350546098592,1.1361057223133484
2146,11928390.38536044,183795.49973834286,74.0350546098592,1.140749876603188
2147,11915867.721626071,184352.50839438676,74.0350546098592,1.1454094947422286
2148,11903360.65049442,184910.67540873322,74.0350546098592,1.1500846150757338
2149,11890869.150429284,185470.00171034818,74.0350546098592,1.154775276004158
2150,11878393.19992473,186030.48822575161,74.0350546098592,1.1594815159831184
2151,11865932.777505009,186592.135879014,74.0350546098592,1.1642033735233874
2152,11853487.861724554,187154.94559175122,74.0350546098592,1.1689408871908717
2153,11841058.431167943,187718.91828312076,74.0350546098592,1.1736940956065982
2154,11828644.464449832,188284.05486981868,74.0350546098592,1.178463037446709
2155,11816245.940214964,188850.3562660744,74.0350546098592,1.1832477514424373
2156,11803862.837138126,189417.8233836469,74.0350546098592,1.1880482763800913
2157,11791495.133924067,189986.45713182044,74.0350546098592,1.1928646511010448
2158,11779142.809307529,190556.2584173992,74.0350546098592,1.1976969145017067
2159,11766805.842053171,191127.2281447075,74.0350546098592,1.2025451055335343
2160,11754484.210955558,191699.36721558098,74.0350546098592,1.2074092632029865
2161,11742177.894839097,192272.67652936387,74.0350546098592,1.2122894265715185
2162,11729886.872558018,192847.1569829082,74.0350546098592,1.2171856347555818
2163,11717611.122996356,193422.8094705648,74.0350546098592,1.222097926926578
2164,11705350.625067888,193999.6348841824,74.0350546098592,1.22702634231086
2165,11693105.357716115,194577.63411310452,74.0350546098592,1.2319709201897222
2166,11680875.299914217,195156.80804416214,74.0350546098592,1.2369316998993611
2167,11668660.430665022,195737.15756167212,74.0350546098592,1.241908720830872
2168,11656460.729000987,196318.6835474336,74.0350546098592,1.2469020224302325
2169,11644276.17398414,196901.3868807231,74.0350546098592,1.2519116441982803
2170,11632106.74470604,197485.26843829098,74.0350546098592,1.256937625690699
2171,11619952.420287773,198070.32909435782,74.0350546098592,1.2619800065179956
2172,11607813.179879896,198656.569720609,74.0350546098592,1.2670388263454775
2173,11595689.00266241,199243.9911861946,74.0350546098592,1.2721141248932542
2174,11583579.867844699,199832.59435772192,74.0350546098592,1.2772059419361994
2175,11571485.754665539,200422.38009925294,74.0350546098592,1.282314317303935
2176,11559406.642393041,201013.3492723007,74.0350546098592,1.2874392908808154
2177,11547342.510324614,201605.50273582578,74.0350546098592,1.2925809026059096
2178,11535293.33778691,202198.84134623175,74.0350546098592,1.2977391924729795
2179,11523259.104135849,202793.36595736447,74.0350546098592,1.302914200530472
2180,11511239.788756512,203389.07742050232,74.0350546098592,1.3081059668814687
2181,11499235.37106316,203985.9765843584,74.0350546098592,1.3133145316836985
2182,11487245.830499176,204584.0642950742,74.0350546098592,1.3185399351495013
2183,11475271.14653704,205183.3413962172,74.0350546098592,1.3237822175458165
2184,11463311.29867826,205783.8087287746,74.0350546098592,1.3290414191941462
2185,11451366.26645341,206385.46713115316,74.0350546098592,1.3343175804705532
2186,11439436.02942201,206988.3174391734,74.0350546098592,1.3396107418056307
2187,11427520.567172538,207592.36048606742,74.0350546098592,1.3449209436844873
2188,11415619.85932241,208197.59710247355,74.0350546098592,1.350248226646714
2189,11403733.885517906,208804.02811643502,74.0350546098592,1.3555926312863775
2190,11391862.62543414,209411.65435339368,74.0350546098592,1.3609541982519842
2191,11380006.05877507,210020.47663618953,74.0350546098592,1.3663329682464698
2192,11368164.1652734,210630.49578505603,74.0350546098592,1.3717289820271794
2193,11356336.924690597,211241.71261761468,74.0350546098592,1.3771422804058255
2194,11344524.316816814,211854.12794887624,74.0350546098592,1.3825729042484998
2195,11332726.321470898,212467.74259123122,74.0350546098592,1.388020894475609
2196,11320942.918500312,213082.55735445156,74.0350546098592,1.3934862920618871
2197,11309174.087781124,213698.5730456847,74.0350546098592,1.398969138036356
2198,11297419.809217988,214315.79046945187,74.0350546098592,1.4044694734823104
2199,11285680.06274407,214934.21042764199,74.0350546098592,1.4099873395372808
2200,11273954.828321036,215553.83371951102,74.0350546098592,1.415522777393026
2201,11262244.085939035,216174.66114167767,74.0350546098592,1.4210758282955003
2202,11250547.815616604,216796.69348812028,74.0350546098592,1.426646533544839
2203,11238865.997400701,217419.93155017294,74.0350546098592,1.4322349344953227
2204,11227198.611366652,218044.37611652268,74.0350546098592,1.4378410725553565
2205,11215545.637618061,218670.02797320578,74.0350546098592,1.443464989187452
2206,11203907.056286866,219296.88790360527,74.0350546098592,1.4491067259081953
2207,11192282.84753324,219924.95668844855,74.0350546098592,1.4547663242882365
2208,11180672.991545565,220554.2351058004,74.0350546098592,1.460443825952238
2209,11169077.468540424,221184.72393106474,74.0350546098592,1.4661392725788795
2210,11157496.258762544,221816.4239369775,74.0350546098592,1.4718527059008095
2211,11145929.34248474,222449.33589360642,74.0350546098592,1.4775841677046422
2212,11134376.70000796,223083.46056834565,74.0350546098592,1.4833336998309061
2213,11122838.311661135,223718.79872591418,74.0350546098592,1.4891013441740444
2214,11111314.157801248,224355.35112835135,74.0350546098592,1.494887142682366
2215,11099804.218813244,224993.11853501486,74.0350546098592,1.5006911373580336
2216,11088308.475110004,225632.10170257892,74.0350546098592,1.506513370257046
2217,11076826.907132322,226272.30138502628,74.0350546098592,1.5123538834891739
2218,11065359.49534885,226913.71833365236,74.0350546098592,1.5182127192179882
2219,11053906.220256083,227556.3532970559,74.0350546098592,1.524089919660785
2220,11042467.062378323,228200.20702113962,74.0350546098592,1.529985527088586
2221,11031042.00226762,228845.28024910702,74.0350546098592,1.5358995838261096
2222,11019631.020503778,229491.57372145716,74.0350546098592,1.5418321322517263
2223,11008234.097694274,230139.08817598253,74.0350546098592,1.5477832147974426
2224,10996851.214474274,230787.8243477691,74.0350546098592,1.5537528739488842
2225,10985482.351506552,231437.78296918972,74.0350546098592,1.5597411522452516
2226,10974127.489481464,232088.96476990194,74.0350546098592,1.5657480922792957
2227,10962786.609116958,232741.37047684815,74.0350546098592,1.5717737366973037
2228,10951459.691158485,233395.00081424677,74.0350546098592,1.5778181281990378
2229,10940146.716378966,234049.85650359644,74.0350546098592,1.5838813095377535
2230,10928847.665578812,234705.93826366847,74.0350546098592,1.5899633235201331
2231,10917562.519585833,235363.24681050476,74.0350546098592,1.5960642130062679
2232,10906291.259255227,236021.78285741596,74.0350546098592,1.6021840209096327
2233,10895033.865469549,236681.54711497805,74.0350546098592,1.6083227901970525
2234,10883790.319138646,237342.54029103208,74.0350546098592,1.6144805638886937
2235,10872560.60119967,238004.76309067616,74.0350546098592,1.6206573850579924
2236,10861344.692617027,238668.2162162675,74.0350546098592,1.6268532968316585
2237,10850142.574382296,239332.90036741746,74.0350546098592,1.6330683423896386
2238,10838954.227514265,239998.8162409901,74.0350546098592,1.639302564965083
2239,10827779.633058859,240665.9645310997,74.0350546098592,1.6455560078443228
2240,10816618.77208911,241334.3459291049,74.0350546098592,1.6518287143668167
2241,10805471.625705123,242003.96112360872,74.0350546098592,1.658120727925139
2242,10794338.175034033,242674.81080045865,74.0350546098592,1.6644320919649673
2243,10783218.401229993,243346.89564273958,74.0350546098592,1.6707628499850198
2244,10772112.285474122,244020.21633076985,74.0350546098592,1.6771130455370156
2245,10761019.808974473,244694.7735421074,74.0350546098592,1.683482722225702
2246,10749940.952965997,245370.56795153575,74.0350546098592,1.6898719237087494
2247,10738875.69871052,246047.60023107092,74.0350546098592,1.696280693696777
2248,10727824.0274967,246725.87104995412,74.0350546098592,1.7027090759532926
2249,10716785.920639984,247405.3810746494,74.0350546098592,1.7091571142946618
2250,10705761.35948258,248086.13096884306,74.0350546098592,1.7156248525900895
2251,10694750.325393451,248768.12139344017,74.0350546098592,1.7221123347615748
2252,10683752.799768232,249451.3530065625,74.0350546098592,1.7286196047838884
2253,10672768.764029216,250135.8264635445,74.0350546098592,1.735146706684527
2254,10661798.199625336,250821.5424169341,74.0350546098592,1.7416936845436997
2255,10650841.088032115,251508.50151648643,74.0350546098592,1.74826058249427
2256,10639897.41075162,252196.7044091655,74.0350546098592,1.7548474447217541
2257,10628967.149312474,252886.15173913827,74.0350546098592,1.7614543154642537
2258,10618050.285269734,253576.84414777468,74.0350546098592,1.7680812390124543
2259,10607146.800204968,254268.78227364342,74.0350546098592,1.7747282597095597
2260,10596256.675726142,254961.9667525126,74.0350546098592,1.7813954219512933
2261,10585379.8934676,255656.39821734358,74.0350546098592,1.7880827701858313
2262,10574516.435090039,256352.0772982924,74.0350546098592,1.7947903489137962
2263,10563666.282280505,257049.0046227056,74.0350546098592,1.8015182026882044
2264,10552829.416752284,257747.18081511688,74.0350546098592,1.8082663761144324
2265,10542005.820244947,258446.60649724747,74.0350546098592,1.8150349138501918
2266,10531195.474524256,259147.28228800264,74.0350546098592,1.8218238606054926
2267,10520398.361382168,259849.20880346966,74.0350546098592,1.8286332611426042
2268,10509614.462636799,260552.38665691507,74.0350546098592,1.8354631602760156
2269,10498843.760132339,261256.81645878442,74.0350546098592,1.8423136028724232
2270,10488086.2357391,261962.49881669527,74.0350546098592,1.8491846338506464
2271,10477341.871353412,262669.4343354439,74.0350546098592,1.8560762981816663
2272,10466610.64889764,263377.6236169944,74.0350546098592,1.8629886408885201
2273,10455892.550320106,264087.0672604794,74.0350546098592,1.8699217070462892
2274,10445187.557595087,264797.76586220204,74.0350546098592,1.8768755417820915
2275,10434495.652722754,265509.72001562756,74.0350546098592,1.8838501902749993
2276,10423816.817729179,266222.9303113851,74.0350546098592,1.8908456977560266
2277,10413151.034666255,266937.3973372678,74.0350546098592,1.8978621095081147
2278,10402498.285611691,267653.12167822395,74.0350546098592,1.9048994708660403
2279,10391858.552668955,268370.1039163597,74.0350546098592,1.9119578272164175
2280,10381231.817967294,269088.3446309395,74.0350546098592,1.9190372239976679
2281,10370618.063661624,269807.8443983776,74.0350546098592,1.92613770669995
2282,10360017.271932533,270528.6037922404,74.0350546098592,1.9332593208651467
2283,10349429.424986275,271250.62338324625,74.0350546098592,1.9404021120868333
2284,10338854.50505469,271973.9037392566,74.0350546098592,1.9475661260101986
2285,10328292.494395183,272698.4454252831,74.0350546098592,1.954751408332071
2286,10317743.375290722,273424.24900347943,74.0350546098592,1.9619580048008274
2287,10307207.130049745,274151.31503314007,74.0350546098592,1.9691859612163707
2288,10296683.74100619,274879.64407070033,74.0350546098592,1.9764353234300938
2289,10286173.190519413,275609.23666973575,74.0350546098592,1.9837061373448575
2290,10275675.460974185,276340.09338095714,74.0350546098592,1.9909984489149246
2291,10265190.53478062,277072.21475220926,74.0350546098592,1.9983123041459296
2292,10254718.39437421,277805.60132847127,74.0350546098592,2.0056477490948454
2293,10244259.022215707,278540.253651853,74.0350546098592,2.013004829869944
2294,10233812.400791159,279276.172261595,74.0350546098592,2.020383592630757
2295,10223378.512611832,280013.35769406444,74.0350546098592,2.027784083588026
2296,10212957.340214204,280751.8104827559,74.0350546098592,2.035206349003679
2297,10202548.866159922,281491.53115828574,74.0350546098592,2.042650435190761
2298,10192153.073035745,282232.52024839824,74.0350546098592,2.0501163885134557
2299,10181769.94345356,282974.7782779555,74.0350546098592,2.0576042553869742
2300,10171399.460050315,283718.30576893844,74.0350546098592,2.0651140822775416
2301,10161041.605487972,284463.1032404506,74.0350546098592,2.0726459157023975
2302,10150696.362453517,285209.17120870634,74.0350546098592,2.080199802229672
2303,10140363.71365889,285956.51018703973,74.0350546098592,2.08777578847843
2304,10130043.641840972,286705.12068589585,74.03505460985919,2.0953739211185716
2305,10119736.129761547,287455.0032128312,74.03505460985922,2.1029942468708107
2306,10109441.160207247,288206.1582725144,74.0350546098592,2.1106368125066473
2307,10099158.715989554,288958.58636672166,74.0350546098592,2.1183016648483064
2308,10088888.779944759,289712.28799433744,74.0350546098592,2.1259888507687035
2309,10078631.334933892,290467.2636513518,74.0350546098592,2.133698417191411
2310,10068386.363842739,291223.5138308587,74.0350546098592,2.1414304110905964
2311,10058153.849581782,291981.0390230548,74.0350546098592,2.1491848794909933
2312,10047933.775086166,292739.83971524047,74.0350546098592,2.1569618694678745
2313,10037726.12331569,293499.91639181454,74.0350546098592,2.1647614281469774
2314,10027530.877254711,294261.2695342747,74.0350546098592,2.1725836027044867
2315,10017348.019912202,295023.89962121693,74.0350546098592,2.18042844036698
2316,10007177.534321647,295787.8071283324,74.0350546098592,2.1882959884113844
2317,9997019.403541032,296552.99252840737,74.0350546098592,2.196186294164943
2318,9986873.610652808,297319.4562913229,74.0350546098592,2.204099405005175
2319,9976740.138763893,298087.1988840506,74.0350546098592,2.212035368359806
2320,9966618.971005559,298856.2207706522,74.0350546098592,2.219994231706747
2321,9956510.090533497,299626.52241228154,74.0350546098592,2.227976042574055
2322,9946413.480527697,300398.1042671799,74.0350546098592,2.235980848539882
2323,9936329.124192473,301170.96679067466,74.0350546098592,2.244008697232419
2324,9926257.004756412,301945.1104351789,74.0350546098592,2.252059636329859
2325,9916197.105472326,302720.5356501928,74.0350546098592,2.2601337135603794
2326,9906149.409617247,303497.24288229906,74.0350546098592,2.2682309767020654
2327,9896113.900492366,304275.2325751607,74.0350546098592,2.2763514735828605
2328,9886090.561423032,305054.5051695244,74.0350546098592,2.2844952520805557
2329,9876079.375758689,305835.0611032157,74.0350546098592,2.2926623601227165
2330,9866080.326872846,306616.9008111386,74.0350546098592,2.300852845686647
2331,9856093.398163082,307400.0247252783,74.0350546098592,2.3090667567993637
2332,9846118.573050963,308184.4332746928,74.0350546098592,2.3173041415375097
2333,9836155.83498203,308970.12688551605,74.0350546098592,2.325565048027332
2334,9826205.167425785,309757.1059809599,74.0350546098592,2.3338495244446578
2335,9816266.553875636,310545.37098130706,74.0350546098592,2.3421576190148077
2336,9806339.977848856,311334.9223039127,74.0350546098592,2.3504893800125712
2337,9796425.422886586,312125.7603632055,74.0350546098592,2.358844855762168
2338,9786522.872553758,312917.88557068346,74.0350546098592,2.3672240946371903
2339,9776632.3104391,313711.29833491275,74.0350546098592,2.375627145060543
2340,9766753.7201551,314505.99906153185,74.0350546098592,2.38405405550444
2341,9756887.085337924,315301.9881532449,74.0350546098592,2.3925048744903235
2342,9747032.389647458,316099.2660098207,74.0350546098592,2.400979650588802
2343,9737189.616767226,316897.83302809764,74.0350546098592,2.409478432419656
2344,9727358.750404373,317697.68960197794,74.0350546098592,2.4180012686517562
2345,9717539.774289634,318498.83612242516,74.03505460985919,2.426548208002995
2346,9707732.672177298,319301.2729774716,74.0350546098592,2.435119299240313
2347,9697937.427845156,320105.00055220735,74.0350546098592,2.44371459117957
2348,9688154.025094524,320910.01922878437,74.0350546098592,2.452334132685531
2349,9678382.447750147,321716.32938641775,74.0350546098592,2.460977972671841
2350,9668622.679660218,322523.93140138267,74.0350546098592,2.4696461601009534
2351,9658874.704696294,323332.82564700925,74.0350546098592,2.478338743984059
2352,9649138.506753331,324143.0124936909,74.0350546098592,2.487055773381092
2353,9639414.069749583,324954.49230887636,74.0350546098592,2.495797297400642
2354,9629701.37762662,325767.26545707113,74.0350546098592,2.5045633651999126
2355,9620000.414349258,326581.3322998396,74.03505460985919,2.5133540259847007
2356,9610311.163905567,327396.6931957961,74.0350546098592,2.522169329009279
2357,9600633.610306803,328213.34850061685,74.0350546098592,2.5310093235764466
2358,9590967.7375874,329031.2985670262,74.0350546098592,2.5398740590373805
2359,9581313.529804917,329850.5437448055,74.0350546098592,2.5487635847916614
2360,9571670.97104004,330671.0843807884,74.0350546098592,2.557677950287184
2361,9562040.045396503,331492.92081885884,74.0350546098592,2.566617205020111
2362,9552420.73700109,332316.05339995516,74.0350546098592,2.5755813985348497
2363,9542813.030003605,333140.4824620652,74.0350546098592,2.5845705804239696
2364,9533216.908576824,333966.20834022784,74.0350546098592,2.593584800328173
2365,9523632.35691645,334793.231366531,74.0350546098592,2.6026241079362364
2366,9514059.359241128,335621.5518701133,74.0350546098592,2.611688552984966
2367,9504497.89979237,336451.1701771609,74.0350546098592,2.6207781852591387
2368,9494947.962834543,337282.0866109093,74.0350546098592,2.629893054591464
2369,9485409.532654837,338114.30149164144,74.0350546098592,2.639033210862522
2370,9475882.593563216,338947.81513668806,74.03505460985922,2.6481987040007278
2371,9466367.129892405,339782.62786042504,74.0350546098592,2.657389583982251
2372,9456863.125997864,340618.7399742755,74.0350546098592,2.6666059008309912
2373,9447370.566257734,341456.15178671206,74.0350546098592,2.6758477046185494
2374,9437889.435072815,342294.8636032476,74.0350546098592,2.6851150454641055
2375,9428419.71686655,343134.8757264435,74.0350546098592,2.6944079735344335
2376,9418961.396084964,343976.18845590315,74.0350546098592,2.703726539043805
2377,9409514.457196664,344818.8020882767,74.0350546098592,2.7130707922539763
2378,9400078.884692771,345662.71691726026,74.0350546098592,2.7224407834741355
2379,9390654.663086932,346507.93323358917,74.0350546098592,2.7318365630607935
2380,9381241.776915258,347354.45132504206,74.0350546098592,2.7412581814177748
2381,9371840.210736297,348202.2714764463,74.0350546098592,2.7507056889962045
2382,9362449.949131006,349051.3939696671,74.0350546098592,2.7601791362943797
2383,9353070.976702727,349901.81908361305,74.0350546098592,2.7696785738577545
2384,9343703.278077144,350753.5470942359,74.03505460985919,2.779204052278893
2385,9334346.837902267,351606.5782745282,74.0350546098592,2.7887556221973955
2386,9325001.640848367,352460.9128945251,74.0350546098592,2.798333334299873
2387,9315667.671607997,353316.55122130516,74.03505460985919,2.807937239319883
2388,9306344.914895918,354173.4935189833,74.0350546098592,2.817567388037842
2389,9297033.35544908,355031.74004871957,74.0350546098592,2.8272238312810316
2390,9287732.978026597,355891.29106871324,74.0350546098592,2.836906619923503
2391,9278443.767409723,356752.1468342071,74.0350546098592,2.8466158048860555
2392,9269165.708401779,357614.3075974797,74.0350546098592,2.856351437136135
2393,9259898.785828197,358477.7736078544,74.0350546098592,2.866113567687828
2394,9250642.984536408,359342.5451116934,74.0350546098592,2.8759022476017932
2395,9241398.289395863,360208.62235239847,74.0350546098592,2.885717527985187
2396,9232164.685298001,361076.00557041244,74.0350546098592,2.8955594599916337
2397,9222942.157156175,361944.69500321953,74.0350546098592,2.9054280948211777
2398,9213730.689905671,362814.69088534074,74.0350546098592,2.915323483720185
2399,9204530.268503655,363685.9934483398,74.0350546098592,2.9252456779813394
2400,9195340.87792914,364558.6029208203,74.0350546098592,2.935194728943565
2401,9186162.503182968,365432.51952842355,74.0350546098592,2.9451706879919546
2402,9176995.129287757,366307.7434938353,74.0350546098592,2.9551736065577705
2403,9167838.74128789,367184.2750367756,74.0350546098592,2.9652035361183047
2404,9158693.324249491,368062.11437400937,74.0350546098592,2.975260528196907
2405,9149558.863260351,368941.26171933935,74.03505460985919,2.985344634362882
2406,9140435.343429966,369821.71728360956,74.0350546098592,2.9954559062314456
2407,9131322.749889443,370703.481274702,74.0350546098592,3.0055943954636555
2408,9122221.067791501,371586.5538975413,74.0350546098592,3.0157601537663856
2409,9113130.28231045,372470.935354093,74.0350546098592,3.0259532328922543
2410,9104050.378642112,373356.6258433605,74.0350546098592,3.0361736846395555
2411,9094981.342003854,374243.62556139164,74.0350546098592,3.046421560852234
2412,9085923.157634519,375131.9347012707,74.0350546098592,3.0566969134197772
2413,9076875.810794389,376021.55345312564,74.0350546098592,3.0669997942772182
2414,9067839.2867652,376912.48200412624,74.0350546098592,3.077330255405046
2415,9058813.570850048,377804.72053848265,74.0350546098592,3.0876883488291584
2416,9049798.648373418,378698.2692374457,74.03505460985922,3.0980741266207876
2417,9040794.504681114,379593.1282793093,74.0350546098592,3.1084876408964686
2418,9031801.125140246,380489.2978394102,74.0350546098592,3.1189289438179806
2419,9022818.49513919,381386.7780901245,74.03505460985922,3.1293980875922562
2420,9013846.600087592,382285.56920087524,74.0350546098592,3.139895124471375
2421,9004885.425416265,383185.6713381249,74.0350546098592,3.150420106752466
2422,8995934.956577236,384087.0846653787,74.0350546098592,3.1609730867776515
2423,8986995.179043679,384989.8093431878,74.0350546098592,3.171554116934022
2424,8978066.078309882,385893.8455291477,74.0350546098592,3.182163249653566
2425,8969147.639891237,386799.1933778934,74.0350546098592,3.192800537413061
2426,8960239.84932419,387705.8530411102,74.0350546098592,3.2034660327341102
2427,8951342.692166205,388613.8246675244,74.0350546098592,3.214159788183004
2428,8942456.153995778,389523.1084029076,74.0350546098592,3.2248818563706863
2429,8933580.220412355,390433.70439008065,74.0350546098592,3.2356322899527306
2430,8924714.877036333,391345.6127689058,74.0350546098592,3.2464111416292143
2431,8915860.10950902,392258.83367629425,74.0350546098592,3.2572184641447177
2432,8907015.903492605,393173.36724620406,74.0350546098592,3.268054310288244
2433,8898182.244670136,394089.21360964014,74.0350546098592,3.278918732893155
2434,8889359.118745469,395006.37289465556,74.0350546098592,3.289811784837128
2435,8880546.511443278,395924.8452263518,74.0350546098592,3.3007335190420766
2436,8871744.40850898,396844.6307268766,74.0350546098592,3.311683988474089
2437,8862952.795708733,397765.7295154325,74.0350546098592,3.322663246143426
2438,8854171.6588294,398688.1417082674,74.0350546098592,3.333671345104377
2439,8845400.983678522,399611.86741868034,74.0350546098592,3.3447083384552494
2440,8836640.756084278,400536.90675702074,74.0350546098592,3.355774279338294
2441,8827890.961895479,401463.2598306924,74.0350546098592,3.366869220939672
2442,8819151.586981501,402390.92674414907,74.0350546098592,3.377993216489365
2443,8810422.617232285,403319.90759889537,74.0350546098592,3.3891463192611044
2444,8801704.038558323,404250.2024934931,74.0350546098592,3.4003285825723557
2445,8792995.836890565,405181.8115235552,74.0350546098592,3.411540059784226
2446,8784297.998180458,406114.7347817488,74.0350546098592,3.422780804301397
2447,8775610.508399878,407048.97235779924,74.0350546098592,3.4340508695721086
2448,8766933.353541123,407984.52433848527,74.0350546098592,3.4453503090880435
2449,8758266.519616853,408921.39080763934,74.0350546098592,3.456679176384275
2450,8749609.9926601,409859.57184615714,74.0350546098592,3.4680375250392648
2451,8740963.758724203,410799.06753198884,74.0350546098592,3.479425408674738
2452,8732327.803882804,411739.8779401431,74.03505460985919,3.4908428809556367
2453,8723702.114229813,412682.00314268924,74.0350546098592,3.502289995590078
2454,8715086.675879357,413625.44320875395,74.0350546098592,3.513766806329262
2455,8706481.474965792,414570.19820452784,74.03505460985919,3.525273366967448
2456,8697886.497643638,415516.26819326304,74.0350546098592,3.5368097313418763
2457,8689301.73008757,416463.6532352684,74.0350546098592,3.5483759533326538
2458,8680727.158492375,417412.35338792566,74.0350546098592,3.5599720868628277
2459,8672162.76907294,418362.36870567035,74.0350546098592,3.571598185898145
2460,8663608.548064206,419313.69924000994,74.0350546098592,3.583254304447153
2461,8655064.48172115,420266.3450395155,74.0350546098592,3.5949404965610414
2462,8646530.556318747,421220.30614982394,74.03505460985919,3.606656816333607
2463,8638006.758151961,422175.58261363744,74.0350546098592,3.6184033179011683
2464,8629493.073535688,423132.1744707303,74.0350546098592,3.6301800554425623
2465,8620989.48880476,424090.0817579441,74.0350546098592,3.641987083179021
2466,8612495.990313865,425049.30450919014,74.0350546098592,3.653824455374145
2467,8604012.564437592,426009.8427554522,74.0350546098592,3.6656922263338245
2468,8595539.19757033,426971.69652478304,74.0350546098592,3.677590450406168
2469,8587075.87612629,427934.86584230897,74.0350546098592,3.6895191819814506
2470,8578622.58653944,428899.35073023377,74.0350546098592,3.7014784754920895
2471,8570179.315263517,429865.1512078309,74.0350546098592,3.713468385412491
2472,8561746.04877195,430832.2672914513,74.0350546098592,3.725488966259066
2473,8553322.773557886,431800.6989945223,74.0350546098592,3.737540272590121
2474,8544909.476134103,432770.4463275513,74.0350546098592,3.749622359005851
2475,8536506.143033024,433741.50929812004,74.03505460985919,3.761735280148189
2476,8528112.760806689,434713.8879108948,74.0350546098592,3.773879090700832
2477,8519729.316026688,435687.5821676189,74.0350546098592,3.786053845389111
2478,8511355.795284174,436662.5920671158,74.0350546098592,3.7982595989799326
2479,8502992.185189817,437638.9176053,74.0350546098592,3.8104964062818034
2480,8494638.472373776,438616.5587751619,74.0350546098592,3.822764322144629
2481,8486294.643485675,439595.51556677814,74.0350546098592,3.8350634014597267
2482,8477960.685194569,440575.7879673159,74.0350546098592,3.8473936991597877
2483,8469636.584188914,441557.375961026,74.0350546098592,3.8597552702187494
2484,8461322.327176556,442540.2795292464,74.0350546098592,3.8721481696517412
2485,8453017.90088468,443524.4986504102,74.0350546098592,3.884572452515088
2486,8444723.292059803,444510.03330003563,74.0350546098592,3.8970281739061403
2487,8436438.487467721,445496.8834507325,74.0350546098592,3.9095153889632686
2488,8428163.473893518,446485.0490722112,74.0350546098592,3.922034152865846
2489,8419898.238141494,447474.53013126756,74.0350546098592,3.934584520834058
2490,8411642.767035164,448465.32659179776,74.0350546098592,3.947166548128956
2491,8403397.047417235,449457.4384147931,74.0350546098592,3.959780290052321
2492,8395161.066149564,450450.8655583435,74.0350546098592,3.97242580194663
2493,8386934.810113122,451445.60797763744,74.0350546098592,3.9851031391949827
2494,8378718.266208001,452441.6656249648,74.0350546098592,3.9978123572210316
2495,8370511.421353343,453439.0384497154,74.0350546098592,4.010553511488916
2496,8362314.262487343,454437.7263983828,74.0350546098592,4.023326657503199
2497,8354126.776567211,455437.72941456747,74.0350546098592,4.036131850808824
2498,8345948.950569146,456439.04743897123,74.0350546098592,4.048969146990996
2499,8337780.771488298,457441.680409405,74.0350546098592,4.061838601675159
2500,8329622.226338764,458445.6282607877,74.0350546098592,4.074740270526916
2501,8321473.30215353,459450.8909251486,74.0350546098592,4.087674209251974
2502,8313333.9859844735,460457.46833162534,74.0350546098592,4.100640473596036
2503,8305204.26490231,461465.3604064722,74.0350546098592,4.113639119344812
2504,8297084.1259965915,462474.5670730537,74.0350546098592,4.1266702023238695
2505,8288973.556375654,463485.0882518479,74.0350546098592,4.139733778398588
2506,8280872.543166598,464496.9238604545,74.0350546098592,4.15282990347416
2507,8272781.073515272,465510.0738135891,74.0350546098592,4.165958633495444
2508,8264699.134586241,466524.53802308213,74.0350546098592,4.179120024446887
2509,8256626.713562748,467540.31639789295,74.0350546098592,4.192314132352569
2510,8248563.797646692,468557.40884409606,74.0350546098592,4.205541013275997
2511,8240510.374058605,469575.8152648936,74.0350546098592,4.218800723320139
2512,8232466.430037643,470595.53556061134,74.0350546098592,4.232093318627294
2513,8224431.9528415045,471616.56962870195,74.0350546098592,4.245418855379068
2514,8216406.929746455,472638.91736374586,74.0350546098592,4.258777389796277
2515,8208391.348047288,473662.57865745464,74.0350546098592,4.272168978138902
2516,8200385.195057291,474687.55339866935,74.0350546098592,4.2855936767059895
2517,8192388.458108196,475713.8414733647,74.0350546098592,4.29905154183563
2518,8184401.124550213,476741.4427646507,74.0350546098592,4.312542629904849
2519,8176423.181751939,477770.3571527696,74.0350546098592,4.326066997329537
2520,8168454.617100375,478800.5845151054,74.0350546098592,4.339624700564428
2521,8160495.418000876,479832.12472617783,74.0350546098592,4.353215796102973
2522,8152545.571877122,480864.9776576506,74.0350546098592,4.366840340477336
2523,8144605.066171112,481899.1431783248,74.0350546098592,4.380498390258237
2524,8136673.888343127,482934.6211541485,74.0350546098592,4.3941900020549625
2525,8128752.025871695,483971.4114482169,74.0350546098592,4.407915232515291
2526,8120839.466253558,485009.5139207675,74.0350546098592,4.421674138325362
2527,8112936.197003686,486048.92842919164,74.0350546098592,4.435466776209679
2528,8105042.205655197,487089.6548280265,74.0350546098592,4.449293202930983
2529,8097157.479759376,488131.69296896254,74.0350546098592,4.463153475290208
2530,8089282.006885605,489175.04270084854,74.0350546098592,4.47704765012647
2531,8081415.774621382,490219.7038696826,74.0350546098592,4.490975784316865
2532,8073558.770572254,491265.67631862126,74.0350546098592,4.504937934776509
2533,8065710.98236182,492312.9598879824,74.0350546098592,4.518934158458439
2534,8057872.3976316815,493361.55441524304,74.0350546098592,4.532964512353539
2535,8050043.004041446,494411.4597350435,74.0350546098592,4.547029053490469
2536,8042222.789268658,495462.675679186,74.0350546098592,4.561127838935589
2537,8034411.741008818,496515.20207663917,74.0350546098592,4.575260925792889
2538,8026609.846975317,497569.03875354124,74.0350546098592,4.589428371203957
2539,8018817.094899442,498624.185533199,74.0350546098592,4.603630232347865
2540,8011033.472530328,499680.64223608834,74.0350546098592,4.617866566441096
2541,8003258.967634933,500738.4086798626,74.0350546098592,4.632137430737536
2542,7995493.567998033,501797.4846793456,74.0350546098592,4.6464428825283095
2543,7987737.261422176,502857.8700465383,74.0350546098592,4.660782979141767
2544,7979990.035727655,503919.56459062494,74.0350546098592,4.675157777943451
2545,7972251.8787524905,504982.5681179637,74.0350546098592,4.689567336335925
2546,7964522.778352402,506046.88043209823,74.0350546098592,4.70401171175878
2547,7956802.72240078,507112.50133375596,74.0350546098592,4.718490961688548
2548,7949091.698788673,508179.4306208509,74.0350546098592,4.7330051436386205
2549,7941389.69542472,509247.6680884842,74.0350546098592,4.747554315159194
2550,7933696.700235189,510317.21352894825,74.0350546098592,4.762138533837179
2551,7926012.7011639,511388.06673172297,74.0350546098592,4.7767578572961105
2552,7918337.686172216,512460.2274834855,74.0350546098592,4.79141234319614
2553,7910671.6432390185,513533.69556811004,74.0350546098592,4.806102049233937
2554,7903014.560360681,514608.4707666645,74.0350546098592,4.820827033142573
2555,7895366.425551035,515684.552857417,74.0350546098592,4.835587352691501
2556,7887727.226841366,516761.94161583873,74.0350546098592,4.850383065686474
2557,7880096.952280359,517840.63681460416,74.0350546098592,4.865214229969474
2558,7872475.589934093,518920.63822359114,74.0350546098592,4.880080903418615
2559,7864863.127886009,520001.9456098891,74.0350546098592,4.894983143948129
2560,7857259.554236889,521084.55873779114,74.0350546098592,4.909921009508202
2561,7849664.857104818,522168.47736880573,74.0350546098592,4.924894558084996
2562,7842079.024625172,523253.70126165444,74.0350546098592,4.939903847700534
2563,7834502.044950581,524340.2301722746,74.0350546098592,4.954948936412635
2564,7826933.906250922,525428.0638538182,74.0350546098592,4.970029882314805
2565,7819374.596713257,526517.202056661,74.0350546098592,4.98514674353625
2566,7811824.10454187,527607.6445283983,74.0350546098592,5.0002995782417115
2567,7804282.417958159,528699.3910138475,74.0350546098592,5.015488444631446
2568,7796749.525200694,529792.4412550577,74.0350546098592,5.030713400941168
2569,7789225.414525125,530886.7949912981,74.0350546098592,5.045974505441897
2570,7781710.074204193,531982.4519590744,74.0350546098592,5.061271816439995
2571,7774203.492527701,533079.4118921212,74.0350546098592,5.076605392277001
2572,7766705.657802486,534177.6745214098,74.0350546098592,5.0919752913296135
2573,7759216.5583523745,535277.2395751459,74.0350546098592,5.107381572009593
2574,7751736.182518184,536378.106778775,74.0350546098592,5.122824292763699
2575,7744264.518657698,537480.2758549822,74.0350546098592,5.138303512073597
2576,7736801.555145615,538583.7465236979,74.0350546098592,5.153819288455831
2577,7729347.280373558,539688.5185020955,74.0350546098592,5.169371680461689
2578,7721901.682750007,540794.5915045986,74.0350546098592,5.184960746677207
2579,7714464.750700312,541901.9652428749,74.0350546098592,5.200586545722985
2580,7707036.472666658,543010.6394258499,74.0350546098592,5.216249136254238
2581,7699616.83710803,544120.6137597009,74.0350546098592,5.231948576960643
2582,7692205.832500186,545231.8879478603,74.0350546098592,5.247684926566283
2583,7684803.447335657,546344.461691022,74.0350546098592,5.263458243829593
2584,7677409.670123698,547458.3346871373,74.0350546098592,5.279268587543244
2585,7670024.489390267,548573.5066314194,74.0350546098592,5.295116016534088
2586,7662647.893678003,549689.9772163547,74.0350546098592,5.3110005896631645
2587,7655279.871546207,550807.74613169,74.0350546098592,5.326922365825484
2588,7647920.41157081,551926.8130644405,74.0350546098592,5.342881403950012
2589,7640569.502344357,553047.1776989002,74.0350546098592,5.358877762999664
2590,7633227.132475959,554168.8397166354,74.0350546098592,5.374911501971167
2591,7625893.290591303,555291.7987964846,74.0350546098592,5.390982679894932
2592,7618567.965332598,556416.0546145723,74.0350546098592,5.407091355835122
2593,7611251.145358579,557541.6068442984,74.0350546098592,5.423237588889418
2594,7603942.819344437,558668.4551563518,74.0350546098592,5.439421438189098
2595,7596642.975981851,559796.5992187057,74.0350546098592,5.455642962898846
2596,7589351.603978923,560926.0386966192,74.0350546098592,5.471902222216707
2597,7582068.692060163,562056.7732526443,74.0350546098592,5.488199275374039
2598,7574794.228966473,563188.8025466294,74.0350546098592,5.504534181635454
2599,7567528.2034551175,564322.1262357141,74.0350546098592,5.520907000298666
2600,7560270.604299699,565456.743974338,74.0350546098592,5.537317790694488
2601,7553021.420290138,566592.6554142409,74.0350546098592,5.553766612186716
2602,7545780.640232632,567729.8602044659,74.0350546098592,5.5702535241720925
2603,7538548.2529496495,568868.3579913616,74.0350546098592,5.586778586080198
2604,7531324.247279911,570008.1484185839,74.0350546098592,5.60334185737338
2605,7524108.612078343,571149.2311271022,74.0350546098592,5.619943397546721
2606,7516901.336216058,572291.6057551908,74.0350546098592,5.636583266127858
2607,7509702.408580355,573435.2719384468,74.0350546098592,5.653261522677034
2608,7502511.818074665,574580.2293097831,74.0350546098592,5.669978226786962
2609,7495329.553618545,575726.4774994309,74.0350546098592,5.686733438082724
2610,7488155.604147644,576874.0161349465,74.0350546098592,5.703527216221757
2611,7480989.95861369,578022.844841208,74.0350546098592,5.720359620893703
2612,7473832.605984449,579172.9632404266,74.0350546098592,5.7372307118204375
2613,7466683.535243722,580324.3709521374,74.0350546098592,5.754140548755864
2614,7459542.7353913095,581477.0675932146,74.0350546098592,5.771089191485964
2615,7452410.195442981,582631.0527778609,74.0350546098592,5.7880766998286095
2616,7445285.904430466,583786.3261176221,74.0350546098592,5.8051031336335805
2617,7438169.8514014315,584942.8872213833,74.0350546098592,5.822168552782436
2618,7431062.02541943,586100.7356953723,74.0350546098592,5.839273017188465
2619,7423962.415563904,587259.8711431619,74.0350546098592,5.856416586796582
2620,7416871.0109301675,588420.2931656708,74.0350546098592,5.873599321583236
2621,7409787.8006293485,589582.001361174,74.0350546098592,5.890821281556433
2622,7402712.773788402,590744.9953252975,74.0350546098592,5.908082526755557
2623,7395645.919550059,591909.2746510203,74.0350546098592,5.9253831172513065
2624,7388587.227072818,593074.8389286818,74.0350546098592,5.942723113145656
2625,7381536.685530925,594241.6877459834,74.0350546098592,5.960102574571762
2626,7374494.284114329,595409.82068799,74.0350546098592,5.9775215616939
2627,7367460.012028682,596579.2373371342,74.0350546098592,5.994980134707372
2628,7360433.858495306,597749.937273215,74.0350546098592,6.0124783538384134
2629,7353415.812751159,598921.9200734041,74.0350546098592,6.030016279344152
2630,7346405.864048838,600095.1853122491,74.0350546098592,6.047593971512515
2631,7339404.001656524,601269.7325616735,74.0350546098592,6.065211490662152
2632,7332410.214857982,602445.5613909803,74.0350546098592,6.082868897142355
2633,7325424.492952533,603622.671366855,74.0350546098592,6.100566251332976
2634,7318446.825255022,604801.0620533706,74.0350546098592,6.118303613644393
2635,7311477.201095799,605980.7330119823,74.0350546098592,6.136081044517339
2636,7304515.609820709,607161.6838015434,74.0350546098592,6.1538986044229524
2637,7297562.040791038,608343.913978298,74.0350546098592,6.171756353862622
2638,7290616.483383526,609527.4230958807,74.0350546098592,6.189654353367855
2639,7283678.926990322,610712.2107053318,74.0350546098592,6.20759266350033
2640,7276749.361018962,611898.2763550926,74.0350546098592,6.22557134485176
2641,7269827.774892356,613085.6195910034,74.0350546098592,6.243590458043744
2642,7262914.158048751,614274.2399563185,74.0350546098592,6.26165006372784
2643,7256008.4999417225,615464.1369916974,74.0350546098592,6.279750222585344
2644,7249110.790040144,616655.3102352112,74.0350546098592,6.297890995327263
2645,7242221.017828165,617847.7592223512,74.0350546098592,6.316072442694297
2646,7235339.172805184,619041.4834860277,74.0350546098592,6.334294625456716
2647,7228465.244485833,620236.482556563,74.0350546098592,6.352557604414186
2648,7221599.222399953,621432.7559617118,74.0350546098592,6.370861440395867
2649,7214741.096092569,622630.3032266535,74.0350546098592,6.389206194260231
2650,7207890.855123866,623829.1238739965,74.0350546098592,6.407591926894996
2651,7201048.489069169,625029.2174237808,74.0350546098592,6.4260186992170505
2652,7194213.987518927,626230.5833934823,74.0350546098592,6.444486572172381
2653,7187387.340078667,627433.2212980153,74.0350546098592,6.46299560673601
2654,7180568.536368999,628637.130649733,74.0350546098592,6.481545863911868
2655,7173757.566025578,629842.3109584372,74.0350546098592,6.500137404732803
2656,7166954.418699092,631048.7617313706,74.0350546098592,6.518770290260387
2657,7160159.084055225,632256.4824732287,74.0350546098592,6.537444581584933
2658,7153371.5517746415,633465.472686159,74.0350546098592,6.556160339825381
2659,7146591.811552967,634675.7318697638,74.0350546098592,6.574917626129215
2660,7139819.853100766,635887.2595211045,74.0350546098592,6.593716501672393
2661,7133055.666143514,637100.0551347029,74.0350546098592,6.612557027659266
2662,7126299.240421574,638314.1182025425,74.0350546098592,6.631439265322476
2663,7119550.5656901905,639529.4482140804,74.0350546098592,6.650363275922959
2664,7112809.631719438,640746.0446562368,74.0350546098592,6.669329120749753
2665,7106076.428294231,641963.907013407,74.0350546098592,6.6883368611199865
2666,7099350.945214277,643183.0347674662,74.0350546098592,6.707386558378837
2667,7092633.172294065,644403.4273977613,74.0350546098592,6.726478273899327
2668,7085923.099362841,645625.0843811234,74.0350546098592,6.745612069082355
2669,7079220.716264595,646848.0051918742,74.0350546098592,6.764788005356628
2670,7072526.0128580155,648072.1893018149,74.0350546098592,6.784006144178476
2671,7065838.9790165,649297.6361802403,74.0350546098592,6.803266547031843
2672,7059159.604628098,650524.345293939,74.0350546098592,6.8225692754282194
2673,7052487.879595522,651752.3161071982,74.0350546098592,6.8419143909065525
2674,7045823.793836092,652981.5480818019,74.0350546098592,6.8613019550331416
2675,7039167.337281756,654212.0406770402,74.0350546098592,6.880732029401593
2676,7032518.499879021,655443.7933497027,74.0350546098592,6.900204675632675
2677,7025877.27158896,656676.8055540919,74.0350546098592,6.919719955374331
2678,7019243.642387188,657911.0767420263,74.0350546098592,6.939277930301593
2679,7012617.602263836,659146.6063628318,74.0350546098592,6.958878662116391
2680,7005999.141223517,660383.393863354,74.0350546098592,6.978522212547578
2681,6999388.249285342,661621.4386879598,74.0350546098592,6.998208643350801
2682,6992784.916482839,662860.7402785451,74.0350546098592,7.01793801630853
2683,6986189.132863989,664101.2980745238,74.0350546098592,7.0377103932297675
2684,6979600.888491173,665343.1115128471,74.0350546098592,7.057525835950179
2685,6973020.173441152,666586.1800279964,74.0350546098592,7.0773844063318965
2686,6966446.977805059,667830.5030519884,74.0350546098592,7.097286166263456
2687,6959881.29168836,669076.0800143832,74.0350546098592,7.117231177659774
2688,6953323.105210854,670322.9103422781,74.0350546098592,7.137219502461966
2689,6946772.408506631,671570.9934603191,74.0350546098592,7.157251202637362
2690,6940229.191724054,672820.3287907016,74.0350546098592,7.1773263401793965
2691,6933693.445025748,674070.9157531721,74.0350546098592,7.197444977107519
2692,6927165.158588575,675322.753765029,74.0350546098592,7.217607175467075
2693,6920644.322603599,676575.8422411348,74.0350546098592,7.237812997329351
2694,6914130.927276096,677830.1805939066,74.0350546098592,7.258062504791309
2695,6907624.962825482,679085.7682333296,74.0350546098592,7.278355759975695
2696,6901126.419485353,680342.604566958,74.0350546098592,7.29869282503085
2697,6894635.287503413,681600.6889999139,74.0350546098592,7.319073762130642
2698,6888151.55714148,682860.0209348913,74.0350546098592,7.339498633474374
2699,6881675.218675452,684120.5997721668,74.0350546098592,7.359967501286792
2700,6875206.262395298,685382.4249095941,74.0350546098592,7.380480427817895
2701,6868744.678605021,686645.4957426095,74.0350546098592,7.401037475342908
2702,6862290.457622656,687909.8116642379,74.0350546098592,7.421638706162199
2703,6855843.589780226,689175.3720650907,74.0350546098592,7.442284182601173
2704,6849404.065423746,690442.1763333774,74.0350546098592,7.462973967010257
2705,6842971.874913178,691710.223854898,74.0350546098592,7.483708121764719
2706,6836547.00862243,692979.5140130582,74.0350546098592,7.504486709264712
2707,6830129.456939319,694250.0461888603,74.0350546098592,7.525309791935059
2708,6823719.210265566,695521.8197609149,74.0350546098592,7.546177432225259
2709,6817316.259016754,696794.8341054409,74.0350546098592,7.567089692609392
2710,6810920.593622329,698069.0885962737,74.0350546098592,7.588046635586066
2711,6804532.204525566,699344.582604859,74.0350546098592,7.60904832367825
2712,6798151.082183559,700621.3155002627,74.0350546098592,7.630094819433253
2713,6791777.217067177,701899.286649174,74.0350546098592,7.65118618542267
2714,6785410.599661072,703178.4954159053,74.0350546098592,7.672322484242227
2715,6779051.220463638,704458.9411624016,74.0350546098592,7.693503778511795
2716,6772699.069987006,705740.623248237,74.0350546098592,7.714730130875214
2717,6766354.138757004,707023.5410306201,74.0350546098592,7.736001604000261
2718,6760016.417313152,708307.6938643985,74.0350546098592,7.757318260578562
2719,6753685.896208637,709593.0811020622,74.0350546098592,7.778680163325514
2720,6747362.5660103,710879.702093748,74.0350546098592,7.800087374980218
2721,6741046.41729859,712167.5561872355,74.0350546098592,7.821539958305336
2722,6734737.440667572,713456.6427279642,74.0350546098592,7.843037976087134
2723,6728435.626724888,714746.9610590183,74.0350546098592,7.864581491135216
2724,6722140.966091754,716038.5105211487,74.0350546098592,7.886170566282632
2725,6715853.449402922,717331.290452767,74.0350546098592,7.907805264385713
2726,6709573.067306664,718625.3001899475,74.0350546098592,7.929485648323969
2727,6703299.810464758,719920.5390664274,74.0350546098592,7.951211780999966
2728,6697033.669552469,721217.0064136295,74.0350546098592,7.97298372533946
2729,6690774.635258516,722514.7015606384,74.0350546098592,7.994801544291022
2730,6684522.698285054,723813.6238342219,74.0350546098592,8.016665300826167
2731,6678277.849347676,725113.7725588332,74.0350546098592,8.038575057939225
2732,6672040.079175367,726415.1470566035,74.0350546098592,8.06053087864717
2733,6665809.378510484,727717.7466473571,74.0350546098592,8.082532825989668
2734,6659585.7381087495,729021.5706486113,74.0350546098592,8.104580963028948
2735,6653369.148739236,730326.6183755723,74.0350546098592,8.126675352849633
2736,6647159.60118432,731632.8891411492,74.0350546098592,8.148816058558792
2737,6640957.086239695,732940.3822559566,74.0350546098592,8.171003143285827
2738,6634761.594714312,734249.097028308,74.0350546098592,8.193236670182314
2739,6628573.117430403,735559.032764227,74.0350546098592,8.215516702421974
2740,6622391.645223428,736870.1887674518,74.0350546098592,8.23784330320062
2741,6616217.168942067,738182.5643394346,74.0350546098592,8.26021653573604
2742,6610049.6794482,739496.1587793478,74.0350546098592,8.282636463267924
2743,6603889.167616892,740810.9713840856,74.0350546098592,8.30510314905778
2744,6597735.624336359,742127.0014482674,74.0350546098592,8.327616656388846
2745,6591589.040507966,743444.2482642401,74.0350546098592,8.35017704856599
2746,6585449.407046189,744762.711122088,74.0350546098592,8.372784388915715
2747,6579316.714878609,746082.3893096298,74.0350546098592,8.395438740785988
2748,6573190.954945886,747403.2821124204,74.0350546098592,8.41814016754616
2749,6567072.118201735,748725.3888137642,74.0350546098592,8.440888732586973
2750,6560960.195612925,750048.7086947036,74.0350546098592,8.463684499320324
2751,6554855.178159237,751373.2410340387,74.0350546098592,8.48652753117936
2752,6548757.05683345,752698.9851083215,74.0350546098592,8.509417891618304
2753,6542665.822641336,754025.9401918557,74.0350546098592,8.532355644112302
2754,6536581.466601614,755354.1055567114,74.0350546098592,8.555340852157517
2755,6530503.979745954,756683.48047272,74.0350546098592,8.578373579270899
2756,6524433.353118956,758014.0642074808,74.0350546098592,8.60145388899016
2757,6518369.577778103,759345.8560263638,74.0350546098592,8.624581844873708
2758,6512312.644793783,760678.8551925141,74.0350546098592,8.647757510500522
2759,6506262.545249236,762013.0609668512,74.0350546098592,8.670980949470074
2760,6500219.270240548,763348.4726080807,74.0350546098592,8.69425222540231
2761,6494182.810876635,764685.089372691,74.0350546098592,8.717571401937501
2762,6488153.158279215,766022.9105149576,74.0350546098592,8.740938542736167
2763,6482130.3035827875,767361.9352869504,74.0350546098592,8.764353711479048
2764,6476114.237934637,768702.162938531,74.0350546098592,8.787816971866924
2765,6470104.95249477,770043.592717366,74.0350546098592,8.811328387620687
2766,6464102.438435943,771386.2238689167,74.0350546098592,8.83488802248106
2767,6458106.686943613,772730.0556364584,74.0350546098592,8.858495940208714
2768,6452117.689215927,774075.0872610688,74.0350546098592,8.882152204584013
2769,6446135.436463707,775421.3179816431,74.0350546098592,8.905856879407061
2770,6440159.919910421,776768.7470348935,74.0350546098592,8.929610028497578
2771,6434191.130792167,778117.37365535,74.0350546098592,8.953411715694783
2772,6428229.060357668,779467.1970753624,74.0350546098592,8.977262004857284
2773,6422273.69986823,780818.2165251207,74.0350546098592,9.001160959863212
2774,6416325.040597742,782170.4312326306,74.0350546098592,9.025108644609787
2775,6410383.073832639,783523.8404237418,74.0350546098592,9.049105123013558
2776,6404447.790871909,784878.4433221422,74.0350546098592,9.073150459010163
2777,6398519.183027045,786234.2391493545,74.0350546098592,9.097244716554211
2778,6392597.24162204,787591.2271247508,74.0350546098592,9.12138795961932
2779,6386681.95799337,788949.4064655548,74.0350546098592,9.14558025219799
2780,6380773.323489978,790308.7763868369,74.0350546098592,9.169821658301442
2781,6374871.329473237,791669.3361015271,74.0350546098592,9.19411224195966
2782,6368975.9673169525,793031.0848204142,74.0350546098592,9.218452067221223
2783,6363087.228407333,794394.0217521484,74.0350546098592,9.242841198153235
2784,6357205.10414297,795758.1461032471,74.0350546098592,9.267279698841264
2785,6351329.585934834,797123.4570781023,74.0350546098592,9.291767633389286
2786,6345460.665206223,798489.9538789759,74.0350546098592,9.316305065919545
2787,6339598.333392777,799857.6357060048,74.0350546098592,9.340892060572452
2788,6333742.58194246,801226.5017572144,74.0350546098592,9.365528681506607
2789,6327893.4023154965,802596.5512285102,74.0350546098592,9.390214992898649
2790,6322050.785984414,803967.7833136851,74.0350546098592,9.41495105894312
2791,6316214.724433983,805340.197204428,74.0350546098592,9.4397369438525
2792,6310385.209161209,806713.7920903198,74.0350546098592,9.464572711857036
2793,6304562.231675318,808088.5671588418,74.0350546098592,9.489458427204685
2794,6298745.783497739,809464.5215953839,74.0350546098592,9.514394154161106
2795,6292935.856162074,810841.6545832325,74.0350546098592,9.53937995700939
2796,6287132.441214097,812219.96530359,74.0350546098592,9.564415900050152
2797,6281335.53021172,813599.4529355754,74.0350546098592,9.58950204760143
2798,6275545.114724977,814980.1166562204,74.0350546098592,9.61463846399851
2799,6269761.186336018,816361.9556404802,74.0350546098592,9.639825213593909
2800,6263983.736639081,817744.9690612344,74.0350546098592,9.665062360757279
2801,6258212.757240469,819129.1560892907,74.0350546098592,9.69034996987532
2802,6252448.23975854,820514.5158933913,74.0350546098592,9.715688105351731
2803,6246690.175823688,821901.0476402133,74.0350546098592,9.74107683160708
2804,6240938.55707832,823288.7504943704,74.0350546098592,9.76651621307871
2805,6235193.37517684,824677.6236184263,74.0350546098592,9.792006314220766
2806,6229454.621785634,826067.666172885,74.0350546098592,9.817547199503949
2807,6223722.288583047,827458.8773162042,74.0350546098592,9.843138933415558
2808,6217996.367259369,828851.2562047987,74.0350546098592,9.868781580459391
2809,6212276.849516821,830244.8019930336,74.0350546098592,9.894475205155544
2810,6206563.727069512,831639.5138332448,74.0350546098592,9.920219872040551
2811,6200856.9916434605,833035.3908757268,74.0350546098592,9.94601564566706
2812,6195156.634976545,834432.4322687485,74.0350546098592,9.971862590603946
2813,6189462.648818495,835830.6371585496,74.0350546098592,9.997760771436118
2814,6183775.024930882,837230.0046893455,74.0350546098592,10.023710252764442
2815,6178093.7550870925,838630.5340033306,74.0350546098592,10.049711099205666
2816,6172418.8310723035,840032.2242406892,74.0350546098592,10.075763375392437
2817,6166750.244683492,841435.0745395873,74.0350546098592,10.101867145973026
2818,6161087.987729376,842839.0840361868,74.0350546098592,10.128022475611443
2819,6155432.05203043,844244.2518646409,74.0350546098592,10.154229428987193
2820,6149782.429418858,845650.5771571038,74.0350546098592,10.180488070795285
2821,6144139.111738565,847058.0590437354,74.0350546098592,10.20679846574618
2822,6138502.090845159,848466.6966526962,74.0350546098592,10.233160678565568
2823,6132871.358605912,849876.4891101619,74.0350546098592,10.259574773994444
2824,6127246.906899757,851287.4355403159,74.0350546098592,10.286040816788876
2825,6121628.727617271,852699.5350653674,74.0350546098592,10.312558871720086
2826,6116016.812660644,854112.7868055435,74.0350546098592,10.339129003574255
2827,6110411.153943665,855527.1898790961,74.0350546098592,10.365751277152473
2828,6104811.743391727,856942.7434023013,74.0350546098592,10.392425757270555
2829,6099218.57294177,858359.4464894776,74.0350546098592,10.419152508759208
2830,6093631.634542303,859777.2982529745,74.0350546098592,10.445931596463698
2831,6088050.9201533515,861196.2978031791,74.0350546098592,10.47276308524386
2832,6082476.421746476,862616.4442485297,74.0350546098592,10.499647039974072
2833,6076908.131304718,864037.7366955063,74.0350546098592,10.526583525543067
2834,6071346.040822603,865460.174248641,74.0350546098592,10.553572606853916
2835,6065790.142306127,866883.7560105261,74.0350546098592,10.580614348823964
2836,6060240.427772731,868308.4810818079,74.0350546098592,10.607708816384662
2837,6054696.889251271,869734.3485611964,74.0350546098592,10.63485607448156
2838,6049159.518782035,871161.3575454697,74.0350546098592,10.662056188074194
2839,6043628.308416687,872589.5071294786,74.0350546098592,10.689309222136066
2840,6038103.250218279,874018.7964061402,74.0350546098592,10.71661524165437
2841,6032584.336261218,875449.2244664581,74.0350546098592,10.743974311630177
2842,6027071.5586312525,876880.790399513,74.0350546098592,10.77138649707815
2843,6021564.909425453,878313.4932924716,74.0350546098592,10.798851863026547
2844,6016064.380752208,879747.3322305948,74.0350546098592,10.826370474517155
2845,6010569.964731183,881182.306297231,74.0350546098592,10.85394239660513
2846,6005081.653493324,882618.4145738251,74.0350546098592,10.881567694358933
2847,5999599.439180835,884055.6561399266,74.0350546098592,10.909246432860332
2848,5994123.313947159,885494.0300731895,74.0350546098592,10.936978677204241
2849,5988653.269956954,886933.5354493725,74.0350546098592,10.964764492498624
2850,5983189.299386085,888374.1713423531,74.0350546098592,10.992603943864529
2851,5977731.3944216175,889815.936824115,74.0350546098592,11.020497096435768
2852,5972279.54726177,891258.8309647719,74.0350546098592,11.04844401535915
2853,5966833.750115928,892702.852832554,74.0350546098592,11.076444765794115
2854,5961393.995204605,894148.0014938248,74.0350546098592,11.10449941291286
2855,5955960.274759441,895594.2760130733,74.0350546098592,11.132608021900086
2856,5950532.581023173,897041.675452926,74.0350546098592,11.160770657953034
2857,5945110.906249641,898490.1988741521,74.0350546098592,11.188987386281381
2858,5939695.242703729,899939.8453356565,74.0350546098592,11.217258272107097
2859,5934285.582661393,901390.6138944988,74.0350546098592,11.24558338066447
2860,5928881.918409621,902842.5036058815,74.0350546098592,11.273962777199872
2861,5923484.242246413,904295.5135231663,74.0350546098592,11.302396526971842
2862,5918092.546480777,905749.6426978707,74.0350546098592,11.330884695250875
2863,5912706.823432712,907204.8901796758,74.0350546098592,11.359427347319407
2864,5907327.065433176,908661.2550164276,74.0350546098592,11.38802454847172
2865,5901953.26482409,910118.7362541414,74.0350546098592,11.416676364013822
2866,5896585.413958297,911577.3329370075,74.0350546098592,11.445382859263448
2867,5891223.50519957,913037.0441073902,74.0350546098592,11.474144099549855
2868,5885867.530922584,914497.8688058411,74.0350546098592,11.502960150213887
2869,5880517.483512899,915959.8060710916,74.0350546098592,11.531831076607759
2870,5875173.355366938,917422.8549400632,74.0350546098592,11.560756944095045
2871,5869835.1388919875,918887.0144478702,74.0350546098592,11.589737818050564
2872,5864502.826506161,920352.2836278279,74.0350546098592,11.618773763860386
2873,5859176.410638403,921818.6615114398,74.0350546098592,11.647864846921504
2874,5853855.883728449,923286.1471284325,74.0350546098592,11.677011132642175
2875,5848541.238226831,924754.7395067218,74.0350546098592,11.70621268644134
2876,5843232.466594846,926224.4376724471,74.0350546098592,11.735469573748935
2877,5837929.5613045525,927695.2406499648,74.0350546098592,11.764781860005664
2878,5832632.514838739,929167.1474618444,74.0350546098592,11.794149610662842
2879,5827341.31969092,930640.1571288788,74.0350546098592,11.823572891182375
2880,5822055.968365318,932114.2686700939,74.0350546098592,11.853051767036748
2881,5816776.453376844,933589.4811027453,74.0350546098592,11.882586303708855
2882,5811502.767251071,935065.7934423243,74.0350546098592,11.912176566691981
2883,5806234.902524247,936543.2047025574,74.0350546098592,11.941822621489576
2884,5800972.851743248,938021.7138954177,74.0350546098592,11.971524533615364
2885,5795716.607465578,939501.320031128,74.0350546098592,12.001282368593188
2886,5790466.162259349,940982.0221181561,74.0350546098592,12.031096191956847
2887,5785221.508703268,942463.8191632257,74.0350546098592,12.06096606925008
2888,5779982.639386614,943946.7101713228,74.0350546098592,12.090892066026553
2889,5774749.54690923,945430.6941456897,74.0350546098592,12.120874247849601
2890,5769522.223881496,946915.7700878422,74.0350546098592,12.150912680292366
2891,5764300.662924331,948401.9369975625,74.0350546098592,12.181007428937528
2892,5759084.856669157,949889.1938729057,74.0350546098592,12.21115855937729
2893,5753874.797757894,951377.5397102078,74.0350546098592,12.24136613721334
2894,5748670.478842943,952866.9735040851,74.0350546098592,12.271630228056692
2895,5743471.892587173,954357.4942474407,74.0350546098592,12.30195089752766
2896,5738279.031663894,955849.1009314638,74.0350546098592,12.332328211255712
2897,5733091.888756857,957341.792545644,74.0350546098592,12.362762234879499
2898,5727910.456560218,958835.5680777616,74.0350546098592,12.39325303404665
2899,5722734.727778542,960330.4265139009,74.0350546098592,12.42380067441375
2900,5717564.695126784,961826.3668384552,74.0350546098592,12.45440522164629
2901,5712400.351330253,963323.3880341209,74.0350546098592,12.485066741418505
2902,5707241.689124622,964821.4890819093,74.0350546098592,12.515785299413327
2903,5702088.701255904,966320.6689611485,74.0350546098592,12.546560961322301
2904,5696941.380480425,967820.9266494935,74.0350546098592,12.577393792845609
2905,5691799.719564824,969322.261122913,74.0350546098592,12.608283859691726
2906,5686663.711286031,970824.6713557161,74.0350546098592,12.639231227577657
2907,5681533.348431242,972328.156320534,74.0350546098592,12.670235962228574
2908,5676408.623797926,973832.7149883406,74.0350546098592,12.701298129377914
2909,5671289.530193783,975338.3463284516,74.0350546098592,12.73241779476728
2910,5666176.060436751,976845.0493085218,74.0350546098592,12.763595024146232
2911,5661068.207354974,978352.8228945559,74.0350546098592,12.794829883272334
2912,5655965.963786802,979861.6660509113,74.0350546098592,12.826122437911003
2913,5650869.322580756,981371.5777403042,74.0350546098592,12.85747275383553
2914,5645778.2765955245,982882.5569238057,74.0350546098592,12.888880896826837
2915,5640692.818699959,984394.6025608566,74.0350546098592,12.920346932673539
2916,5635612.941773035,985907.7136092584,74.0350546098592,12.951870927171722
2917,5630538.638703845,987421.8890251883,74.0350546098592,12.983452946125011
2918,5625469.902391597,988937.1277632044,74.0350546098592,13.01509305534446
2919,5620406.725745584,990453.4287762346,74.0350546098592,13.046791320648301
2920,5615349.101685168,991970.7910155919,74.0350546098592,13.07854780786203
2921,5610297.023139782,993489.2134309848,74.0350546098592,13.110362582818357
2922,5605250.483048884,995008.6949705037,74.0350546098592,13.142235711356973
2923,5600209.474361975,996529.2345806413,74.0350546098592,13.174167259324602
2924,5595173.990038568,998050.8312062852,74.0350546098592,13.206157292574803
2925,5590144.023048161,999573.4837907271,74.0350546098592,13.238205876967998
2926,5585119.5663702525,1001097.1912756629,74.0350546098592,13.270313078371258
2927,5580100.61299429,1002621.9526012097,74.0350546098592,13.30247896265848
2928,5575087.1559196925,1004147.7667058866,74.0350546098592,13.334703595709911
2929,5570079.1881558,1005674.6325266344,74.0350546098592,13.366987043412369
2930,5565076.702721881,1007202.5489988257,74.0350546098592,13.399329371659169
2931,5560079.692647111,1008731.5150562499,74.0350546098592,13.43173064634982
2932,5555088.150970554,1010261.5296311284,74.0350546098592,13.464190933390094
2933,5550102.070741159,1011792.5916541228,74.0350546098592,13.496710298691992
2934,5545121.445017727,1013324.7000543262,74.0350546098592,13.529288808173506
2935,5540146.26686891,1014857.8537592768,74.0350546098592,13.561926527758658
2936,5535176.529373195,1016392.0516949622,74.0350546098592,13.59462352337741
2937,5530212.225618884,1017927.292785815,74.0350546098592,13.627379860965494
2938,5525253.348704074,1019463.5759547226,74.0350546098592,13.660195606464423
2939,5520299.89173666,1021000.9001230372,74.0350546098592,13.693070825821428
2940,5515351.847834309,1022539.2642105592,74.0350546098592,13.72600558498916
2941,5510409.21012443,1024078.6671355695,74.0350546098592,13.758999949925984
2942,5505471.971744193,1025619.1078148147,74.0350546098592,13.792053986595608
2943,5500540.125840489,1027160.5851635087,74.0350546098592,13.825167760967
2944,5495613.665569916,1028703.098095345,74.0350546098592,13.858341339014434
2945,5490692.584098788,1030246.6455225085,74.0350546098592,13.891574786717444
2946,5485776.874603078,1031791.2263556591,74.0350546098592,13.924868170060583
2947,5480866.530268445,1033336.8395039468,74.0350546098592,13.958221555033381
2948,5475961.544290199,1034883.4838750203,74.0350546098592,13.991635007630382
2949,5471061.909873288,1036431.1583750221,74.0350546098592,14.025108593850941
2950,5466167.620232281,1037979.8619085999,74.0350546098592,14.058642379699242
2951,5461278.668591369,1039529.593378899,74.0350546098592,14.092236431184032
2952,5456395.048184328,1041080.3516875827,74.0350546098592,14.125890814318806
2953,5451516.752254516,1042632.1357348184,74.0350546098592,14.15960559512146
2954,5446643.774054862,1044184.9444192982,74.0350546098592,14.193380839614438
2955,5441776.106847846,1045738.7766382342,74.0350546098592,14.227216613824524
2956,5436913.743905484,1047293.631287355,74.0350546098592,14.261112983782695
2957,5432056.678509313,1048849.5072609303,74.0350546098592,14.295070015524278
2958,5427204.903950383,1050406.4034517535,74.0350546098592,14.329087775088608
2959,5422358.413529238,1051964.3187511573,74.0350546098592,14.363166328519076
2960,5417517.2005559,1053523.2520490189,74.0350546098592,14.3973057418631
2961,5412681.258349858,1055083.2022337515,74.0350546098592,14.431506081171857
2962,5407850.580240047,1056644.1681923259,74.0350546098592,14.465767412500448
2963,5403025.159564842,1058206.1488102586,74.0350546098592,14.50008980190759
2964,5398204.989672047,1059769.1429716272,74.0350546098592,14.534473315455685
2965,5393390.063918859,1061333.149559066,74.0350546098592,14.568918019210683
2966,5388580.375671886,1062898.167453775,74.0350546098592,14.603423979241965
2967,5383775.918307099,1064464.195535522,74.0350546098592,14.63799126162236
2968,5378976.685209846,1066031.2326826456,74.0350546098592,14.672619932427944
2969,5374182.669774827,1067599.2777720653,74.0350546098592,14.7073100577381
2970,5369393.865406067,1069168.329679278,74.0350546098592,14.742061703635336
2971,5364610.265516921,1070738.387278357,74.0350546098592,14.776874936205132
2972,5359831.86353006,1072309.4494419764,74.0350546098592,14.811749821536083
2973,5355058.6528774295,1073881.51504139,74.0350546098592,14.846686425719604
2974,5350290.627000278,1075454.5829464565,74.0350546098592,14.88168481484999
2975,5345527.779349104,1077028.652025632,74.0350546098592,14.916745055024291
2976,5340770.103383668,1078603.7211459707,74.0350546098592,14.951867212342119
2977,5336017.59257296,1080179.7891731372,74.0350546098592,14.98705135290574
2978,5331270.240395204,1081756.8549714156,74.0350546098592,15.022297542820006
2979,5326528.040337823,1083334.9174036926,74.0350546098592,15.05760584819204
2980,5321790.985897444,1084913.975331476,74.0350546098592,15.092976335131311
2981,5317059.070579873,1086494.0276149055,74.0350546098592,15.128409069749688
2982,5312332.2879000865,1088075.073112744,74.0350546098592,15.163904118161145
2983,5307610.631382212,1089657.110682381,74.0350546098592,15.199461546481716
2984,5302894.094559522,1091240.1391798484,74.0350546098592,15.235081420829532
2985,5298182.670974412,1092824.1574598043,74.0350546098592,15.270763807324515
2986,5293476.354178389,1094409.164375565,74.0350546098592,15.306508772088646
2987,5288775.137732059,1095995.1587790863,74.0350546098592,15.34231638124559
2988,5284079.015205122,1097582.1395209697,74.0350546098592,15.378186700920613
2989,5279387.980176336,1099170.105450481,74.0350546098592,15.414119797240776
2990,5274702.026233523,1100759.055415538,74.0350546098592,15.450115736334565
2991,5270021.146973552,1102348.9882627232,74.0350546098592,15.486174584331954
2992,5265345.336002317,1103939.9028372879,74.0350546098592,15.522296407364326
2993,5260674.586934729,1105531.7979831446,74.0350546098592,15.558481271564247
2994,5256008.893394702,1107124.67254289,74.0350546098592,15.594729243065625
2995,5251348.24901514,1108718.5253577952,74.0350546098592,15.631040388003465
2996,5246692.647437927,1110313.3552678123,74.0350546098592,15.66741477251379
2997,5242042.082313897,1111909.1611115816,74.0350546098592,15.703852462733678
2998,5237396.547302839,1113505.94172643,74.0350546098592,15.740353524801021
2999,5232756.03607348,1115103.6959483805,74.0350546098592,15.77691802485456
3000,5228120.542303463,1116702.4226121532,74.0350546098592,15.813546029033775
3001,5223490.0596793415,1118302.1205511717,74.0350546098592,15.850237603478822
3002,5218864.581896558,1119902.788597563,74.0350546098592,15.886992814330428
3003,5214244.102659442,1121504.4255821616,74.0350546098592,15.92381172772975
3004,5209628.615681191,1123107.0303345204,74.0350546098592,15.960694409818451
3005,5205018.114683843,1124710.601682906,74.0350546098592,15.997640926738507
3006,5200412.593398291,1126315.1384543069,74.0350546098592,16.034651344632127
3007,5195812.045564248,1127920.6394744376,74.0350546098592,16.071725729641717
3008,5191216.464930244,1129527.1035677383,74.0350546098592,16.10886414790975
3009,5186625.8452536035,1131134.52955739,74.0350546098592,16.146066665578818
3010,5182040.180300442,1132742.9162652995,74.0350546098592,16.1833333487913
3011,5177459.463845648,1134352.2625121244,74.0350546098592,16.220664263689574
3012,5172883.689672867,1135962.5671172596,74.0350546098592,16.258059476415703
3013,5168312.851574498,1137573.8288988539,74.0350546098592,16.2955190531115
3014,5163746.943351664,1139186.0466738055,74.0350546098592,16.33304305991841
3015,5159185.958814215,1140799.2192577703,74.0350546098592,16.370631562977394
3016,5154629.891780706,1142413.345465164,74.0350546098592,16.408284628428873
3017,5150078.73607839,1144028.4241091653,74.0350546098592,16.446002322412653
3018,5145532.485543191,1145644.454001721,74.0350546098592,16.483784711067837
3019,5140991.134019713,1147261.4339535546,74.0350546098592,16.521631860532807
3020,5136454.675361203,1148879.3627741612,74.0350546098592,16.559543836945064
3021,5131923.103429555,1150498.2392718124,74.0350546098592,16.597520706441095
3022,5127396.412095291,1152118.0622535732,74.0350546098592,16.635562535156538
3023,5122874.595237547,1153738.8305252846,74.0350546098592,16.67366938922575
3024,5118357.6467440585,1155360.5428915892,74.0350546098592,16.711841334782097
3025,5113845.5605111625,1156983.1981559189,74.0350546098592,16.750078437957555
3026,5109338.33044375,1158606.7951205082,74.0350546098592,16.788380764882902
3027,5104835.950455296,1160231.3325863902,74.0350546098592,16.826748381687363
3028,5100338.414467817,1161856.80935341,74.0350546098592,16.86518135449878
3029,5095845.71641186,1163483.2242202219,74.0350546098592,16.903679749443427
3030,5091357.8502265075,1165110.575984293,74.0350546098592,16.942243632645873
3031,5086874.809859346,1166738.8634419153,74.0350546098592,16.980873070229084
3032,5082396.589266462,1168368.085388191,74.0350546098592,17.01956812831402
3033,5077923.182412435,1169998.240617063,74.0350546098592,17.05832887301996
3034,5073454.583270304,1171629.327921299,74.0350546098592,17.097155370464186
3035,5068990.785821572,1173261.3460924963,74.0350546098592,17.13604768676185
3036,5064531.784056198,1174894.293921095,74.0350546098592,17.175005888026043
3037,5060077.57197256,1176528.1701963772,74.0350546098592,17.214030040367703
3038,5055628.143577471,1178162.9737064724,74.0350546098592,17.253120209895474
3039,5051183.492886143,1179798.703238355,74.0350546098592,17.292276462715616
3040,5046743.613922192,1181435.3575778569,74.0350546098592,17.331498864931977
3041,5042308.500717612,1183072.935509662,74.0350546098592,17.37078748264585
3042,5037878.147312765,1184711.4358173271,74.0350546098592,17.410142381956113
3043,5033452.547756378,1186350.8572832625,74.0350546098592,17.449563628958785
3044,5029031.696105519,1187991.1986887536,74.0350546098592,17.489051289747238
3045,5024615.586425585,1189632.4588139555,74.0350546098592,17.528605430412
3046,5020204.212790303,1191274.6364379036,74.0350546098592,17.5682261170407
3047,5015797.569281695,1192917.730338513,74.0350546098592,17.60791341571804
3048,5011395.6499900855,1194561.7392925802,74.0350546098592,17.647667392525577
3049,5006998.449014083,1196206.6620757966,74.0350546098592,17.687488113541836
3050,5002605.960460559,1197852.497462737,74.0350546098592,17.727375644842006
3051,4998218.178444643,1199499.2442268822,74.0350546098592,17.76733005249815
3052,4993835.097089715,1201146.9011406084,74.0350546098592,17.807351402578863
3053,4989456.71052738,1202795.466975192,74.0350546098592,17.84743976114928
3054,4985083.012897467,1204444.940500824,74.0350546098592,17.887595194271075
3055,4980713.998348012,1206095.320486601,74.0350546098592,17.927817768002274
3056,4976349.661035244,1207746.6057005422,74.0350546098592,17.9681075483973
3057,4971989.995123576,1209398.7949095755,74.0350546098592,18.008464601506688
3058,4967634.994785589,1211051.8868795617,74.0350546098592,18.048888993377272
3059,4963284.6542020235,1212705.8803752863,74.0350546098592,18.089380790051944
3060,4958938.967561764,1214360.7741604638,74.0350546098592,18.1299400575696
3061,4954597.929061829,1216016.56699774,74.0350546098592,18.17056686196498
3062,4950261.5329073565,1217673.2576487113,74.0350546098592,18.211261269268913
3063,4945929.773311594,1219330.844873902,74.0350546098592,18.252023345507755
3064,4941602.644495883,1220989.3274327894,74.0350546098592,18.292853156703693
3065,4937280.140689657,1222648.7040837999,74.0350546098592,18.33375076887448
3066,4932962.256130408,1224308.9735843223,74.03505460985922,18.374716248033618
3067,4928648.98506369,1225970.1346906861,74.0350546098592,18.415749660189785
3068,4924340.32174312,1227632.1861581947,74.0350546098592,18.45685107134721
3069,4920036.260430331,1229295.1267411148,74.0350546098592,18.49802054750547
3070,4915736.795394984,1230958.9551926765,74.0350546098592,18.539258154659258
3071,4911441.920914759,1232623.670265097,74.0350546098592,18.580563958798642
3072,4907151.631275326,1234289.2707095528,74.0350546098592,18.62193802590852
3073,4902865.920770344,1235955.755276213,74.0350546098592,18.663380421968984
3074,4898584.783701443,1237623.1227142203,74.0350546098592,18.704891212954916
3075,4894308.214378225,1239291.371771728,74.0350546098592,18.746470464836325
3076,4890036.207118232,1240960.5011958494,74.0350546098592,18.78811824357758
3077,4885768.756246949,1242630.5097327253,74.0350546098592,18.8298346151382
3078,4881505.856097787,1244301.396127472,74.0350546098592,18.871619645471963
3079,4877247.501012072,1245973.1591242189,74.0350546098592,18.91347340052735
3080,4872993.68533903,1247645.7974661128,74.0350546098592,18.955395946247474
3081,4868744.403435785,1249319.309895292,74.0350546098592,18.9973873485695
3082,4864499.649667324,1250993.6951529237,74.0350546098592,19.039447673425208
3083,4860259.418406515,1252668.9519791887,74.0350546098592,19.08157698674046
3084,4856023.704034079,1254345.0791132955,74.0350546098592,19.1237753544354
3085,4851792.500938571,1256022.0752934727,74.0350546098592,19.16604284242417
3086,4847565.803516385,1257699.939256983,74.0350546098592,19.208379516614976
3087,4843343.606171734,1259378.669740118,74.0350546098592,19.250785442909887
3088,4839125.903316629,1261058.2654782117,74.03505460985922,19.293260687204924
3089,4834912.689370895,1262738.7252056412,74.0350546098592,19.335805315389862
3090,4830703.9587621195,1264420.0476558309,74.0350546098592,19.37841939334829
3091,4826499.705925674,1266102.2315612412,74.0350546098592,19.421102986957184
3092,4822299.925304693,1267785.275653396,74.0350546098592,19.463856162087236
3093,4818104.611350048,1269469.1786628796,74.0350546098592,19.50667898460271
3094,4813913.758520356,1271153.9393193256,74.0350546098592,19.549571520361077
3095,4809727.36128196,1272839.5563514475,74.0350546098592,19.592533835213377
3096,4805545.414108909,1274526.0284870043,74.0350546098592,19.63556599500359
3097,4801367.911482965,1276213.3544528487,74.0350546098592,19.67866806556915
3098,4797194.847893565,1277901.5329748972,74.0350546098592,19.721840112740487
3099,4793026.217837839,1279590.5627781523,74.0350546098592,19.7650822023411
3100,4788862.015820574,1281280.442586686,74.0350546098592,19.808394400187286
3101,4784702.23635422,1282971.1711236786,74.0350546098592,19.851776772088492
3102,4780546.873958862,1284662.7471113852,74.0350546098592,19.89522938384676
3103,4776395.923162227,1286355.1692711595,74.0350546098592,19.93875230125691
3104,4772249.378499658,1288048.4363234562,74.0350546098592,19.982345590106437
3105,4768107.234514107,1289742.5469878258,74.0350546098592,20.026009316175344
3106,4763969.485756121,1291437.499982929,74.0350546098592,20.069743545236214
3107,4759836.126783836,1293133.2940265383,74.0350546098592,20.11354834305406
3108,4755707.152162971,1294829.9278355367,74.0350546098592,20.157423775386185
3109,4751582.556466791,1296527.4001259203,74.0350546098592,20.201369907982183
3110,4747462.334276131,1298225.7096128135,74.0350546098592,20.245386806583873
3111,4743346.480179347,1299924.8550104569,74.0350546098592,20.289474536925166
3112,4739234.9887723485,1301624.8350322284,74.03505460985922,20.333633164732063
3113,4735127.854658541,1303325.6483906305,74.0350546098592,20.3778627557225
3114,4731025.072448848,1305027.293797304,74.0350546098592,20.422163375606335
3115,4726926.636761684,1306729.769963033,74.0350546098592,20.4665350900853
3116,4722832.5422229525,1308433.0755977363,74.0350546098592,20.510977964852742
3117,4718742.783466016,1310137.2094104853,74.03505460985919,20.555492065593825
3118,4714657.355131717,1311842.1701095018,74.0350546098592,20.600077457985233
3119,4710576.251868337,1313547.9564021642,74.0350546098592,20.644734207695254
3120,4706499.468331598,1315254.5669949988,74.0350546098592,20.689462380383485
3121,4702426.999184648,1316962.0005937074,74.0350546098592,20.73426204170108
3122,4698358.839098053,1318670.25590315,74.0350546098592,20.779133257290407
3123,4694294.982749785,1320379.3316273524,74.0350546098592,20.82407609278501
3124,4690235.424825213,1322089.2264695219,74.03505460985922,20.869090613809693
3125,4686180.160017079,1323799.9391320364,74.0350546098592,20.91417688598029
3126,4682129.183025506,1325511.468316456,74.0350546098592,20.959334974903634
3127,4678082.488557974,1327223.8127235235,74.0350546098592,21.004564946177496
3128,4674040.071329312,1328936.9710531726,74.0350546098592,21.049866865390534
3129,4670001.92606169,1330650.9420045256,74.0350546098592,21.095240798122166
3130,4665968.047484602,1332365.7242759007,74.0350546098592,21.140686809942512
3131,4661938.430334858,1334081.3165648174,74.0350546098592,21.186204966412383
3132,4657913.069356582,1335797.7175679929,74.0350546098592,21.231795333083053
3133,4653891.959301177,1337514.9259813526,74.0350546098592,21.27745797549636
3134,4649875.094927345,1339232.9405000373,74.0350546098592,21.323192959184595
3135,4645862.471001046,1340951.7598183893,74.0350546098592,21.36900034967025
3136,4641854.082295513,1342671.382629983,74.0350546098592,21.41488021246627
3137,4637849.923591225,1344391.8076276,74.0350546098592,21.46083261307559
3138,4633849.989675896,1346113.0335032574,74.0350546098592,21.506857616991468
3139,4629854.275344476,1347835.058948195,74.0350546098592,21.552955289697092
3140,4625862.775399132,1349557.8826528848,74.0350546098592,21.599125696665613
3141,4621875.484649227,1351281.5033070352,74.0350546098592,21.645368903360147
3142,4617892.39791133,1353005.9195995952,74.0350546098592,21.69168497523363
3143,4613913.5100091975,1354731.1302187569,74.0350546098592,21.738073977728725
3144,4609938.8157737525,1356457.1338519526,74.0350546098592,21.784535976277716
3145,4605968.310043086,1358183.9291858757,74.0350546098592,21.831071036302642
3146,4602001.987662438,1359911.5149064662,74.0350546098592,21.877679223214983
3147,4598039.843484195,1361639.8896989233,74.0350546098592,21.924360602415682
3148,4594081.872367874,1363369.0522477094,74.0350546098592,21.9711152392951
3149,4590128.069180106,1365099.0012365484,74.0350546098592,22.017943199232892
3150,4586178.428794635,1366829.7353484344,74.0350546098592,22.06484454759797
3151,4582232.94609231,1368561.253265636,74.0350546098592,22.11181934974843
3152,4578291.615961063,1370293.5536696943,74.0350546098592,22.158867671031434
3153,4574354.433295902,1372026.6352414305,74.0350546098592,22.205989576783168
3154,4570421.392998904,1373760.4966609525,74.03505460985919,22.253185132328845
3155,4566492.489979205,1375495.1366076474,74.0350546098592,22.30045440298242
3156,4562567.7191529805,1377230.5537602035,74.0350546098592,22.34779745404684
3157,4558647.075443444,1378966.7467965893,74.0350546098592,22.39521435081358
3158,4554730.553780838,1380703.7143940886,74.0350546098592,22.442705158563015
3159,4550818.149102412,1382441.455229265,74.0350546098592,22.490269942563813
3160,4546909.856352418,1384179.9679780067,74.0350546098592,22.53790876807348
3161,4543005.670482113,1385919.251315502,74.0350546098592,22.585621700337775
3162,4539105.586449721,1387659.303916244,74.0350546098592,22.633408804590786
3163,4535209.599220447,1389400.124454063,74.0350546098592,22.6812701460552
3164,4531317.703766455,1391141.7116020788,74.0350546098592,22.729205789941496
3165,4527429.895066855,1392884.0640327593,74.0350546098592,22.77721580144869
3166,4523546.168107706,1394627.1804178858,74.0350546098592,22.825300245763668
3167,4519666.517881994,1396371.059428578,74.0350546098592,22.873459188061478
3168,4515790.93938962,1398115.6997352794,74.0350546098592,22.92169269350495
3169,4511919.427637402,1399861.1000077804,74.03505460985919,22.970000827244927
3170,4508051.977639045,1401607.2589152064,74.0350546098592,23.018383654420006
3171,4504188.584415152,1403354.1751260252,74.0350546098592,23.06684124015642
3172,4500329.242993206,1405101.8473080634,74.0350546098592,23.115373649568234
3173,4496473.9484075485,1406850.2741284904,74.0350546098592,23.163980947757004
3174,4492622.695699382,1408599.454253829,74.03505460985919,23.21266319981175
3175,4488775.479916754,1410349.3863499665,74.0350546098592,23.26142047080902
3176,4484932.296114561,1412100.069082151,74.0350546098592,23.31025282581268
3177,4481093.139354507,1413851.5011149903,74.03505460985922,23.35916032987386
3178,4477258.004705127,1415603.681112481,74.0350546098592,23.40814304803117
3179,4473426.887241749,1417356.6077379684,74.0350546098592,23.457201045310057
3180,4469599.782046514,1419110.2796541841,74.0350546098592,23.506334386723108
3181,4465776.684208327,1420864.695523247,74.0350546098592,23.55554313727016
3182,4461957.588822889,1422619.8540066548,74.03505460985919,23.604827361937815
3183,4458142.490992652,1424375.7537652848,74.0350546098592,23.654187125699487
3184,4454331.385826827,1426132.3934594132,74.03505460985919,23.7036224935155
3185,4450524.268441373,1427889.7717487097,74.0350546098592,23.75313353033291
3186,4446721.133958978,1429647.887292243,74.0350546098592,23.802720301085444
3187,4442921.97750906,1431406.7387484836,74.0350546098592,23.852382870693422
3188,4439126.794227748,1433166.3247752995,74.0350546098592,23.902121304063574
3189,4435335.579257873,1434926.6440299705,74.0350546098592,23.95193566608916
3190,4431548.327748966,1436687.6951691962,74.0350546098592,24.00182602164989
3191,4427765.034857241,1438449.4768490887,74.0350546098592,24.05179243561177
3192,4423985.695745582,1440211.9877251685,74.0350546098592,24.10183497282688
3193,4420210.305583541,1441975.2264523907,74.0350546098592,24.151953698133635
3194,4416438.859547323,1443739.1916851278,74.0350546098592,24.20214867635645
3195,4412671.352819774,1445503.882077191,74.0350546098592,24.252419972305884
3196,4408907.780590382,1447269.296281822,74.0350546098592,24.302767650778417
3197,4405148.13805525,1449035.4329516932,74.0350546098592,24.353191776556333
3198,4401392.420417105,1450802.2907389242,74.0350546098592,24.403692414407843
3199,4397640.622885266,1452569.868295073,74.0350546098592,24.454269629086845
3200,4393892.74067566,1454338.164271152,74.03505460985922,24.504923485332995
3201,4390148.769010786,1456107.1773176063,74.03505460985919,24.5556540478713
3202,4386408.703119728,1457876.9060843615,74.0350546098592,24.606461381412732
3203,4382672.538238127,1459647.3492207804,74.0350546098592,24.657345550653396
3204,4378940.269608185,1461418.5053756973,74.03505460985919,24.708306620274964
3205,4375211.892478645,1463190.373197405,74.0350546098592,24.759344654944364
3206,4371487.402104784,1464962.9513336658,74.0350546098592,24.810459719313798
3207,4367766.79374841,1466736.2384317191,74.0350546098592,24.861651878020737
3208,4364050.062677844,1468510.23313827,74.0350546098592,24.91292119568765
3209,4360337.204167913,1470284.9340995103,74.0350546098592,24.964267736922178
3210,4356628.2134999335,1472060.3399611074,74.03505460985919,25.01569156631688
3211,4352923.085961723,1473836.4493682168,74.0350546098592,25.067192748449227
3212,4349221.816847564,1475613.2609654844,74.0350546098592,25.118771347881584
3213,4345524.401458206,1477390.773397049,74.0350546098592,25.170427429161133
3214,4341830.835100859,1479168.985306538,74.0350546098592,25.22216105681963
3215,4338141.113089188,1480947.895337084,74.0350546098592,25.27397229537354
3216,4334455.230743278,1482727.5021313236,74.0350546098592,25.325861209323996
3217,4330773.183389663,1484507.8043313955,74.03505460985922,25.377827863156476
3218,4327094.966361271,1486288.8005789472,74.0350546098592,25.42987232134101
3219,4323420.574997471,1488070.4895151453,74.03505460985922,25.48199464833193
3220,4319750.004644003,1489852.8697806671,74.0350546098592,25.534194908567915
3221,4316083.250653007,1491635.9400157123,74.0350546098592,25.586473166471887
3222,4312420.308383008,1493419.698860001,74.0350546098592,25.63882948645083
3223,4308761.173198896,1495204.1449527803,74.0350546098592,25.691263932895872
3224,4305105.840471919,1496989.2769328319,74.0350546098592,25.74377657018227
3225,4301454.3055796875,1498775.093438465,74.0350546098592,25.796367462669057
3226,4297806.563906146,1500561.5931075318,74.03505460985919,25.849036674699317
3227,4294162.61084157,1502348.7745774214,74.0350546098592,25.90178427059991
3228,4290522.441782566,1504136.6364850618,74.0350546098592,25.954610314681325
3229,4286886.052132044,1505925.1774669397,74.0350546098592,26.007514871237973
3230,4283253.437299226,1507714.3961590766,74.03505460985919,26.060498004547593
3231,4279624.592699631,1509504.2911970653,74.03505460985919,26.11355977887176
3232,4275999.51375505,1511294.8612160427,74.0350546098592,26.16670025845537
3233,4272378.195893566,1513086.1048507132,74.03505460985919,26.219919507526757
3234,4268760.634549513,1514878.0207353402,74.0350546098592,26.273217590297623
3235,4265146.825163502,1516670.6075037606,74.0350546098592,26.326594570962936
3236,4261536.763182368,1518463.8637893738,74.0350546098592,26.380050513700848
3237,4257930.444059201,1520257.7882251635,74.0350546098592,26.433585482672775
3238,4254327.863253317,1522052.3794436818,74.0350546098592,26.487199542023045
3239,4250729.016230248,1523847.6360770685,74.0350546098592,26.54089275587913
3240,4247133.898461737,1525643.5567570429,74.0350546098592,26.5946651883514
3241,4243542.5054257335,1527440.1401149142,74.0350546098592,26.64851690353305
3242,4239954.83260637,1529237.384781576,74.0350546098592,26.70244796550009
3243,4236370.875493969,1531035.2893875332,74.03505460985922,26.756458438311483
3244,4232790.629585025,1532833.8525628678,74.03505460985919,26.81054838600852
3245,4229214.090382193,1534633.07293728,74.0350546098592,26.86471787261544
3246,4225641.253394291,1536432.9491400595,74.0350546098592,26.918966962138715
3247,4222072.114136268,1538233.4798001142,74.03505460985922,26.97329571856754
3248,4218506.668129221,1540034.6635459585,74.0350546098592,27.027704205873412
3249,4214944.910900377,1541836.4990057228,74.0350546098592,27.082192488010154
3250,4211386.83798307,1543638.9848071567,74.03505460985919,27.136760628913965
3251,4207832.444916757,1545442.1195776267,74.0350546098592,27.19140869250312
3252,4204281.72724698,1547245.9019441223,74.0350546098592,27.246136742678065
3253,4200734.680525376,1549050.3305332684,74.03505460985922,27.30094484332148
3254,4197191.300309673,1550855.4039713116,74.0350546098592,27.355833058297808
3255,4193651.5821636636,1552661.120884139,74.0350546098592,27.4108014514536
3256,4190115.521657198,1554467.47989728,74.0350546098592,27.465850086617415
3257,4186583.114366196,1556274.4796358887,74.0350546098592,27.52097902759925
3258,4183054.355872614,1558082.1187247776,74.0350546098592,27.576188338191145
3259,4179529.2417644374,1559890.395788402,74.0350546098592,27.63147808216679
3260,4176007.7676356947,1561699.3094508615,74.0350546098592,27.68684832328128
3261,4172489.9290864198,1563508.8583359292,74.0350546098592,27.742299125271696
3262,4168975.7217226666,1565319.041067015,74.0350546098592,27.79783055185615
3263,4165465.1411564825,1567129.8562671915,74.0350546098592,27.853442666734285
3264,4161958.1830058987,1568941.302559209,74.0350546098592,27.909135533587374
3265,4158454.8428949495,1570753.378565472,74.0350546098592,27.96490921607762
3266,4154955.116453621,1572566.0829080567,74.0350546098592,28.020763777848604
3267,4151458.999317881,1574379.4142087211,74.0350546098592,28.076699282525123
3268,4147966.4871296426,1576193.3710888918,74.0350546098592,28.13271579371296
3269,4144477.5755367666,1578007.952169685,74.0350546098592,28.188813374999114
3270,4140992.2601930597,1579823.1560718827,74.0350546098592,28.24499208995116
3271,4137510.5367582454,1581638.9814159728,74.0350546098592,28.301252002118005
3272,4134032.400897973,1583455.426822119,74.0350546098592,28.35759317502909
3273,4130557.8482838124,1585272.4909101885,74.0350546098592,28.414015672194765
3274,4127086.874593219,1587090.1722997401,74.0350546098592,28.470519557106098
3275,4123619.4755095523,1588908.4696100338,74.0350546098592,28.52710489323475
3276,4120155.6467220574,1590727.3814600264,74.0350546098592,28.583771744032862
3277,4116695.3839258486,1592546.9064683917,74.0350546098592,28.640520172933307
3278,4113238.682821917,1594367.0432534965,74.0350546098592,28.697350243349078
3279,4109785.539117104,1596187.790433439,74.0350546098592,28.754262018673895
3280,4106335.948524101,1598009.1466260264,74.0350546098592,28.811255562281712
3281,4102889.906761453,1599831.110448776,74.0350546098592,28.868330937526487
3282,4099447.4095535167,1601653.680518937,74.0350546098592,28.925488207742674
3283,4096008.4526304924,1603476.855453482,74.0350546098592,28.98272743624467
3284,4092573.031728384,1605300.6338691027,74.0350546098592,29.040048686326863
3285,4089141.142589001,1607125.0143822425,74.0350546098592,29.097452021263994
3286,4085712.780959962,1608949.9956090609,74.0350546098592,29.154937504310304
3287,4082287.9425946637,1610775.5761654687,74.0350546098592,29.212505198700235
3288,4078866.623252282,1612601.7546671086,74.0350546098592,29.27015516764786
3289,4075448.8186977743,1614428.5297293635,74.0350546098592,29.32788747434685
3290,4072034.524701858,1616255.8999673838,74.0350546098592,29.38570218197094
3291,4068623.7370409947,1618083.863996057,74.0350546098592,29.4435993536733
3292,4065216.4514974104,1619912.4204300186,74.0350546098592,29.5015790525864
3293,4061812.663859054,1621741.5678836778,74.0350546098592,29.559641341822626
3294,4058412.3699196074,1623571.304971188,74.0350546098592,29.617786284473436
3295,4055015.5654784758,1625401.6303064728,74.0350546098592,29.676013943609767
3296,4051622.2463407726,1627232.5425032289,74.0350546098592,29.734324382281997
3297,4048232.408317321,1629064.0401749162,74.0350546098592,29.792717663519564
3298,4044846.047224627,1630896.1219347646,74.0350546098592,29.85119385033111
3299,4041463.158884896,1632728.7863957854,74.0350546098592,29.9097530057044
3300,4038083.7391260043,1634562.0321707635,74.0350546098592,29.968395192606174
3301,4034707.783781494,1636395.857872274,74.0350546098592,30.02712047398234
3302,4031335.288690584,1638230.2621126757,74.0350546098592,30.085928912757566
3303,4027966.2496981276,1640065.2435041114,74.0350546098592,30.144820571835428
3304,4024600.662654628,1641900.8006585161,74.0350546098592,30.20379551409827
3305,4021238.5234162337,1643736.932187625,74.0350546098592,30.26285380240719
3306,4017879.827844709,1645573.6367029657,74.0350546098592,30.321995499601936
3307,4014524.5718074357,1647410.912815866,74.0350546098592,30.381220668500863
3308,4011172.751177422,1649248.7591374682,74.0350546098592,30.440529371900933
3309,4007824.3618332613,1651087.1742787093,74.0350546098592,30.499921672577496
3310,4004479.3996591517,1652926.1568503436,74.0350546098592,30.55939763328437
3311,4001137.8605448725,1654765.7054629377,74.0350546098592,30.618957316753725
3312,3997799.740385776,1656605.8187268784,74.0350546098592,30.678600785696155
3313,3994465.035082794,1658446.495252354,74.0350546098592,30.73832810280005
3314,3991133.740542414,1660287.7336494043,74.0350546098592,30.798139330732546
3315,3987805.852676673,1662129.5325278784,74.0350546098592,30.85803453213861
3316,3984481.36740316,1663971.890497449,74.0350546098592,30.9180137696411
3317,3981160.280644986,1665814.806167636,74.0350546098592,30.97807710584125
3318,3977842.588330808,1667658.278147783,74.0350546098592,31.038224603317854
3319,3974528.2863947884,1669502.3050470704,74.0350546098592,31.098456324627694
3320,3971217.370776603,1671346.8854745321,74.0350546098592,31.15877233230552
3321,3967909.83742144,1673192.0180390354,74.0350546098592,31.21917268886357
3322,3964605.6822799756,1675037.7013492996,74.0350546098592,31.279657456791913
3323,3961304.901308368,1676883.9340138936,74.0350546098592,31.340226698558244
3324,3958007.490468266,1678730.7146412332,74.0350546098592,31.400880476607608
3325,3954713.4457267746,1680578.0418396,74.0350546098592,31.461618853362843
3326,3951422.7630564785,1682425.9142171352,74.0350546098592,31.522441891224066
3327,3948135.4384354022,1684274.3303818344,74.0350546098592,31.58334965256876
3328,3944851.4678470176,1686123.2889415629,74.0350546098592,31.644342199751748
3329,3941570.8472802457,1687972.7885040564,74.0350546098592,31.705419595105102
3330,3938293.5727294222,1689822.8276769198,74.0350546098592,31.766581900938135
3331,3935019.640194321,1691673.405067629,74.0350546098592,31.827829179537098
3332,3931749.045680118,1693524.5192835517,74.0350546098592,31.889161493165673
3333,3928481.7851973968,1695376.168931917,74.0350546098592,31.950578904064184
3334,3925217.854762145,1697228.3526198533,74.0350546098592,32.01208147445015
3335,3921957.2503957315,1699081.0689543625,74.0350546098592,32.07366926651778
3336,3918699.968124911,1700934.3165423488,74.0350546098592,32.13534234243836
3337,3915446.0039818124,1702788.0939905972,74.0350546098592,32.197100764359696
3338,3912195.3540039337,1704642.3999058006,74.0350546098592,32.25894459440649
3339,3908948.0142341224,1706497.2328945398,74.0350546098592,32.32087389468
3340,3905703.980720586,1708352.5915633033,74.0350546098592,32.38288872725808
3341,3902463.249516861,1710208.474518478,74.0350546098592,32.4449891541951
3342,3899225.816681835,1712064.8803663664,74.0350546098592,32.507175237521935
3343,3895991.6782797063,1713921.8077131724,74.0350546098592,32.569447039245816
3344,3892760.830379997,1715779.2551650305,74.0350546098592,32.6318046213506
3345,3889533.269057545,1717637.2213279682,74.0350546098592,32.694248045795945
3346,3886308.990392481,1719495.7048079437,74.0350546098592,32.75677737451803
3347,3883087.990470237,1721354.7042108432,74.0350546098592,32.81939266942929
3348,3879870.2653815337,1723214.2181424694,74.0350546098592,32.88209399241805
3349,3876655.8112223567,1725074.245208556,74.0350546098592,32.94488140534887
3350,3873444.624093983,1726934.7840147652,74.0350546098592,33.007754970062116
3351,3870236.7001029407,1728795.8331667038,74.0350546098592,33.070714748374336
3352,3867032.035361009,1730657.391269903,74.0350546098592,33.1337608020778
3353,3863830.625985231,1732519.456929838,74.0350546098592,33.19689319294051
3354,3860632.4680978726,1734382.0287519272,74.0350546098592,33.26011198270637
3355,3857437.5578264394,1736245.105341539,74.0350546098592,33.32341723309503
3356,3854245.8913036655,1738108.6853039842,74.0350546098592,33.3868090058016
3357,3851057.4646674935,1739972.7672445278,74.0350546098592,33.45028736249691
3358,3847872.274061082,1741837.3497683886,74.0350546098592,33.51385236482722
3359,3844690.315632786,1743702.4314807444,74.0350546098592,33.57750407441433
3360,3841511.5855361517,1745568.0109867349,74.0350546098592,33.64124255285551
3361,3838336.0799299204,1747434.086891452,74.0350546098592,33.70506786172308
3362,3835163.794978004,1749300.6577999757,74.0350546098592,33.76898006256513
3363,3831994.726849489,1751167.7223173294,74.0350546098592,33.832979216904455
3364,3828828.8717186204,1753035.2790485274,74.0350546098592,33.89706538623945
3365,3825666.225764798,1754903.3265985474,74.0350546098592,33.961238632043376
3366,3822506.785172578,1756771.8635723505,74.0350546098592,34.02549901576461
3367,3819350.5461316453,1758640.888574876,74.0350546098592,34.08984659882656
3368,3816197.5048368215,1760510.4002110509,74.0350546098592,34.154281442627656
3369,3813047.657488059,1762380.3970857821,74.0350546098592,34.21880360854101
3370,3809901.000290418,1764250.8778039676,74.0350546098592,34.28341315791467
3371,3806757.529454069,1766121.8409705015,74.0350546098592,34.348110152071555
3372,3803617.241194294,1767993.2851902677,74.0350546098592,34.41289465230911
3373,3800480.1317314543,1769865.2090681454,74.0350546098592,34.477766719899506
3374,3797346.197291016,1771737.6112090228,74.0350546098592,34.54272641608953
3375,3794215.4341035113,1773610.4902177863,74.0350546098592,34.607773802100525
3376,3791087.8384045456,1775483.8446993295,74.0350546098592,34.67290893912833
3377,3787963.4064347963,1777357.6732585519,74.0350546098592,34.738131888343055
3378,3784842.134439987,1779231.9745003693,74.0350546098592,34.803442710889406
3379,3781724.0186709,1781106.7470297036,74.0350546098592,34.868841467886114
3380,3778609.055383358,1782981.9894515113,74.0350546098592,34.93432822042652
3381,3775497.240838209,1784857.7003707562,74.0350546098592,34.99990302957801
3382,3772388.571301344,1786733.878392424,74.0350546098592,35.065565956381924
3383,3769283.0430436563,1788610.5221215258,74.0350546098592,35.131317061853835
3384,3766180.652341061,1790487.6301631099,74.0350546098592,35.19715640698344
3385,3763081.395474484,1792365.2011222544,74.0350546098592,35.263084052734285
3386,3759985.2687298357,1794243.2336040628,74.0350546098592,35.32910006004383
3387,3756892.2683980195,1796121.7262136901,74.0350546098592,35.3952044898236
3388,3753802.3907749294,1798000.6775563068,74.0350546098592,35.461397402958376
3389,3750715.632161425,1799880.0862371598,74.0350546098592,35.52767886030747
3390,3747631.988863341,1801759.950861504,74.0350546098592,35.594048922703045
3391,3744551.4571914705,1803640.2700346806,74.0350546098592,35.6605076509517
3392,3741474.0334615544,1805521.0423620518,74.0350546098592,35.72705510583305
3393,3738399.7139942874,1807402.266449047,74.0350546098592,35.79369134810044
3394,3735328.4951152992,1809283.9409011507,74.0350546098592,35.86041643848068
3395,3732260.3731551543,1811166.0643239005,74.0350546098592,35.92723043767383
3396,3729195.3444493324,1813048.6353228986,74.0350546098592,35.994133406353455
3397,3726133.4053382385,1814931.6525038246,74.0350546098592,36.06112540516659
3398,3723074.552167187,1816815.11447241,74.0350546098592,36.1282064947332
3399,3720018.78128639,1818699.0198344602,74.0350546098592,36.19537673564656
3400,3716966.089050952,1820583.3671958577,74.0350546098592,36.26263618847318
3401,3713916.471820878,1822468.1551625477,74.0350546098592,36.32998491375228
3402,3710869.925961038,1824353.3823405697,74.0350546098592,36.39742297199655
3403,3707826.44784119,1826239.0473360429,74.0350546098592,36.46495042369151
3404,3704786.033835947,1828125.1487551609,74.0350546098592,36.53256732929548
3405,3701748.6803247854,1830011.685204211,74.0350546098592,36.60027374923977
3406,3698714.383692038,1831898.65528956,74.0350546098592,36.66806974392824
3407,3695683.1403268706,1833786.0576176783,74.0350546098592,36.73595537373784
3408,3692654.946623294,1835673.8907951256,74.0350546098592,36.80393069901803
3409,3689629.7989801574,1837562.1534285583,74.0350546098592,36.87199578009084
3410,3686607.6938011167,1839450.8441247405,74.0350546098592,36.94015067725119
3411,3683588.627494658,1841339.9614905214,74.0350546098592,37.00839545076603
3412,3680572.59647407,1843229.5041328743,74.0350546098592,37.076730160875236
3413,3677559.597157437,1845119.4706588734,74.0350546098592,37.145154867791035
3414,3674549.625967653,1847009.8596756943,74.0350546098592,37.21366963169765
3415,3671542.6793323923,1848900.6697906426,74.0350546098592,37.28227451275207
3416,3668538.7536841063,1850791.8996111306,74.0350546098592,37.350969571083354
3417,3665537.8454600284,1852683.547744689,74.0350546098592,37.4197548667927
3418,3662539.9511021506,1854575.6127989704,74.0350546098592,37.48863045995355
3419,3659545.067057229,1856468.0933817541,74.0350546098592,37.55759641061144
3420,3656553.189776774,1858360.988100943,74.0350546098592,37.62665277878386
3421,3653564.3157170364,1860254.2955645728,74.0350546098592,37.695799624460435
3422,3650578.4413390136,1862148.0143808103,74.0350546098592,37.76503700760262
3423,3647595.5631084265,1864042.143157951,74.0350546098592,37.83436498814374
3424,3644615.677495723,1865936.6805044322,74.0350546098592,37.90378362598896
3425,3641638.7809760743,1867831.6250288375,74.0350546098592,37.97329298101534
3426,3638664.870029352,1869726.9753398772,74.0350546098592,38.04289311307145
3427,3635693.9411401474,1871622.7300464197,74.0350546098592,38.112584081977616
3428,3632725.9907977344,1873518.887757481,74.0350546098592,38.18236594752592
3429,3629761.0154960784,1875415.4470822194,74.0350546098592,38.252238769479845
3430,3626799.011733838,1877312.406629955,74.0350546098592,38.32220260757445
3431,3623839.976014339,1879209.7650101501,74.0350546098592,38.39225752151608
3432,3620883.9048455763,1881107.5208324394,74.0350546098592,38.462403570982765
3433,3617930.794740217,1883005.6727066159,74.0350546098592,38.53264081562375
3434,3614980.642215574,1884904.219242626,74.0350546098592,38.60296931505949
3435,3612033.4437936107,1886803.159050593,74.0350546098592,38.67338912888185
3436,3609089.196000938,1888702.4907407993,74.0350546098592,38.74390031665369
3437,3606147.8953687954,1890602.2129237056,74.0350546098592,38.814502937909204
3438,3603209.538433055,1892502.3242099443,74.0350546098592,38.88519705215358
3439,3600274.1217342108,1894402.8232103265,74.0350546098592,38.95598271886311
3440,3597341.641817368,1896303.708535833,74.0350546098592,39.02685999748491
3441,3594412.0952322427,1898204.9787976355,74.0350546098592,39.0978289474372
3442,3591485.4785331483,1900106.6326070863,74.0350546098592,39.16888962810905
3443,3588561.7882790025,1902008.668575722,74.0350546098592,39.240042098860215
3444,3585641.0210332987,1903911.0853152666,74.0350546098592,39.31128641902132
3445,3582723.1733641177,1905813.8814376437,74.0350546098592,39.382622647893804
3446,3579808.241844115,1907717.0555549653,74.0350546098592,39.45405084474967
3447,3576896.223050511,1909620.606279539,74.0350546098592,39.525571068831546
3448,3573987.1135650864,1911524.532223871,74.0350546098592,39.59718337935261
3449,3571080.9099741816,1913428.8320006747,74.0350546098592,39.668887835496626
3450,3568177.6088686776,1915333.5042228596,74.0350546098592,39.74068449641775
3451,3565277.2068439974,1917238.5475035552,74.0350546098592,39.812573421240764
3452,3562379.7005001055,1919143.9604560835,74.0350546098592,39.88455466906044
3453,3559485.086441481,1921049.7416939891,74.0350546098592,39.9566282989422
3454,3556593.3612771393,1922955.8898310235,74.0350546098592,40.02879436992141
3455,3553704.5216205954,1924862.4034811629,74.0350546098592,40.101052941003985
3456,3550818.564089876,1926769.2812585908,74.0350546098592,40.173404071165685
3457,3547935.48530752,1928676.5217777332,74.0350546098592,40.24584781935272
3458,3545055.281900541,1930584.1236532184,74.0350546098592,40.31838424448108
3459,3542177.9505004594,1932492.085499911,74.0350546098592,40.39101340543677
3460,3539303.487743265,1934400.4059329047,74.0350546098592,40.4637353610759
3461,3536431.8902694206,1936309.0835675218,74.0350546098592,40.53655017022441
3462,3533563.1547238673,1938218.1170193222,74.0350546098592,40.60945789167806
3463,3530697.2777560004,1940127.5049041016,74.0350546098592,40.68245858420251
3464,3527834.2560196705,1942037.2458378947,74.0350546098592,40.75555230653313
3465,3524974.0861731805,1943947.3384369742,74.0350546098592,40.82873911737491
3466,3522116.7648792705,1945857.7813178578,74.0350546098592,40.90201907540256
3467,3519262.2888051155,1947768.5730973145,74.0350546098592,40.97539223926048
3468,3516410.6546223266,1949679.7123923476,74.0350546098592,41.04885866756228
3469,3513561.8590069287,1951591.197820243,74.0350546098592,41.1224184188918
3470,3510715.8986393684,1953503.0279985024,74.0350546098592,41.196071551801474
3471,3507872.7702045017,1955415.2015449062,74.0350546098592,41.26981812481364
3472,3505032.470391577,1957327.7170774867,74.0350546098592,41.34365819641994
3473,3502194.995894256,1959240.5732145326,74.0350546098592,41.41759182508107
3474,3499360.3434105776,1961153.7685746143,74.0350546098592,41.49161906922748
3475,3496528.509642972,1963067.3017765493,74.0350546098592,41.56573998725837
3476,3493699.491298243,1964981.171439424,74.0350546098592,41.63995463754213
3477,3490873.2850875617,1966895.376182606,74.0350546098592,41.71426307841656
3478,3488049.8877264718,1968809.9146257297,74.0350546098592,41.788665368188255
3479,3485229.2959348666,1970724.7853886976,74.0350546098592,41.86316156513278
3480,3482411.5064369976,1972639.9870917092,74.0350546098592,41.937751727495
3481,3479596.51596146,1974555.5183552247,74.0350546098592,42.012435913488275
3482,3476784.3212411855,1976471.377800001,74.0350546098592,42.087214181295174
3483,3473974.919013437,1978387.5640470695,74.0350546098592,42.162086589066874
3484,3471168.306019812,1980304.075717753,74.0350546098592,42.2370531949233
3485,3468364.4790062164,1982220.9114336593,74.0350546098592,42.31211405695313
3486,3465563.4347228804,1984138.0698167013,74.0350546098592,42.38726923321387
3487,3462765.1699243337,1986055.549489076,74.0350546098592,42.4625187817315
3488,3459969.6813694094,1987973.349073274,74.0350546098592,42.53786276050048
3489,3457176.9658212382,1989891.467192093,74.0350546098592,42.613301227483966
3490,3454387.0200472325,1991809.902468629,74.0350546098592,42.688834240613545
3491,3451599.8408190943,1993728.6535262766,74.0350546098592,42.76446185778906
3492,3448815.4249127973,1995647.7189887466,74.0350546098592,42.840184136878996
3493,3446033.769108583,1997567.097480057,74.0350546098592,42.91600113572015
3494,3443254.8701909613,1999486.787624525,74.0350546098592,42.99191291211732
3495,3440478.7249486973,2001406.7880467921,74.0350546098592,43.067919523843784
3496,3437705.330174803,2003327.097371813,74.0350546098592,43.144021028640985
3497,3434934.6826665397,2005247.714224848,74.0350546098592,43.220217484218225
3498,3432166.779225408,2007168.6372315052,74.0350546098592,43.29650894825347
3499,3429401.616657133,2009089.8650176858,74.0350546098592,43.37289547839218
3500,3426639.1917716786,2011011.3962096346,74.0350546098592,43.4493771322481
3501,3423879.501383215,2012933.2294339177,74.0350546098592,43.52595396740293
3502,3421122.5423101387,2014855.363317422,74.0350546098592,43.60262604140597
3503,3418368.3113750424,2016777.796487374,74.0350546098592,43.67939341177465
3504,3415616.8054047273,2018700.5275713408,74.0350546098592,43.756256135994285
3505,3412868.021230191,2020623.5551972114,74.0350546098592,43.83321427151765
3506,3410121.955686613,2022546.8779932286,74.0350546098592,43.91026787576562
3507,3407378.605613366,2024470.4945879574,74.0350546098592,43.98741700612624
3508,3404637.967853989,2026394.4036103243,74.0350546098592,44.064661719955694
3509,3401900.039256197,2028318.6036895842,74.0350546098592,44.14200207457733
3510,3399164.8166718734,2030243.0934553551,74.0350546098592,44.219438127282274
3511,3396432.296957053,2032167.871537594,74.0350546098592,44.29696993532903
3512,3393702.4769719285,2034092.9365666134,74.0350546098592,44.37459755594354
3513,3390975.353580841,2036018.2871730812,74.0350546098592,44.45232104631913
3514,3388250.9236522634,2037943.9219880197,74.0350546098592,44.53014046361652
3515,3385529.184058808,2039869.839642807,74.0350546098592,44.608055864963596
3516,3382810.131677222,2041796.0387691935,74.0350546098592,44.6860673074557
3517,3380093.763388363,2043722.517999281,74.0350546098592,44.76417484815523
3518,3377380.0760772154,2045649.2759655407,74.0350546098592,44.8423785440917
3519,3374669.066632868,2047576.311300812,74.0350546098592,44.92067845226185
3520,3371960.731948513,2049503.6226383082,74.0350546098592,44.999074629629554
3521,3369255.0689214487,2051431.2086115968,74.0350546098592,45.07756713312522
3522,3366552.074453056,2053359.0678546494,74.0350546098592,45.15615601964703
3523,3363851.7454488133,2055287.199001793,74.0350546098592,45.234841346059476
3524,3361154.078818271,2057215.600687734,74.0350546098592,45.313623169194045
3525,3358459.0714750523,2059144.2715475704,74.0350546098592,45.39250154584936
3526,3355766.720336859,2061073.2102167686,74.0350546098592,45.47147653279034
3527,3353077.022325449,2063002.4153311949,74.0350546098592,45.55054818674907
3528,3350389.974366636,2064931.8855270955,74.0350546098592,45.6297165644242
3529,3347705.5733902897,2066861.6194411076,74.0350546098592,45.70898172248097
3530,3345023.816330322,2068791.6157102576,74.0350546098592,45.788343717551236
3531,3342344.7001246805,2070721.8729719722,74.0350546098592,45.8678026062336
3532,3339668.2217153525,2072652.389864069,74.0350546098592,45.947358445092966
3533,3336994.3780483454,2074583.1650247616,74.0350546098592,46.02701129066079
3534,3334323.1660737,2076514.197092673,74.0350546098592,46.106761199434956
3535,3331654.582745461,2078445.4847068219,74.0350546098592,46.186608227879766
3536,3328988.625021684,2080377.0265066377,74.0350546098592,46.26655243242598
3537,3326325.289864435,2082308.821131948,74.0350546098592,46.346593869470375
3538,3323664.5742397727,2084240.8672229953,74.0350546098592,46.42673259537618
3539,3321006.475117755,2086173.163420431,74.0350546098592,46.50696866647269
3540,3318350.989472417,2088105.7083653267,74.0350546098592,46.58730213905563
3541,3315698.114281779,2090038.500699158,74.0350546098592,46.66773306938655
3542,3313047.8465278414,2091971.53906383,74.0350546098592,46.74826151369327
3543,3310400.183196565,2093904.8221016563,74.0350546098592,46.828887528169496
3544,3307755.121277876,2095838.3484553802,74.0350546098592,46.90961116897508
3545,3305112.657765662,2097772.116768165,74.0350546098592,46.99043249223569
3546,3302472.7896577623,2099706.125683606,74.0350546098592,47.07135155404301
3547,3299835.5139559563,2101640.3738457207,74.0350546098592,47.152368410454535
3548,3297200.827665974,2103574.8598989556,74.0350546098592,47.233483117493414
3549,3294568.727797468,2105509.582488195,74.0350546098592,47.314695731148845
3550,3291939.2113640313,2107444.540258755,74.0350546098592,47.39600630737556
3551,3289312.27538317,2109379.731856384,74.0350546098592,47.47741490209396
3552,3286687.9168763137,2111315.1559272837,74.0350546098592,47.558921571190425
3553,3284066.1328688073,2113250.8111180807,74.0350546098592,47.64052637051644
3554,3281446.92038989,2115186.6960758492,74.0350546098592,47.72222935588936
3555,3278830.2764727147,2117122.8094481104,74.0350546098592,47.804030583091915
3556,3276216.1981543214,2119059.149882829,74.0350546098592,47.88593010787233
3557,3273604.6824756404,2120995.716028431,74.0350546098592,47.96792798594453
3558,3270995.7264814875,2122932.50653377,74.0350546098592,48.05002427298722
3559,3268389.327220554,2124869.5200481745,74.0350546098592,48.132219024645025
3560,3265785.481745404,2126806.755221419,74.0350546098592,48.21451229652763
3561,3263184.187112473,2128744.2107037334,74.0350546098592,48.29690414420988
3562,3260585.4403820476,2130681.885145803,74.0350546098592,48.379394623231846
3563,3257989.2386182784,2132619.7771987994,74.0350546098592,48.46198378909927
3564,3255395.5788891637,2134557.885514326,74.0350546098592,48.5446716972823
3565,3252804.458266545,2136496.208744468,74.0350546098592,48.62745840321658
3566,3250215.873826104,2138434.7455417747,74.0350546098592,48.710343962302666
3567,3247629.822647353,2140373.494559262,74.0350546098592,48.79332842990614
3568,3245046.3018136304,2142312.454450423,74.0350546098592,48.876411861357674
3569,3242465.3084121053,2144251.623869217,74.0350546098592,48.959594311952536
3570,3239886.8395337546,2146191.001470091,74.0350546098592,49.042875836951325
3571,3237310.8922733706,2148130.585907952,74.0350546098592,49.126256491579
3572,3234737.4637295473,2150070.3758382024,74.0350546098592,49.20973633102569
3573,3232166.5510046803,2152010.369916719,74.0350546098592,49.29331541044614
3574,3229598.151204962,2153950.5667998516,74.0350546098592,49.37699378495953
3575,3227032.26144037,2155890.965144464,74.0350546098592,49.46077150965036
3576,3224468.8788246675,2157831.5636078827,74.0350546098592,49.544648639567235
3577,3221908.0004753955,2159772.3608479244,74.0350546098592,49.62862522972331
3578,3219349.6235138695,2161713.355522907,74.0350546098592,49.71270133509651
3579,3216793.7450651624,2163654.5462916405,74.0350546098592,49.79687701062937
3580,3214240.362258121,2165595.931813418,74.0350546098592,49.88115231122841
3581,3211689.472225341,2167537.510748057,74.0350546098592,49.96552729176534
3582,3209141.072103172,2169479.281755837,74.0350546098592,50.05000200707529
3583,3206595.159031708,2171421.243497573,74.0350546098592,50.13457651195859
3584,3204051.7301547783,2173363.3946345644,74.0350546098592,50.21925086117948
3585,3201510.782619954,2175305.733828614,74.0350546098592,50.3040251094663
3586,3198972.3135785274,2177248.2597420416,74.0350546098592,50.38889931151199
3587,3196436.320185525,2179190.971037669,74.0350546098592,50.4738735219733
3588,3193902.7995996806,2181133.8663788345,74.0350546098592,50.558947795471454
3589,3191371.748983443,2183076.944429387,74.0350546098592,50.644122186591666
3590,3188843.1655029776,2185020.203853687,74.0350546098592,50.72939674988301
3591,3186317.0463281376,2186963.643316606,74.0350546098592,50.81477153985867
3592,3183793.388632481,2188907.2614835487,74.0350546098592,50.90024661099599
3593,3181272.1895932616,2190851.0570204384,74.0350546098592,50.98582201773619
3594,3178753.4463914116,2192795.0285937074,74.0350546098592,51.07149781448413
3595,3176237.156211542,2194739.1748703257,74.0350546098592,51.15727405560896
3596,3173723.316241949,2196683.494517775,74.0350546098592,51.24315079544306
3597,3171211.9236745876,2198627.9862040826,74.0350546098592,51.32912808828325
3598,3168702.9757050877,2200572.64859779,74.0350546098592,51.41520598838951
3599,3166196.4695327347,2202517.480367988,74.0350546098592,51.50138454998603
3600,3163692.4023604607,2204462.4801842826,74.0350546098592,51.587663827260315
3601,3161190.7713948623,2206407.646716825,74.0350546098592,51.67404387436349
3602,3158691.573846164,2208352.978636305,74.0350546098592,51.760524745410514
3603,3156194.8069282416,2210298.474613943,74.0350546098592,51.84710649447951
3604,3153700.4678585925,2212244.133321505,74.0350546098592,51.93378917561238
3605,3151208.5538583496,2214189.953431313,74.0350546098592,52.02057284281464
3606,3148719.0621522674,2216135.933616214,74.0350546098592,52.107457550054825
3607,3146231.9899687166,2218082.0725496155,74.0350546098592,52.194443351265164
3608,3143747.3345396756,2220028.3689054633,74.0350546098592,52.281530300341096
3609,3141265.0931007396,2221974.821358258,74.0350546098592,52.36871845114129
3610,3138785.2628910956,2223921.428583051,74.0350546098592,52.45600785748781
3611,3136307.841153535,2225868.189255457,74.0350546098592,52.54339857316606
3612,3133832.8251344366,2227815.102051635,74.0350546098592,52.630890651924396
3613,3131360.212083763,2229762.1656483067,74.0350546098592,52.71848414747452
3614,3128889.9992550663,2231709.378722752,74.0350546098592,52.80617911349105
3615,3126422.183905463,2233656.739952815,74.0350546098592,52.89397560361194
3616,3123956.7632956477,2235604.2480168957,74.0350546098592,52.98187367143792
3617,3121493.73468988,2237551.9015939664,74.0350546098592,53.06987337053285
3618,3119033.0953559787,2239499.6993635725,74.0350546098592,53.157974754423776
3619,3116574.8425653167,2241447.640005806,74.0350546098592,53.24617787660012
3620,3114118.973592821,2243395.722201351,74.0350546098592,53.33448279051468
3621,3111665.4857169553,2245343.944631458,74.0350546098592,53.42288954958307
3622,3109214.3762197327,2247292.3059779373,74.0350546098592,53.511398207183255
3623,3106765.6423866963,2249240.8049231996,74.0350546098592,53.60000881665661
3624,3104319.2815069184,2251189.440150218,74.0350546098592,53.68872143130691
3625,3101875.2908729985,2253138.2103425395,74.0350546098592,53.77753610440046
3626,3099433.667781053,2255087.1141843083,74.0350546098592,53.866452889166645
3627,3096994.409530712,2257036.150360238,74.0350546098592,53.955471838797166
3628,3094557.5134251206,2258985.317555637,74.0350546098592,54.04459300644649
3629,3092122.976770921,2260934.6144563886,74.0350546098592,54.13381644523144
3630,3089690.7968782624,2262884.0397489793,74.0350546098592,54.223142208231614
3631,3087260.9710607817,2264833.5921204663,74.0350546098592,54.31257034848872
3632,3084833.4966356046,2266783.270258519,74.0350546098592,54.40210091900741
3633,3082408.370923348,2268733.0728513873,74.0350546098592,54.49173397275434
3634,3079985.5912480964,2270682.9985879147,74.0350546098592,54.581469562658626
3635,3077565.1549374266,2272633.0461575487,74.0350546098592,54.67130774161164
3636,3075147.059322366,2274583.214250336,74.0350546098592,54.76124856246737
3637,3072731.3017374137,2276533.5015569185,74.0350546098592,54.851292078041794
3638,3070317.8795205327,2278483.906768539,74.0350546098592,54.94143834111299
3639,3067906.7900131303,2280434.4285770487,74.0350546098592,55.03168740442153
3640,3065498.0305600693,2282385.0656749094,74.0350546098592,55.12203932067014
3641,3063091.59850966,2284335.816755176,74.0350546098592,55.212494142523255
3642,3060687.4912136444,2286286.6805115193,74.0350546098592,55.303051922607686
3643,3058285.7060271995,2288237.655638221,74.0350546098592,55.39371271351232
3644,3055886.240308941,2290188.7408301816,74.0350546098592,55.48447656778799
3645,3053489.0914208945,2292139.934782904,74.0350546098592,55.575343537947504
3646,3051094.25672852,2294091.236192509,74.0350546098592,55.666313676465386
3647,3048701.7336006844,2296042.6437557456,74.0350546098592,55.757387035778464
3648,3046311.5194096607,2297994.156169969,74.0350546098592,55.84856366828517
3649,3043923.6115311375,2299945.7721331636,74.0350546098592,55.93984362634579
3650,3041538.00734419,2301897.490343927,74.0350546098592,56.0312269622824
3651,3039154.7042313023,2303849.309501489,74.0350546098592,56.12271372837881
3652,3036773.699578341,2305801.228305704,74.0350546098592,56.21430397688062
3653,3034394.9907745547,2307753.245457052,74.0350546098592,56.305997759995165
3654,3032018.575212582,2309705.3596566417,74.0350546098592,56.39779512989124
3655,3029644.45028843,2311657.569606216,74.0350546098592,56.48969613869947
3656,3027272.613401476,2313609.8740081456,74.0350546098592,56.58170083851194
3657,3024903.061954469,2315562.27156543,74.0350546098592,56.67380928138206
3658,3022535.793353516,2317514.760981723,74.0350546098592,56.7660215193253
3659,3020170.8050080775,2319467.3409613036,74.0350546098592,56.858337604318294
3660,3017808.0943309716,2321420.0102090864,74.0350546098592,56.95075758829897
3661,3015447.6587383533,2323372.7674306263,74.0350546098592,57.043281523166804
3662,3013089.495649735,2325325.6113321297,74.0350546098592,57.13590946078263
3663,3010733.6024879464,2327278.5406204364,74.0350546098592,57.22864145296869
3664,3008379.976679166,2329231.5540030478,74.0350546098592,57.32147755150863
3665,3006028.615652893,2331184.6501880875,74.0350546098592,57.41441780814687
3666,3003679.5168419476,2333137.827884354,74.0350546098592,57.5074622745898
3667,3001332.6776824757,2335091.085801272,74.0350546098592,57.6006110025042
3668,2998988.0956139257,2337044.42264894,74.0350546098592,57.69386404351878
3669,2996645.7680790564,2338997.8371380866,74.0350546098592,57.787221449222805
3670,2994305.692523942,2340951.327980121,74.0350546098592,57.880683271167015
3671,2991967.866397943,2342904.89388709,74.0350546098592,57.97424956086298
3672,2989632.2871537157,2344858.533571711,74.0350546098592,58.0679203697836
3673,2987298.952247212,2346812.245747349,74.0350546098592,58.161695749362366
3674,2984967.859137665,2348766.0291280383,74.0350546098592,58.25557575099394
3675,2982639.005287584,2350719.8824284645,74.0350546098592,58.34956042603378
3676,2980312.388162761,2352673.8043640046,74.0350546098592,58.443649825798715
3677,2977988.0052322545,2354627.7936506825,74.0350546098592,58.53784400156604
3678,2975665.8539683903,2356581.849005181,74.0350546098592,58.632143004573685
3679,2973345.9318467556,2358535.9691448603,74.0350546098592,58.726546886020536
3680,2971028.2363461885,2360490.152787771,74.0350546098592,58.82105569706687
3681,2968712.7649487904,2362444.3986525983,74.0350546098592,58.91566948883252
3682,2966399.5151398983,2364398.705458745,74.0350546098592,59.01038831239936
3683,2964088.4844081034,2366353.071926248,74.0350546098592,59.10521221880865
3684,2961779.670245225,2368307.4967758404,74.0350546098592,59.200141259062974
3685,2959473.070146321,2370261.9787289416,74.0350546098592,59.29517548412563
3686,2957168.6816096758,2372216.516507634,74.0350546098592,59.39031494492004
3687,2954866.5021367986,2374171.1088346867,74.0350546098592,59.48555969233038
3688,2952566.5292324186,2376125.754433565,74.0350546098592,59.58090977720155
3689,2950268.760404483,2378080.4520283984,74.0350546098592,59.67636525033843
3690,2947973.1931641437,2380035.2003440196,74.0350546098592,59.77192616250682
3691,2945679.825025758,2381989.9981059413,74.0350546098592,59.867592564432805
3692,2943388.653506893,2383944.8440403542,74.0350546098592,59.96336450680232
3693,2941099.676128301,2385899.7368741557,74.0350546098592,60.05924204026235
3694,2938812.8904139367,2387854.675334938,74.0350546098592,60.15522521541998
3695,2936528.293890935,2389809.6581509723,74.0350546098592,60.251314082842455
3696,2934245.884089615,2391764.684051235,74.0350546098592,60.34750869305736
3697,2931965.658543478,2393719.751765388,74.0350546098592,60.44380909655226
3698,2929687.6147891926,2395674.860023809,74.0350546098592,60.54021534377543
3699,2927411.750366605,2397630.007557549,74.0350546098592,60.63672748513446
3700,2925138.0628187205,2399585.1930983965,74.0350546098592,60.733345570998104
3701,2922866.549691702,2401540.415378811,74.0350546098592,60.8300696516945
3702,2920597.208534877,2403495.673131958,74.0350546098592,60.926899777511686
3703,2918330.0369007173,2405450.965091733,74.0350546098592,61.02383599869845
3704,2916065.0323448395,2407406.2899927157,74.0350546098592,61.12087836546314
3705,2913802.1924260105,2409361.6465701964,74.0350546098592,61.21802692797386
3706,2911541.514706131,2411317.033560182,74.0350546098592,61.31528173635896
3707,2909282.99675023,2413272.4496993893,74.0350546098592,61.41264284070679
3708,2907026.636126473,2415227.893725247,74.0350546098592,61.51011029106529
3709,2904772.430406146,2417183.3643759,74.0350546098592,61.60768413744247
3710,2902520.3771636556,2419138.8603901933,74.0350546098592,61.70536442980571
3711,2900270.473976522,2421094.3805077095,74.0350546098592,61.80315121808274
3712,2898022.7184253796,2423049.9234687397,74.0350546098592,61.90104455216071
3713,2895777.1080939677,2425005.4880142985,74.0350546098592,61.9990444818866
3714,2893533.6405691262,2426961.0728861224,74.0350546098592,62.09715105706718
3715,2891292.313440796,2428916.6768266526,74.0350546098592,62.1953643274683
3716,2889053.124302007,2430872.298579083,74.0350546098592,62.29368434281627
3717,2886816.07074888,2432827.9368873155,74.0350546098592,62.392111152796545
3718,2884581.1503806254,2434783.5904959817,74.0350546098592,62.49064480705407
3719,2882348.3607995226,2436739.2581504383,74.0350546098592,62.58928535519349
3720,2880117.6996109355,2438694.938596784,74.0350546098592,62.68803284677908
3721,2877889.1644232976,2440650.6305818283,74.0350546098592,62.78688733133415
3722,2875662.752848108,2442606.332853134,74.0350546098592,62.88584885834195
3723,2873438.4624999226,2444562.0441589816,74.0350546098592,62.984917477244956
3724,2871216.2909963713,2446517.7632483975,74.0350546098592,63.08409323744486
3725,2868996.2359581194,2448473.488871138,74.0350546098592,63.18337618830301
3726,2866778.295008896,2450429.219777698,74.0350546098592,63.28276637913975
3727,2864562.465775466,2452384.954719317,74.0350546098592,63.3822638592351
3728,2862348.745887638,2454340.692447969,74.0350546098592,63.48186867782811
3729,2860137.1329782596,2456296.43171637,74.0350546098592,63.58158088411701
3730,2857927.624683208,2458252.171277984,74.0350546098592,63.68140052725942
3731,2855720.218641388,2460207.909887019,74.0350546098592,63.78132765637212
3732,2853514.912494729,2462163.646298424,74.0350546098592,63.881362320530926
3733,2851311.703888178,2464119.379267897,74.0350546098592,63.98150456877081
3734,2849110.5904696994,2466075.1075518904,74.0350546098592,64.08175445008592
3735,2846911.5698902663,2468030.8299076,74.0350546098592,64.18211201342942
3736,2844714.639803855,2469986.545092974,74.0350546098592,64.28257730771352
3737,2842519.797867454,2471942.2518667215,74.0350546098592,64.3831503818095
3738,2840327.0417410405,2473897.9489882924,74.0350546098592,64.4838312845474
3739,2838136.369087584,2475853.6352178967,74.0350546098592,64.58462006471643
3740,2835947.777573052,2477809.309316507,74.0350546098592,64.68551677106463
3741,2833761.264866386,2479764.970045853,74.0350546098592,64.78652145229918
3742,2831576.8286395217,2481720.61616841,74.0350546098592,64.8876341570855
3743,2829394.4665673594,2483676.246447435,74.0350546098592,64.98885493404862
3744,2827214.1763277757,2485631.859646928,74.0350546098592,65.0901838317718
3745,2825035.955601617,2487587.4545316617,74.0350546098592,65.19162089879731
3746,2822859.802072691,2489543.0298671783,74.0350546098592,65.29316618362638
3747,2820685.713427768,2491498.5844197697,74.0350546098592,65.39481973471844
3748,2818513.687356571,2493454.1169565115,74.0350546098592,65.49658160049212
3749,2816343.721551775,2495409.626245236,74.0350546098592,65.59845182932442
3750,2814175.813709003,2497365.1110545555,74.0350546098592,65.70043046955122
3751,2812009.9615268204,2499320.5701538436,74.0350546098592,65.8025175694668
3752,2809846.1627067267,2501276.002313247,74.0350546098592,65.9047131773241
3753,2807684.414953167,2503231.4063036926,74.0350546098592,66.00701734133457
3754,2805524.715973506,2505186.7808968797,74.0350546098592,66.10943010966842
3755,2803367.0634780377,2507142.1248652837,74.0350546098592,66.21195153045426
3756,2801211.455179982,2509097.436982151,74.0350546098592,66.31458165177891
3757,2799057.8887954704,2511052.7160215103,74.0350546098592,66.4173205216879
3758,2796906.362043553,2513007.9607581706,74.0350546098592,66.52016818818511
3759,2794756.8726461884,2514963.1699677235,74.0350546098592,66.62312469923285
3760,2792609.4183282387,2516918.3424265496,74.0350546098592,66.72619010275206
3761,2790463.9968174715,2518873.476911796,74.0350546098592,66.82936444662145
3762,2788320.6058445447,2520828.5722014015,74.0350546098592,66.93264777867843
3763,2786179.2431430183,2522783.627074099,74.0350546098592,67.03604014671868
3764,2784039.9064493324,2524738.640309391,74.0350546098592,67.13954159849584
3765,2781902.5935028186,2526693.610687598,74.0350546098592,67.24315218172254
3766,2779767.3020456866,2528648.5369897997,74.0350546098592,67.34687194406878
3767,2777634.0298230243,2530603.417997877,74.0350546098592,67.450700933163
3768,2775502.7745827883,2532558.2524945103,74.0350546098592,67.55463919659213
3769,2773373.5340758106,2534513.0392631646,74.0350546098592,67.65868678190083
3770,2771246.3060557814,2536467.777088096,74.0350546098592,67.76284373659188
3771,2769121.0882792533,2538422.464754375,74.0350546098592,67.86711010812664
3772,2766997.8785056383,2540377.1010478456,74.0350546098592,67.97148594392382
3773,2764876.674497198,2542331.6847551693,74.0350546098592,68.07597129136079
3774,2762757.4740190418,2544286.2146637943,74.0350546098592,68.18056619777248
3775,2760640.2748391265,2546240.6895619663,74.0350546098592,68.28527071045177
3776,2758525.0747282417,2548195.1082387473,74.0350546098592,68.39008487665
3777,2756411.8714600257,2550149.4694839865,74.0350546098592,68.49500874357574
3778,2754300.6628109375,2552103.7720883586,74.0350546098592,68.6000423583963
3779,2752191.4465602706,2554058.0148433163,74.0350546098592,68.70518576823598
3780,2750084.2204901436,2556012.196541134,74.0350546098592,68.81043902017737
3781,2747978.9823854873,2557966.315974897,74.0350546098592,68.9158021612611
3782,2745875.7300340594,2559920.3719384773,74.0350546098592,69.02127523848482
3783,2743774.461226421,2561874.363226595,74.0350546098592,69.12685829880513
3784,2741675.1737559475,2563828.2886347515,74.0350546098592,69.23255138913551
3785,2739577.865418817,2565782.1469592554,74.0350546098592,69.33835455634703
3786,2737482.534014006,2567735.9369972544,74.0350546098592,69.44426784726915
3787,2735389.177343288,2569689.657546695,74.0350546098592,69.55029130868867
3788,2733297.793211233,2571643.30740633,74.0350546098592,69.65642498734965
3789,2731208.3794251913,2573596.885375753,74.0350546098592,69.76266892995459
3790,2729120.9337953096,2575550.3902553557,74.0350546098592,69.86902318316282
3791,2727035.454134503,2577503.8208463616,74.0350546098592,69.97548779359185
3792,2724951.9382584686,2579457.175950802,74.0350546098592,70.08206280781631
3793,2722870.383985681,2581410.45437154,74.0350546098592,70.18874827236853
3794,2720790.789137373,2583363.6549122413,74.0350546098592,70.29554423373804
3795,2718713.1515375534,2585316.776377428,74.0350546098592,70.4024507383725
3796,2716637.4690129855,2587269.8175724237,74.0350546098592,70.50946783267653
3797,2714563.739393189,2589222.777303384,74.0350546098592,70.61659556301238
3798,2712491.960510443,2591175.654377282,74.0350546098592,70.72383397569932
3799,2710422.1301997695,2593128.447601925,74.0350546098592,70.83118311701432
3800,2708354.246298937,2595081.1557859634,74.0350546098592,70.9386430331921
3801,2706288.306648461,2597033.7777388506,74.0350546098592,71.04621377042378
3802,2704224.3090915894,2598986.312270899,74.0350546098592,71.15389537485872
3803,2702162.251474304,2600938.7581932275,74.0350546098592,71.2616878926029
3804,2700102.131645321,2602891.1143178022,74.0350546098592,71.36959136971974
3805,2698043.9474560763,2604843.3794574263,74.0350546098592,71.47760585223023
3806,2695987.696760734,2606795.5524257207,74.0350546098592,71.58573138611186
3807,2693933.3774161767,2608747.632037171,74.0350546098592,71.6939680173002
3808,2691880.987281992,2610699.617107076,74.0350546098592,71.8023157916874
3809,2689830.524220494,2612651.506451585,74.0350546098592,71.91077475512286
3810,2687781.986096689,2614603.2988876808,74.0350546098592,72.0193449534132
3811,2685735.3707782985,2616554.9932331885,74.0350546098592,72.12802643232186
3812,2683690.676135732,2618506.5883067753,74.0350546098592,72.23681923756975
3813,2681647.9000421036,2620458.082927962,74.0350546098592,72.34572341483481
3814,2679607.040373218,2622409.475917092,74.0350546098592,72.45473900975152
3815,2677568.0950075625,2624360.7660953663,74.0350546098592,72.56386606791175
3816,2675531.0618263115,2626311.9522848413,74.0350546098592,72.6731046348647
3817,2673495.938713322,2628263.0333083905,74.0350546098592,72.7824547561155
3818,2671462.723555125,2630214.007989768,74.0350546098592,72.89191647712728
3819,2669431.4142409246,2632164.875153561,74.0350546098592,73.00148984331959
3820,2667402.008662596,2634115.6336252056,74.0350546098592,73.11117490006883
3821,2665374.5047146766,2636066.282230993,74.0350546098592,73.22097169270842
3822,2663348.9002943696,2638016.8197980677,74.0350546098592,73.33088026652861
3823,2661325.193301532,2639967.2451544222,74.0350546098592,73.44090066677636
3824,2659303.381638675,2641917.557128911,74.0350546098592,73.55103293865572
3825,2657283.4632109646,2643867.754551234,74.0350546098592,73.66127712732712
3826,2655265.4359262064,2645817.8362519573,74.0350546098592,73.77163327790822
3827,2653249.2976948568,2647767.8010624917,74.0350546098592,73.8821014354728
3828,2651235.046430007,2649717.647815117,74.0350546098592,73.99268164505189
3829,2649222.680047381,2651667.375342969,74.0350546098592,74.10337395163309
3830,2647212.196465341,2653616.982480037,74.0350546098592,74.2141784001604
3831,2645203.593604875,2655566.468061184,74.0350546098592,74.32509503553489
3832,2643196.8693895894,2657515.83092213,74.0350546098592,74.43612390261413
3833,2641192.0217457204,2659465.0698994515,74.0350546098592,74.54726504621206
3834,2639189.0486021163,2661414.1838305923,74.0350546098592,74.65851851109933
3835,2637187.9478902374,2663363.171553864,74.0350546098592,74.76988434200332
3836,2635188.7175441585,2665312.031908443,74.0350546098592,74.88136258360773
3837,2633191.3555005565,2667260.763734376,74.0350546098592,74.99295328055301
3838,2631195.8596987124,2669209.3658725712,74.0350546098592,75.10465647743592
3839,2629202.2280805046,2671157.8371648127,74.0350546098592,75.21647221880988
3840,2627210.458590405,2673106.176453736,74.0350546098592,75.32840054918434
3841,2625220.5491754822,2675054.382582875,74.0350546098592,75.44044151302576
3842,2623232.4977853866,2677002.4543966157,74.0350546098592,75.55259515475672
3843,2621246.30237236,2678950.390740227,74.0350546098592,75.66486151875618
3844,2619261.9608912165,2680898.1904598447,74.0350546098592,75.77724064935963
3845,2617279.4712993484,2682845.8524024775,74.0350546098592,75.88973259085874
3846,2615298.8315567295,2684793.3754160176,74.0350546098592,76.00233738750153
3847,2613320.039625892,2686740.758349222,74.0350546098592,76.11505508349236
3848,2611343.09347194,2688688.000051748,74.0350546098592,76.22788572299231
3849,2609367.991062542,2690635.0993741034,74.0350546098592,76.34082935011797
3850,2607394.7303679218,2692582.055167687,74.0350546098592,76.45388600894256
3851,2605423.3093608553,2694528.866284781,74.0350546098592,76.56705574349576
3852,2603453.726016679,2696475.531578543,74.0350546098592,76.68033859776297
3853,2601485.978313267,2698422.049903018,74.0350546098592,76.7937346156863
3854,2599520.0642310507,2700368.420113127,74.0350546098592,76.90724384116356
3855,2597555.981752989,2702314.6410646806,74.0350546098592,77.02086631804909
3856,2595593.7288645837,2704260.7116143713,74.0350546098592,77.13460209015321
3857,2593633.303553877,2706206.6306197755,74.0350546098592,77.24845120124216
3858,2591674.703811427,2708152.3969393577,74.0350546098592,77.36241369503867
3859,2589717.9276303337,2710098.009432473,74.0350546098592,77.47648961522125
3860,2587762.97300621,2712043.4669593563,74.0350546098592,77.5906790054245
3861,2585809.83793719,2713988.7683811425,74.0350546098592,77.70498190923931
3862,2583858.5204239306,2715933.912559847,74.0350546098592,77.81939837021217
3863,2581909.0184695926,2717878.898358377,74.0350546098592,77.93392843184579
3864,2579961.330079848,2719823.7246405417,74.0350546098592,78.04857213759911
3865,2578015.453262879,2721768.3902710164,74.0350546098592,78.16332953088616
3866,2576071.3860293673,2723712.8941154135,74.0350546098592,78.27820065507824
3867,2574129.126392487,2725657.235040198,74.0350546098592,78.39318555350148
3868,2572188.672367919,2727601.4119127514,74.0350546098592,78.50828426943829
3869,2570250.021973824,2729545.423601347,74.0350546098592,78.62349684612708
3870,2568313.173230861,2731489.2689751484,74.0350546098592,78.73882332676172
3871,2566378.124162167,2733432.9469042234,74.0350546098592,78.85426375449225
3872,2564444.8727933597,2735376.456259543,74.0350546098592,78.96981817242471
3873,2562513.417152539,2737319.795912967,74.0350546098592,79.08548662362048
3874,2560583.755270274,2739262.964737267,74.0350546098592,79.20126915109728
3875,2558655.885179612,2741205.9616060993,74.0350546098592,79.31716579782781
3876,2556729.8049160577,2743148.7853940367,74.0350546098592,79.4331766067413
3877,2554805.512517583,2745091.434976547,74.0350546098592,79.54930162072237
3878,2552883.0060246284,2747033.9092300027,74.0350546098592,79.66554088261114
3879,2550962.2834800803,2748976.2070316924,74.0350546098592,79.7818944352041
3880,2549043.3429292794,2750918.3272597925,74.0350546098592,79.89836232125289
3881,2547126.182420026,2752860.2687933855,74.0350546098592,80.01494458346454
3882,2545210.800002559,2754802.030512479,74.0350546098592,80.13164126450248
3883,2543297.193729557,2756743.6112979646,74.0350546098592,80.24845240698517
3884,2541385.36165615,2758685.010031668,74.0350546098592,80.36537805348709
3885,2539475.301839894,2760626.225596305,74.0350546098592,80.48241824653809
3886,2537567.0123407864,2762567.2568755024,74.0350546098592,80.59957302862334
3887,2535660.4912212477,2764508.1027538017,74.0350546098592,80.71684244218386
3888,2533755.736546122,2766448.7621166646,74.0350546098592,80.83422652961653
3889,2531852.7463826872,2768389.233850447,74.0350546098592,80.95172533327296
3890,2529951.5188006307,2770329.516842438,74.0350546098592,81.06933889546106
3891,2528052.0518720616,2772269.6099808207,74.0350546098592,81.18706725844348
3892,2526154.3436714984,2774209.5121547095,74.0350546098592,81.30491046443896
3893,2524258.392275869,2776149.2222541356,74.0350546098592,81.42286855562172
3894,2522364.1957645095,2778088.739170019,74.0350546098592,81.54094157412048
3895,2520471.752219157,2780028.0617942237,74.0350546098592,81.65912956202028
3896,2518581.059723947,2781967.189019528,74.0350546098592,81.77743256136142
3897,2516692.1163654155,2783906.119739628,74.0350546098592,81.89585061413948
3898,2514804.9202324846,2785844.852849126,74.0350546098592,82.01438376230517
3899,2512919.469416466,2787783.3872435647,74.0350546098592,82.13303204776514
3900,2511035.7620110665,2789721.7218193873,74.0350546098592,82.2517955123805
3901,2509153.7961123628,2791659.8554739715,74.0350546098592,82.37067419796844
3902,2507273.5698188185,2793597.7871056153,74.0350546098592,82.4896681463011
3903,2505395.0812312732,2795535.5156135415,74.0350546098592,82.60877739910603
3904,2503518.328452935,2797473.039897896,74.0350546098592,82.72800199806612
3905,2501643.3095893855,2799410.358859734,74.0350546098592,82.84734198481888
3906,2499770.0227485667,2801347.4714010665,74.0350546098592,82.96679740095817
3907,2497898.4660407915,2803284.376424796,74.0350546098592,83.08636828803179
3908,2496028.637578724,2805221.072834784,74.0350546098592,83.20605468754393
3909,2494160.535477389,2807157.5595358005,74.0350546098592,83.32585664095323
3910,2492294.157854166,2809093.8354335404,74.03505460985922,83.44577418967343
3911,2490429.5028287764,2811029.8994346447,74.0350546098592,83.56580737507404
3912,2488566.5685232943,2812965.75044667,74.0350546098592,83.68595623847922
3913,2486705.3530621366,2814901.3873781,74.0350546098592,83.80622082116804
3914,2484845.8545720577,2816836.8091383697,74.0350546098592,83.92660116437544
3915,2482988.0711821485,2818772.0146378246,74.0350546098592,84.04709730929075
3916,2481132.0010238346,2820707.0027877577,74.0350546098592,84.16770929705882
3917,2479277.6422308716,2822641.7725003865,74.0350546098592,84.28843716877923
3918,2477424.99293934,2824576.3226888515,74.0350546098592,84.4092809655064
3919,2475574.051287645,2826510.65226726,74.0350546098592,84.53024072825063
3920,2473724.815416512,2828444.7601506254,74.03505460985919,84.6513164979765
3921,2471877.2834689873,2830378.645254911,74.0350546098592,84.77250831560372
3922,2470031.4535904215,2832312.3064970095,74.0350546098592,84.89381622200715
3923,2468187.323928486,2834245.742794754,74.0350546098592,85.0152402580163
3924,2466344.892633153,2836178.9530669143,74.0350546098592,85.13678046441596
3925,2464504.1578567005,2838111.9362332043,74.0350546098592,85.25843688194581
3926,2462665.117753711,2840044.6912142662,74.0350546098592,85.38020955130007
3927,2460827.7704810607,2841977.2169317035,74.0350546098592,85.50209851312863
3928,2458992.114197919,2843909.5123080285,74.03505460985919,85.62410380803533
3929,2457158.1470657536,2845841.5762667237,74.0350546098592,85.7462254765796
3930,2455325.867248314,2847773.407732196,74.0350546098592,85.86846355927534
3931,2453495.272911635,2849705.0056298035,74.0350546098592,85.99081809659154
3932,2451666.3622240406,2851636.3688858477,74.0350546098592,86.11328912895182
3933,2449839.133356123,2853567.4964275644,74.0350546098592,86.23587669673466
3934,2448013.584480759,2855498.3871831484,74.0350546098592,86.35858084027346
3935,2446189.713773092,2857429.040081734,74.0350546098592,86.48140159985648
3936,2444367.5194105343,2859359.4540533903,74.03505460985919,86.60433901572632
3937,2442546.9995727716,2861289.628029146,74.0350546098592,86.72739312808064
3938,2440728.152441742,2863219.5609409777,74.0350546098592,86.85056397707204
3939,2438910.976201655,2865149.251721804,74.0350546098592,86.97385160280744
3940,2437095.4690389675,2867078.6993054915,74.03505460985922,87.09725604534871
3941,2435281.6291423906,2869007.9026268544,74.0350546098592,87.22077734471233
3942,2433469.454702892,2870936.8606216633,74.0350546098592,87.34441554086953
3943,2431658.9439136838,2872865.572226643,74.0350546098592,87.46817067374637
3944,2429850.0949702165,2874794.036379447,74.0350546098592,87.5920427832231
3945,2428042.9060701923,2876722.2520187106,74.0350546098592,87.71603190913521
3946,2426237.375413542,2878650.2180839917,74.0350546098592,87.84013809127222
3947,2424433.501202436,2880577.933515825,74.0350546098592,87.96436136937884
3948,2422631.2816412756,2882505.397255679,74.0350546098592,88.08870178315384
3949,2420830.714936691,2884432.608246,74.0350546098592,88.21315937225124
3950,2419031.7992975395,2886359.5654301597,74.0350546098592,88.33773417627874
3951,2417234.5329348957,2888286.2677525086,74.0350546098592,88.46242623479957
3952,2415438.9140620576,2890212.714158341,74.0350546098592,88.58723558733088
3953,2413644.9408945395,2892138.9035939127,74.0350546098592,88.7121622733446
3954,2411852.611650067,2894064.8350064233,74.0350546098592,88.83720633226687
3955,2410061.924548581,2895990.507344061,74.0350546098592,88.96236780347904
3956,2408272.8778122226,2897915.919555933,74.0350546098592,89.08764672631608
3957,2406485.469665339,2899841.070592138,74.0350546098592,89.21304314006832
3958,2404699.698334485,2901765.959403707,74.0350546098592,89.33855708397962
3959,2402915.5620484026,2903690.584942657,74.0350546098592,89.4641885972493
3960,2401133.0590380356,2905614.946161934,74.0350546098592,89.58993771903013
3961,2399352.18753652,2907539.0420154827,74.0350546098592,89.7158044884303
3962,2397572.945779178,2909462.871458179,74.0350546098592,89.84178894451169
3963,2395795.332003517,2911386.433445875,74.0350546098592,89.96789112629098
3964,2394019.3444492323,2913309.7269353787,74.0350546098592,90.09411107273893
3965,2392244.981358192,2915232.750884467,74.0350546098592,90.22044882278105
3966,2390472.240974447,2917155.5042518675,74.0350546098592,90.34690441529665
3967,2388701.12154422,2919077.9859972997,74.0350546098592,90.47347788912032
3968,2386931.6213159002,2921000.1950814263,74.0350546098592,90.60016928304046
3969,2385163.738540054,2922922.130465867,74.0350546098592,90.72697863579923
3970,2383397.4714694023,2924843.7911132323,74.0350546098592,90.85390598609423
3971,2381632.8183588353,2926765.17598708,74.0350546098592,90.98095137257656
3972,2379869.7774653984,2928686.284051942,74.0350546098592,91.10811483385194
3973,2378108.3470482924,2930607.1142733274,74.0350546098592,91.23539640848068
3974,2376348.5253688754,2932527.6656176914,74.0350546098592,91.36279613497655
3975,2374590.3106906493,2934447.9370524734,74.0350546098592,91.4903140518083
3976,2372833.7012792667,2936367.927546082,74.0350546098592,91.6179501973988
3977,2371078.6954025244,2938287.636067884,74.0350546098592,91.74570461012472
3978,2369325.2913303566,2940207.061588224,74.0350546098592,91.87357732831745
3979,2367573.4873348386,2942126.203078427,74.0350546098592,92.00156839026275
3980,2365823.281690182,2944045.0595107647,74.0350546098592,92.12967783419973
3981,2364074.6726727267,2945963.629858511,74.0350546098592,92.25790569832286
3982,2362327.6585609457,2947881.913095882,74.0350546098592,92.38625202077966
3983,2360582.2376354355,2949799.9081980824,74.0350546098592,92.51471683967245
3984,2358838.4081789125,2951717.614141288,74.0350546098592,92.64330019305778
3985,2357096.168476225,2953635.0299026533,74.03505460985922,92.7720021189461
3986,2355355.516814326,2955552.154460301,74.0350546098592,92.90082265530224
3987,2353616.451482292,2957468.986793324,74.0350546098592,93.02976184004469
3988,2351878.9707713053,2959385.5258817957,74.03505460985919,93.15881971104649
3989,2350143.0729746586,2961301.770706765,74.0350546098592,93.28799630613474
3990,2348408.756387753,2963217.7202502503,74.0350546098592,93.41729166309024
3991,2346676.01930809,2965133.3734952677,74.0350546098592,93.54670581964872
3992,2344944.86003527,2967048.729425788,74.0350546098592,93.67623881349927
3993,2343215.2768709958,2968963.7870267597,74.0350546098592,93.8058906822849
3994,2341487.2681190576,2970878.545284126,74.0350546098592,93.93566146360338
3995,2339760.8320853407,2972793.0031847977,74.0350546098592,94.06555119500615
3996,2338035.967077818,2974707.159716654,74.0350546098592,94.19555991399835
3997,2336312.671406548,2976621.0138685796,74.0350546098592,94.32568765803985
3998,2334590.9433836746,2978534.5646304167,74.0350546098592,94.4559344645439
3999,2332870.7813234176,2980447.8109930013,74.0350546098592,94.58630037087823
4000,2331152.1835420723,2982360.7519481396,74.0350546098592,94.71678541436431
4001,2329435.1483580153,2984273.386488617,74.0350546098592,94.84738963227723
4002,2327719.674091688,2986185.7136082207,74.0350546098592,94.97811306184701
4003,2326005.759065603,2988097.732301699,74.0350546098592,95.10895574025675
4004,2324293.4016043385,2990009.4415647937,74.0350546098592,95.23991770464394
4005,2322582.600034533,2991920.840394226,74.0350546098592,95.37099899209996
4006,2320873.3526848895,2993831.9277876904,74.0350546098592,95.50219963966963
4007,2319165.657886163,2995742.7027438865,74.0350546098592,95.63351968435256
4008,2317459.5139711634,2997653.164262484,74.0350546098592,95.76495916310179
4009,2315754.9192747576,2999563.31134414,74.0350546098592,95.89651811282418
4010,2314051.8721338557,3001473.1429904965,74.0350546098592,96.02819657038062
4011,2312350.3708874118,3003382.6582041825,74.0350546098592,96.159994572586
4012,2310650.4138764306,3005291.8559888112,74.0350546098592,96.29191215620881
4013,2308951.999443948,3007200.7353489776,74.0350546098592,96.42394935797154
4014,2307255.125935045,3009109.2952902797,74.0350546098592,96.55610621455072
4015,2305559.7916968334,3011017.534819284,74.0350546098592,96.68838276257638
4016,2303865.9950784533,3012925.452943554,74.0350546098592,96.82077903863279
4017,2302173.734431083,3014833.0486716386,74.03505460985919,96.95329507925753
4018,2300483.008107916,3016740.32101308,74.0350546098592,97.08593092094269
4019,2298793.8144641793,3018647.2689783927,74.0350546098592,97.21868660013313
4020,2297106.151857115,3020553.8915791106,74.0350546098592,97.35156215322881
4021,2295420.018645979,3022460.1878277287,74.0350546098592,97.48455761658266
4022,2293735.4131920543,3024366.156737746,74.0350546098592,97.61767302650141
4023,2292052.3338586246,3026271.7973236497,74.0350546098592,97.75090841924586
4024,2290370.7790109874,3028177.108600913,74.0350546098592,97.88426383103041
4025,2288690.7470164485,3030082.0895860037,74.0350546098592,98.01773929802314
4026,2287012.2362443157,3031986.7392963856,74.03505460985919,98.15133485634612
4027,2285335.2450658986,3033891.0567505094,74.0350546098592,98.2850505420751
4028,2283659.7718545063,3035795.0409678174,74.0350546098592,98.4188863912393
4029,2281985.814985442,3037698.6909687477,74.0350546098592,98.552842439822
4030,2280313.372836002,3039602.005774727,74.0350546098592,98.68691872375996
4031,2278642.443785474,3041504.98440818,74.0350546098592,98.82111527894382
4032,2276973.026215133,3043407.625892525,74.0350546098592,98.95543214121784
4033,2275305.1185082393,3045309.9292521724,74.0350546098592,99.08986934637998
4034,2273638.7190500335,3047211.8935125284,74.0350546098592,99.22442693018193
4035,2271973.826227738,3049113.517699991,74.0350546098592,99.35910492832889
4036,2270310.438430552,3051014.800841955,74.0350546098592,99.4939033764798
4037,2268648.5540496423,3052915.741966812,74.0350546098592,99.62882231024751
4038,2266988.171478157,3054816.340103952,74.0350546098592,99.76386176519823
4039,2265329.2891112077,3056716.594283756,74.0350546098592,99.89902177685178
4040,2263671.905345868,3058616.5035376055,74.0350546098592,100.03430238068205
4041,2262016.018581184,3060516.0668978738,74.03505460985922,100.16970361211587
4042,2260361.6272181547,3062415.2833979405,74.03505460985922,100.30522550653437
4043,2258708.7296597357,3064314.152072167,74.0350546098592,100.4408680992718
4044,2257057.3243108476,3066212.6719559375,74.0350546098592,100.57663142561643
4045,2255407.409578355,3068110.842085612,74.0350546098592,100.71251552080975
4046,2253758.9838710735,3070008.6614985554,74.0350546098592,100.848520420047
4047,2252112.0455997675,3071906.1292331377,74.0350546098592,100.98464615847709
4048,2250466.5931771435,3073803.244328718,74.0350546098592,101.12089277120236
4049,2248822.625017854,3075700.005825668,74.0350546098592,101.25726029327892
4050,2247180.139538486,3077596.4127653483,74.0350546098592,101.39374875971625
4051,2245539.1351575684,3079492.4641901245,74.0350546098592,101.53035820547736
4052,2243899.610295559,3081388.1591433617,74.0350546098592,101.66708866547897
4053,2242261.563374846,3083283.496669424,74.0350546098592,101.80394017459133
4054,2240624.992819752,3085178.475813682,74.0350546098592,101.94091276763811
4055,2238989.89705652,3087073.0956224967,74.0350546098592,102.07800647939645
4056,2237356.274513318,3088967.355143253,74.0350546098592,102.21522134459761
4057,2235724.1236202396,3090861.253424311,74.0350546098592,102.35255739792527
4058,2234093.442809287,3092754.7895150525,74.0350546098592,102.49001467401767
4059,2232464.230514384,3094647.962465849,74.0350546098592,102.62759320746594
4060,2230836.485171367,3096540.771328087,74.0350546098592,102.76529303281494
4061,2229210.205217979,3098433.2151541454,74.0350546098592,102.903114184563
4062,2227585.3890938773,3100325.2929974142,74.0350546098592,103.04105669716174
4063,2225962.035240617,3102217.003912286,74.0350546098592,103.1791206050166
4064,2224340.142101658,3104108.3469541552,74.0350546098592,103.3173059424864
4065,2222719.7081223633,3105999.32117942,74.0350546098592,103.45561274388305
4066,2221100.731749987,3107889.925645485,74.03505460985922,103.5940410434724
4067,2219483.211433684,3109780.1594107607,74.0350546098592,103.73259087547348
4068,2217867.145624497,3111670.021534661,74.0350546098592,103.87126227405885
4069,2216252.532775358,3113559.511077608,74.0350546098592,104.01005527335467
4070,2214639.3713410906,3115448.6271010265,74.03505460985922,104.14896990744013
4071,2213027.6597783957,3117337.3686673464,74.0350546098592,104.28800621034826
4072,2211417.3965458605,3119225.73484001,74.0350546098592,104.42716421606536
4073,2209808.5801039524,3121113.724683451,74.03505460985922,104.56644395853075
4074,2208201.2089150115,3123001.3372631366,74.0350546098592,104.7058454716381
4075,2206595.2814432513,3124888.5716455216,74.0350546098592,104.84536878923392
4076,2204990.796154765,3126775.4268980655,74.0350546098592,104.98501394511767
4077,2203387.7515175035,3128661.902089244,74.03505460985922,105.12478097304297
4078,2201786.1460012924,3130547.996288539,74.0350546098592,105.26466990671638
4079,2200185.978077817,3132433.708566437,74.0350546098592,105.40468077979801
4080,2198587.2462206245,3134319.0379944462,74.0350546098592,105.54481362590167
4081,2196989.9489051225,3136203.9836450582,74.0350546098592,105.68506847859366
4082,2195394.0846085725,3138088.544591804,74.0350546098592,105.8254453713948
4083,2193799.6518100924,3139972.719909197,74.0350546098592,105.96594433777825
4084,2192206.6489906483,3141856.508672771,74.0350546098592,106.10656541117099
4085,2190615.074633054,3143739.9099590667,74.0350546098592,106.24730862495338
4086,2189024.9272219767,3145622.922845644,74.0350546098592,106.38817401245906
4087,2187436.205243919,3147505.546411061,74.0350546098592,106.52916160697502
4088,2185848.907187228,3149387.7797348956,74.0350546098592,106.67027144174176
4089,2184263.031542089,3151269.6218977245,74.0350546098592,106.81150354995276
4090,2182678.5768005243,3153151.071981137,74.0350546098592,106.95285796475477
4091,2181095.541456389,3155032.12906775,74.03505460985922,107.09433471924861
4092,2179513.9240053683,3156912.792241172,74.0350546098592,107.2359338464876
4093,2177933.722944976,3158793.0605860343,74.0350546098592,107.37765537947902
4094,2176354.9367745565,3160672.9331879704,74.0350546098592,107.51949935118273
4095,2174777.563995272,3162552.409133626,74.0350546098592,107.66146579451231
4096,2173201.603110107,3164431.4875106746,74.0350546098592,107.80355474233508
4097,2171627.0526238675,3166310.1674077767,74.0350546098592,107.94576622747068
4098,2170053.9110431736,3168188.447914634,74.0350546098592,108.08810028269313
4099,2168482.1768764597,3170066.328121928,74.0350546098592,108.23055694072859
4100,2166911.848633972,3171943.807121383,74.0350546098592,108.37313623425753
4101,2165342.924827762,3173820.884005723,74.0350546098592,108.5158381959134
4102,2163775.4039716916,3175697.5578686707,74.03505460985919,108.65866285828226
4103,2162209.2845814284,3177573.827804992,74.0350546098592,108.80161025390434
4104,2160644.5651744334,3179449.692910445,74.0350546098592,108.94468041527287
4105,2159081.2442699745,3181325.1522818087,74.0350546098592,109.08787337483415
4106,2157519.320389112,3183200.205016871,74.0350546098592,109.23118916498781
4107,2155958.7920547007,3185074.8502144427,74.0350546098592,109.37462781808703
4108,2154399.6577913905,3186949.086974333,74.0350546098592,109.51818936643753
4109,2152841.9161256156,3188822.914397387,74.0350546098592,109.66187384229919
4110,2151285.5655855997,3190696.331585444,74.03505460985919,109.80568127788445
4111,2149730.604701352,3192569.337641374,74.0350546098592,109.94961170535942
4112,2148177.0320046595,3194441.931669051,74.0350546098592,110.09366515684324
4113,2146624.8460290926,3196314.112773366,74.0350546098592,110.23784166440824
4114,2145074.045309996,3198185.8800602285,74.0350546098592,110.38214126008019
4115,2143524.628384494,3200057.232636563,74.0350546098592,110.52656397583783
4116,2141976.5937914783,3201928.1696103057,74.0350546098592,110.67110984361337
4117,2140429.9400716107,3203798.6900904127,74.0350546098592,110.81577889529217
4118,2138884.6657673228,3205668.7931868504,74.0350546098592,110.96057116271267
4119,2137340.769422813,3207538.4780106074,74.0350546098592,111.10548667766659
4120,2135798.2495840336,3209407.743673686,74.0350546098592,111.25052547189924
4121,2134257.1047987095,3211276.5892891013,74.0350546098592,111.39568757710842
4122,2132717.333616316,3213145.0139708933,74.0350546098592,111.54097302494583
4123,2131178.934588083,3215013.016834109,74.0350546098592,111.68638184701604
4124,2129641.9062669985,3216880.596994814,74.0350546098592,111.83191407487665
4125,2128106.247207798,3218747.7535701003,74.03505460985922,111.97756974003907
4126,2126571.9559669658,3220614.4856780544,74.0350546098592,112.12334887396695
4127,2125039.031102734,3222480.7924378123,74.03505460985922,112.26925150807827
4128,2123507.471175075,3224346.672969498,74.0350546098592,112.41527767374336
4129,2121977.274745707,3226212.126394271,74.0350546098592,112.56142740228611
4130,2120448.440378083,3228077.151834296,74.0350546098592,112.70770072498344
4131,2118920.9666373967,3229941.7484127674,74.0350546098592,112.85409767306561
4132,2117394.852090571,3231805.9152538795,74.0350546098592,113.00061827771572
4133,2115870.0953062647,3233669.651482867,74.0350546098592,113.14726257007068
4134,2114346.6948548662,3235532.956225965,74.0350546098592,113.29403058121993
4135,2112824.6493084896,3237395.828610439,74.0350546098592,113.44092234220656
4136,2111303.957240972,3239258.267764557,74.03505460985922,113.58793788402653
4137,2109784.617227878,3241120.2728176233,74.0350546098592,113.73507723762911
4138,2108266.627846489,3242981.842899939,74.0350546098592,113.8823404339164
4139,2106749.987675805,3244842.977142856,74.0350546098592,114.02972750374464
4140,2105234.6952965423,3246703.67467871,74.0350546098592,114.17723847792202
4141,2103720.749291128,3248563.9346408765,74.0350546098592,114.32487338721076
4142,2102208.1482437053,3250423.756163742,74.0350546098592,114.47263226232567
4143,2100696.890740121,3252283.1383827147,74.0350546098592,114.62051513393516
4144,2099186.9753679275,3254142.0804342204,74.0350546098592,114.76852203266068
4145,2097678.400716388,3256000.581455704,74.0350546098592,114.91665298907661
4146,2096171.1653764604,3257858.6405856297,74.0350546098592,115.06490803371076
4147,2094665.2679408074,3259716.256963485,74.0350546098592,115.21328719704402
4148,2093160.7070037853,3261573.4297297676,74.0350546098592,115.36179050951029
4149,2091657.4811614433,3263430.158026002,74.0350546098592,115.51041800149693
4150,2090155.5890115297,3265286.440994728,74.0350546098592,115.65916970334402
4151,2088655.0291534795,3267142.2777795084,74.0350546098592,115.80804564534506
4152,2087155.8001884122,3268997.6675249264,74.0350546098592,115.95704585774696
4153,2085657.9007191393,3270852.6093765814,74.0350546098592,116.10617037074928
4154,2084161.3293501537,3272707.1024810933,74.0350546098592,116.25541921450484
4155,2082666.0846876241,3274561.145986101,74.0350546098592,116.40479241911994
4156,2081172.1653394068,3276414.7390402597,74.0350546098592,116.5542900146533
4157,2079679.569915029,3278267.8807932665,74.0350546098592,116.70391203111801
4158,2078188.297025694,3280120.5703958054,74.0350546098592,116.85365849847895
4159,2076698.345284279,3281972.8069996056,74.0350546098592,117.00352944665492
4160,2075209.713305324,3283824.5897574034,74.0350546098592,117.15352490551787
4161,2073722.399705047,3285675.917822953,74.0350546098592,117.3036449048921
4162,2072236.4031013215,3287526.7903510476,74.0350546098592,117.45388947455642
4163,2070751.7221136938,3289377.206497482,74.0350546098592,117.60425864424143
4164,2069268.3553633615,3291227.165419084,74.0350546098592,117.75475244363192
4165,2067786.3014731857,3293076.66627369,74.0350546098592,117.9053709023651
4166,2066305.559067686,3294925.708220164,74.0350546098592,118.0561140500315
4167,2064826.1267730317,3296774.29041839,74.0350546098592,118.20698191617495
4168,2063348.0032170436,3298622.412029265,74.0350546098592,118.3579745302922
4169,2061871.1870292008,3300470.0722147236,74.0350546098592,118.50909192183325
4170,2060395.676840618,3302317.2701377054,74.0350546098592,118.66033412020136
4171,2058921.4712840612,3304164.004962174,74.0350546098592,118.81170115475273
4172,2057448.5689939419,3306010.275853123,74.0350546098592,118.96319305479676
4173,2055976.9686063067,3307856.0819765558,74.0350546098592,119.11480984959609
4174,2054506.6687588454,3309701.422499493,74.0350546098592,119.266551568366
4175,2053037.6680908825,3311546.296589993,74.0350546098592,119.4184182402756
4176,2051569.9652433754,3313390.703417127,74.0350546098592,119.57040989444701
4177,2050103.5588589157,3315234.6421509804,74.0350546098592,119.72252655995504
4178,2048638.4475817229,3317078.111962663,74.0350546098592,119.87476826582788
4179,2047174.6300576471,3318921.112024303,74.0350546098592,120.02713504104665
4180,2045712.1049341606,3320763.641509067,74.0350546098592,120.17962691454632
4181,2044250.8708603587,3322605.699591115,74.0350546098592,120.33224391521415
4182,2042790.9264869634,3324447.2854456534,74.0350546098592,120.48498607189102
4183,2041332.2704663083,3326288.3982488923,74.0350546098592,120.63785341337076
4184,2039874.9014523472,3328129.037178072,74.0350546098592,120.79084596840055
4185,2038418.8181006492,3329969.201411442,74.0350546098592,120.9439637656801
4186,2036964.0190683948,3331808.890128289,74.0350546098592,121.097206833863
4187,2035510.5030143736,3333648.1025089165,74.0350546098592,121.25057520155586
4188,2034058.2685989852,3335486.8377346373,74.0350546098592,121.40406889731796
4189,2032607.3144842335,3337325.094987791,74.0350546098592,121.55768794966185
4190,2031157.639333728,3339162.873451748,74.0350546098592,121.71143238705363
4191,2029709.2418126767,3341000.1723108855,74.0350546098592,121.86530223791218
4192,2028262.1205878903,3342836.9907506197,74.0350546098592,122.01929753060989
4193,2026816.2743277766,3344673.3279573666,74.0350546098592,122.17341829347161
4194,2025371.7017023335,3346509.183118577,74.0350546098592,122.32766455477612
4195,2023928.40138316,3348344.555422713,74.0350546098592,122.48203634275453
4196,2022486.3720434385,3350179.444059268,74.0350546098592,122.63653368559189
4197,2021045.612357944,3352013.8482187493,74.0350546098592,122.79115661142586
4198,2019606.1210030382,3353847.7670926894,74.0350546098592,122.94590514834753
4199,2018167.8966566666,3355681.199873639,74.0350546098592,123.10077932440092
4200,2016730.9379983551,3357514.1457551657,74.0350546098592,123.25577916758333
4201,2015295.243709213,3359346.60393187,74.0350546098592,123.41090470584533
4202,2013860.812471927,3361178.573599365,74.0350546098592,123.56615596709048
4203,2012427.6429707545,3363010.0539542767,74.0350546098592,123.7215329791754
4204,2010995.733891537,3364841.044194269,74.0350546098592,123.87703576991001
4205,2009565.0839216774,3366671.5435180166,74.0350546098592,124.03266436705759
4206,2008135.6917501572,3368501.5511252154,74.0350546098592,124.18841879833406
4207,2006707.556067517,3370331.06621658,74.0350546098592,124.34429909140887
4208,2005280.675565868,3372160.0879938477,74.0350546098592,124.50030527390456
4209,2003855.0489388849,3373988.6156597766,74.0350546098592,124.65643737339667
4210,2002430.6748818003,3375816.648418155,74.0350546098592,124.81269541741455
4211,2001007.5520914106,3377644.185473772,74.0350546098592,124.96907943343967
4212,1999585.6792660651,3379471.226032455,74.0350546098592,125.12558944890756
4213,1998165.0551056683,3381297.769301043,74.0350546098592,125.2822254912067
4214,1996745.6783116818,3383123.8144873884,74.0350546098592,125.4389875876781
4215,1995327.5475871132,3384949.3608003748,74.0350546098592,125.59587576561673
4216,1993910.6616365204,3386774.407449914,74.0350546098592,125.75289005227084
4217,1992495.0191660097,3388598.953646917,74.0350546098592,125.91003047484104
4218,1991080.6188832307,3390422.9986033193,74.0350546098592,126.06729706048138
4219,1989667.459497373,3392246.541532102,74.0350546098592,126.22468983630014
4220,1988255.5397191725,3394069.5816472336,74.0350546098592,126.38220882935728
4221,1986844.8582608965,3395892.118163713,74.0350546098592,126.53985406666668
4222,1985435.4138363563,3397714.150297569,74.0350546098592,126.69762557519546
4223,1984027.205160891,3399535.677265839,74.0350546098592,126.85552338186369
4224,1982620.2309513735,3401356.698286589,74.0350546098592,127.01354751354506
4225,1981214.4899262097,3403177.2125788894,74.0350546098592,127.17169799706569
4226,1979809.9808053302,3404997.2193628424,74.0350546098592,127.32997485920546
4227,1978406.7023101954,3406816.7178595695,74.0350546098592,127.48837812669734
4228,1977004.653163785,3408635.7072912157,74.0350546098592,127.64690782622782
4229,1975603.832090604,3410454.186880937,74.0350546098592,127.80556398443623
4230,1974204.237816678,3412272.1558529064,74.0350546098592,127.96434662791489
4231,1972805.8690695483,3414089.6134323217,74.0350546098592,128.1232557832097
4232,1971408.7245782714,3415906.5588454017,74.0350546098592,128.2822914768199
4233,1970012.8030734216,3417722.991319372,74.0350546098592,128.4414537351972
4234,1968618.1032870826,3419538.9100825004,74.0350546098592,128.60074258474765
4235,1967224.6239528465,3421354.3143640584,74.0350546098592,128.76015805183005
4236,1965832.3638058174,3423169.20339432,74.0350546098592,128.9197001627554
4237,1964441.3215826005,3424983.5764046176,74.0350546098592,129.07936894378992
4238,1963051.4960213094,3426797.432627268,74.0350546098592,129.23916442115132
4239,1961662.8858615546,3428610.771295615,74.0350546098592,129.3990866210113
4240,1960275.48984445,3430423.5916440394,74.0350546098592,129.55913556949525
4241,1958889.306712608,3432235.892907914,74.0350546098592,129.7193112926807
4242,1957504.3352101322,3434047.674323643,74.0350546098592,129.8796138165993
4243,1956120.574082625,3435858.9351286422,74.0350546098592,130.04004316723532
4244,1954738.0220771788,3437669.674561357,74.0350546098592,130.20059937052693
4245,1953356.6779423729,3439479.8918612306,74.0350546098592,130.3612824523649
4246,1951976.5404282808,3441289.5862687537,74.0350546098592,130.522092438594
4247,1950597.6082864564,3443098.7570254095,74.0350546098592,130.68302935501168
4248,1949219.8802699381,3444907.403373715,74.0350546098592,130.8440932273692
4249,1947843.35513325,3446715.524557181,74.0350546098592,131.00528408137006
4250,1946468.0316323915,3448523.119820365,74.0350546098592,131.1666019426723
4251,1945093.908524842,3450330.1884088153,74.0350546098592,131.3280468368862
4252,1943720.9845695582,3452136.729569121,74.0350546098592,131.48961878957604
4253,1942349.2585269683,3453942.742548876,74.0350546098592,131.65131782625926
4254,1940978.729158975,3455748.226596679,74.0350546098592,131.8131439724058
4255,1939609.3952289494,3457553.180962175,74.0350546098592,131.97509725344025
4256,1938241.255501729,3459357.6048960043,74.0350546098592,132.13717769473976
4257,1936874.308743622,3461161.497649818,74.0350546098592,132.29938532163422
4258,1935508.5537223977,3462964.858476308,74.0350546098592,132.46172015940806
4259,1934143.9892072896,3464767.6866291612,74.0350546098592,132.62418223329797
4260,1932780.61396899,3466569.981363088,74.0350546098592,132.7867715684945
4261,1931418.426779648,3468371.7419338166,74.0350546098592,132.94948819014155
4262,1930057.426412874,3470172.9675980825,74.0350546098592,133.1123321233358
4263,1928697.6116437279,3471973.657613645,74.0350546098592,133.27530339312779
4264,1927338.981248724,3473773.811239276,74.0350546098592,133.4384020245213
4265,1925981.5340058308,3475573.427734772,74.0350546098592,133.60162804247344
4266,1924625.2686944604,3477372.506360926,74.0350546098592,133.76498147189432
4267,1923270.1840954716,3479171.046379567,74.0350546098592,133.92846233764828
4268,1921916.2789911723,3480969.0470535136,74.0350546098592,134.09207066455164
4269,1920563.5521653106,3482766.5076466273,74.0350546098592,134.25580647737542
4270,1919212.0024030767,3484563.427423764,74.0350546098592,134.4196698008431
4271,1917861.628491098,3486359.805650799,74.0350546098592,134.58366065963193
4272,1916512.4292174415,3488155.641594626,74.0350546098592,134.74777907837236
4273,1915164.403371609,3489950.9345231527,74.0350546098592,134.91202508164844
4274,1913817.5497445324,3491745.683705298,74.0350546098592,135.07639869399753
4275,1912471.8671285808,3493539.8884109855,74.0350546098592,135.24089993990975
4276,1911127.354317549,3495333.547911178,74.0350546098592,135.40552884382979
4277,1909784.0101066586,3497126.66147783,74.0350546098592,135.570285430155
4278,1908441.8332925614,3498919.2283839076,74.0350546098592,135.73516972323577
4279,1907100.822673329,3500711.2479034066,74.0350546098592,135.90018174737673
4280,1905760.977048455,3502502.7193113207,74.0350546098592,136.06532152683536
4281,1904422.2952188577,3504293.641883666,74.0350546098592,136.23058908582274
4282,1903084.7759868682,3506084.0148974694,74.0350546098592,136.39598444850344
4283,1901748.418156236,3507873.8376307664,74.0350546098592,136.56150763899538
4284,1900413.220532127,3509663.1093626064,74.0350546098592,136.72715868136962
4285,1899079.1819211156,3511451.82937306,74.0350546098592,136.89293759965148
4286,1897746.3011311914,3513239.9969431823,74.0350546098592,137.05884441781828
4287,1896414.57697175,3515027.6113550817,74.0350546098592,137.22487915980253
4288,1895084.0082535932,3516814.671891846,74.0350546098592,137.39104184948906
4289,1893754.5937889318,3518601.1778375804,74.0350546098592,137.5573325107161
4290,1892426.332391375,3520387.1284774086,74.0350546098592,137.72375116727594
4291,1891099.2228759385,3522172.523097463,74.0350546098592,137.89029784291392
4292,1889773.264059033,3523957.360984888,74.0350546098592,138.05697256132922
4293,1888448.4547584679,3525741.6414278303,74.0350546098592,138.22377534617408
4294,1887124.793793452,3527525.3637154573,74.0350546098592,138.3907062210543
4295,1885802.279984584,3529308.527137947,74.0350546098592,138.5577652095296
4296,1884480.9121538536,3531091.1309864772,74.0350546098592,138.72495233511285
4297,1883160.6891246468,3532873.174553242,74.0350546098592,138.89226762127015
4298,1881841.6097217326,3534654.657131437,74.0350546098592,139.05971109142118
4299,1880523.672771269,3536435.578015294,74.0350546098592,139.2272827689401
4300,1879206.8771007971,3538215.93650002,74.0350546098592,139.39498267715337
4301,1877891.2215392434,3539995.731881852,74.0350546098592,139.56281083934152
4302,1876576.7049169145,3541774.9634580277,74.0350546098592,139.73076727873843
4303,1875263.3260654951,3543553.6305267997,74.0350546098592,139.8988520185318
4304,1873951.0838180464,3545331.73238742,74.0350546098592,140.06706508186267
4305,1872639.97700901,3547109.26834016,74.0350546098592,140.23540649182561
4306,1871330.0044741964,3548886.2376862927,74.0350546098592,140.40387627146893
4307,1870021.1650507913,3550662.6397280945,74.0350546098592,140.57247444379402
4308,1868713.4575773487,3552438.473768855,74.0350546098592,140.7412010317563
4309,1867406.8808937906,3554213.7391128736,74.0350546098592,140.91005605826481
4310,1866101.433841407,3555988.435065454,74.0350546098592,141.07903954618192
4311,1864797.115262854,3557762.5609329017,74.0350546098592,141.24815151832337
4312,1863493.9240021452,3559536.1160225496,74.0350546098592,141.41739199745962
4313,1862191.8589046623,3561309.0996427047,74.0350546098592,141.586761006313
4314,1860890.9188171409,3563081.511102706,74.0350546098592,141.75625856756085
4315,1859591.1025876754,3564853.349712888,74.0350546098592,141.92588470383353
4316,1858292.4090657195,3566624.614784587,74.0350546098592,142.09563943771485
4317,1856994.837102075,3568395.305630163,74.0350546098592,142.265522791743
4318,1855698.3855489024,3570165.4215629622,74.0350546098592,142.4355347884089
4319,1854403.0532597066,3571934.961897344,74.0350546098592,142.6056754501577
4320,1853108.8390893436,3573703.9259486687,74.0350546098592,142.7759447993879
4321,1851815.7418940184,3575472.3130333098,74.0350546098592,142.94634285845183
4322,1850523.7605312748,3577240.1224686364,74.0350546098592,143.11686964965557
4323,1849232.893860009,3579007.3535730294,74.0350546098592,143.28752519525852
4324,1847943.1407404507,3580774.0056658667,74.0350546098592,143.45830951747405
4325,1846654.5000341726,3582540.0780675383,74.0350546098592,143.62922263846934
4326,1845366.9706040854,3584305.5700994274,74.0350546098592,143.8002645803647
4327,1844080.5513144368,3586070.4810839244,74.0350546098592,143.9714353652345
4328,1842795.2410308032,3587834.8103444213,74.0350546098592,144.14273501510687
4329,1841511.0386201048,3589598.557205321,74.0350546098592,144.31416355196336
4330,1840227.9429505821,3591361.720992026,74.0350546098592,144.48572099773986
4331,1838945.952891808,3593124.3010309394,74.0350546098592,144.6574073743257
4332,1837665.0673146865,3594886.2966494607,74.0350546098592,144.8292227035633
4333,1836385.285091442,3596647.7071759957,74.0350546098592,145.0011670072495
4334,1835106.6050956268,3598408.5319399475,74.0350546098592,145.17324030713456
4335,1833829.0262021136,3600168.770271734,74.0350546098592,145.34544262492287
4336,1832552.547287093,3601928.421502769,74.0350546098592,145.5177739822728
4337,1831277.1672280808,3603687.484965452,74.0350546098592,145.69023440079525
4338,1830002.8849039034,3605445.959993195,74.0350546098592,145.86282390205594
4339,1828729.6991947063,3607203.845920419,74.0350546098592,146.03554250757443
4340,1827457.6089819449,3608961.142082521,74.0350546098592,146.20839023882337
4341,1826186.61314839,3610717.847815934,74.0350546098592,146.38136711723033
4342,1824916.7105781212,3612473.9624580503,74.0350546098592,146.55447316417522
4343,1823647.9001565254,3614229.485347287,74.0350546098592,146.7277084009929
4344,1822380.1807702964,3615984.415823058,74.0350546098592,146.90107284897192
4345,1821113.551307434,3617738.753225759,74.0350546098592,147.07456652935383
4346,1819848.0106572406,3619492.496896797,74.0350546098592,147.24818946333463
4347,1818583.5577103177,3621245.646178586,74.0350546098592,147.42194167206478
4348,1817320.1913585716,3622998.200414524,74.0350546098592,147.59582317664746
4349,1816057.9104952,3624750.158949015,74.0350546098592,147.7698339981408
4350,1814796.7140147043,3626501.5211274484,74.0350546098592,147.94397415755552
4351,1813536.6008128743,3628252.2862962144,74.0350546098592,148.118243675857
4352,1812277.5697867943,3630002.4538027192,74.0350546098592,148.29264257396514
4353,1811019.6198348424,3631752.022995336,74.0350546098592,148.46717087275223
4354,1809762.7498566827,3633500.9932234576,74.0350546098592,148.64182859304586
4355,1808506.9587532708,3635249.363837451,74.0350546098592,148.8166157556262
4356,1807252.2454268448,3636997.1341887033,74.0350546098592,148.99153238122872
4357,1805998.6087809275,3638744.3036295874,74.0350546098592,149.16657849054238
4358,1804746.047720328,3640490.87151345,74.0350546098592,149.34175410420897
4359,1803494.5611511325,3642236.837194669,74.0350546098592,149.51705924282592
4360,1802244.147980708,3643982.2000285955,74.0350546098592,149.69249392694368
4361,1800994.8071176999,3645726.959371571,74.0350546098592,149.86805817706653
4362,1799746.5374720294,3647471.114580947,74.0350546098592,150.04375201365332
4363,1798499.337954889,3649214.6650150483,74.0350546098592,150.2195754571163
4364,1797253.2074787496,3650957.6100332155,74.0350546098592,150.39552852782214
4365,1796008.1449573475,3652699.9489957634,74.0350546098592,150.57161124609127
4366,1794764.1493056926,3654441.6812640154,74.0350546098592,150.74782363219833
4367,1793521.21944006,3656182.8062002766,74.0350546098592,150.92416570637187
4368,1792279.3542779898,3657923.3231678437,74.0350546098592,151.10063748879435
4369,1791038.5527382889,3659663.231531001,74.0350546098592,151.27723899960205
4370,1789798.8137410255,3661402.5306550493,74.0350546098592,151.4539702588863
4371,1788560.1362075305,3663141.2199062495,74.0350546098592,151.63083128669118
4372,1787322.5190603915,3664879.298651869,74.0350546098592,151.80782210301558
4373,1786085.9612234544,3666616.7662601615,74.0350546098592,151.98494272781238
4374,1784850.461621825,3668353.6221003802,74.0350546098592,152.16219318098842
4375,1783616.0191818567,3670089.8655427573,74.0350546098592,152.33957348240483
4376,1782382.6328311602,3671825.4959585126,74.0350546098592,152.51708365187642
4377,1781150.3014985984,3673560.512719871,74.0350546098592,152.69472370917262
4378,1779919.0241142798,3675294.915200029,74.0350546098592,152.87249367401657
4379,1778688.7996095624,3677028.7027731864,74.0350546098592,153.050393566086
4380,1777459.626917052,3678761.8748145145,74.0350546098592,153.22842340501194
4381,1776231.5049705955,3680494.4307001834,74.0350546098592,153.40658321038032
4382,1775004.4327052876,3682226.369807357,74.0350546098592,153.58487300173107
4383,1773778.4090574598,3683957.6915141763,74.0350546098592,153.76329279855818
4384,1772553.4329646842,3685688.3951997682,74.0350546098592,153.94184262030973
4385,1771329.503365775,3687418.480244257,74.0350546098592,154.1205224863881
4386,1770106.6192007754,3689147.9460287495,74.0350546098592,154.29933241615026
4387,1768884.7794109706,3690876.7919353195,74.0350546098592,154.47827242890605
4388,1767663.9829388757,3692605.017347064,74.0350546098592,154.65734254392132
4389,1766444.2287282362,3694332.621648036,74.0350546098592,154.83654278041496
4390,1765225.5157240308,3696059.604223281,74.0350546098592,155.0158731575602
4391,1764007.842872465,3697785.964458835,74.0350546098592,155.19533369448493
4392,1762791.2091209684,3699511.7017417066,74.0350546098592,155.37492441027086
4393,1761575.613418201,3701236.8154599024,74.0350546098592,155.5546453239542
4394,1760361.0547140432,3702961.30500241,74.0350546098592,155.73449645452547
4395,1759147.5319595963,3704685.1697591865,74.0350546098592,155.91447782092922
4396,1757935.0441071857,3706408.409121193,74.0350546098592,156.0945894420646
4397,1756723.5901103516,3708131.0224803593,74.0350546098592,156.2748313367849
4398,1755513.1689238548,3709853.0092295995,74.0350546098592,156.45520352389744
4399,1754303.779503668,3711574.3687628116,74.0350546098592,156.6357060221644
4400,1753095.4208069812,3713295.1004748796,74.0350546098592,156.81633885030197
4401,1751888.0917921965,3715015.2037616656,74.0350546098592,156.99710202698077
4402,1750681.791418923,3716734.6780200014,74.0350546098592,157.1779955708255
4403,1749476.5186479841,3718453.5226477245,74.0350546098592,157.35901950041574
4404,1748272.272441409,3720171.7370436317,74.0350546098592,157.540173834285
4405,1747069.0517624298,3721889.3206075034,74.0350546098592,157.72145859092134
4406,1745866.8555754903,3723606.272740107,74.0350546098592,157.90287378876698
4407,1744665.6828462293,3725322.5928431875,74.0350546098592,158.08441944621916
4408,1743465.5325414916,3727038.2803194616,74.0350546098592,158.2660955816288
4409,1742266.4036293216,3728753.3345726356,74.0350546098592,158.44790221330177
4410,1741068.2950789612,3730467.7550073788,74.0350546098592,158.62983935949768
4411,1739871.2058608455,3732181.5410293494,74.0350546098592,158.8119070384315
4412,1738675.1349466133,3733894.692045185,74.0350546098592,158.99410526827188
4413,1737480.0813090876,3735607.2074625012,74.0350546098592,159.17643406714282
4414,1736286.0439222904,3737319.0866898797,74.0350546098592,159.35889345312165
4415,1735093.02176143,3739030.3291368894,74.0350546098592,159.5414834442411
4416,1733901.0138029032,3740740.934214068,74.0350546098592,159.72420405848808
4417,1732710.0190242992,3742450.9013329223,74.0350546098592,159.90705531380326
4418,1731520.0364043866,3744160.229905965,74.0350546098592,160.0900372280837
4419,1730331.0649231237,3745868.919346648,74.0350546098592,160.273149819179
4420,1729143.1035616475,3747576.9690694157,74.0350546098592,160.4563931048944
4421,1727956.1513022778,3749284.3784896815,74.0350546098592,160.63976710298928
4422,1726770.2071285152,3750991.1470238403,74.0350546098592,160.8232718311778
4423,1725585.2700250347,3752697.274089248,74.0350546098592,161.00690730712859
4424,1724401.3389776917,3754402.759104253,74.0350546098592,161.1906735484652
4425,1723218.4129735176,3756107.601488154,74.0350546098592,161.37457057276484
4426,1722036.4910007105,3757811.8006612365,74.0350546098592,161.55859839756044
4427,1720855.5720486476,3759515.356044757,74.0350546098592,161.74275704033892
4428,1719675.6551078723,3761218.2670609336,74.0350546098592,161.92704651854174
4429,1718496.7391700994,3762920.533132967,74.0350546098592,162.11146684956535
4430,1717318.8232282104,3764622.1536850166,74.0350546098592,162.29601805076024
4431,1716141.9062762512,3766323.128142235,74.0350546098592,162.48070013943277
4432,1714965.9873094335,3768023.455930726,74.0350546098592,162.665513132843
4433,1713791.065324133,3769723.136477566,74.0350546098592,162.85045704820564
4434,1712617.1393178832,3771422.1692107986,74.0350546098592,163.03553190269042
4435,1711444.2082893802,3773120.5535594393,74.0350546098592,163.22073771342153
4436,1710272.2712384788,3774818.2889534784,74.0350546098592,163.40607449747816
4437,1709101.3271661876,3776515.374823875,74.0350546098592,163.59154227189455
4438,1707931.375074674,3778211.8106025355,74.0350546098592,163.77714105365845
4439,1706762.4139672576,3779907.5957223508,74.0350546098592,163.9628708597132
4440,1705594.4428484086,3781602.7296171915,74.0350546098592,164.14873170695768
4441,1704427.4607237515,3783297.2117218594,74.0350546098592,164.3347236122436
4442,1703261.4666000574,3784991.0414721584,74.0350546098592,164.52084659237934
4443,1702096.4594852459,3786684.2183048413,74.0350546098592,164.70710066412724
4444,1700932.4383883846,3788376.741657621,74.0350546098592,164.89348584420398
4445,1699769.4023196823,3790068.610969191,74.0350546098592,165.08000214928217
4446,1698607.3502904957,3791759.825679191,74.0350546098592,165.26664959598807
4447,1697446.281313319,3793450.385228233,74.0350546098592,165.45342820090337
4448,1696286.1944017892,3795140.2890579067,74.0350546098592,165.64033798056514
4449,1695127.0885706835,3796829.5366107533,74.0350546098592,165.82737895146454
4450,1693968.9628359112,3798518.127330272,74.0350546098592,166.014551130048
4451,1692811.8162145244,3800206.060660929,74.0350546098592,166.20185453271637
4452,1691655.6477247055,3801893.3360481504,74.0350546098592,166.3892891758256
4453,1690500.4563857699,3803579.9529383425,74.0350546098592,166.57685507568746
4454,1689346.2412181664,3805265.9107788443,74.0350546098592,166.7645522485671
4455,1688193.0012434719,3806951.2090179706,74.0350546098592,166.95238071068556
4456,1687040.7354843935,3808635.847105005,74.0350546098592,167.14034047821892
4457,1685889.442964766,3810319.8244901677,74.0350546098592,167.32843156729723
4458,1684739.1227095455,3812003.1406246684,74.0350546098592,167.51665399400716
4459,1683589.773744817,3813685.794960653,74.0350546098592,167.70500777438895
4460,1682441.395097789,3815367.78695124,74.0350546098592,167.8934929244383
4461,1681293.9857967854,3817049.1160504986,74.0350546098592,168.08210946010615
4462,1680147.544871256,3818729.7817134573,74.0350546098592,168.27085739729802
4463,1679002.0713517661,3820409.7833961006,74.0350546098592,168.4597367518746
4464,1677857.5642699967,3822089.120555381,74.0350546098592,168.64874753965213
4465,1676714.0226587483,3823767.7926491983,74.0350546098592,168.8378897764013
4466,1675571.445551931,3825445.7991364026,74.0350546098592,169.02716347784784
4467,1674429.8319845719,3827123.1394768264,74.0350546098592,169.21656865967336
4468,1673289.1809928063,3828799.813131226,74.0350546098592,169.4061053375135
4469,1672149.491613878,3830475.8195613357,74.0350546098592,169.59577352696007
4470,1671010.7628861428,3832151.1582298223,74.0350546098592,169.78557324355867
4471,1669872.9938490626,3833825.8286003345,74.0350546098592,169.9755045028114
4472,1668736.1835432015,3835499.830137461,74.0350546098592,170.16556732017503
4473,1667600.3310102306,3837173.162306737,74.0350546098592,170.35576171106106
4474,1666465.4352929231,3838845.8245746614,74.0350546098592,170.5460876908366
4475,1665331.4954351527,3840517.81640868,74.0350546098592,170.73654527482373
4476,1664198.5104818936,3842189.1372771934,74.0350546098592,170.9271344782998
4477,1663066.479479217,3843859.786649558,74.0350546098592,171.11785531649764
4478,1661935.4014742933,3845529.7639960805,74.0350546098592,171.3087078046051
4479,1660805.2755153866,3847199.0687880097,74.0350546098592,171.49969195776495
4480,1659676.100651852,3848867.700497557,74.0350546098592,171.6908077910761
4481,1658547.8759341447,3850535.6585978703,74.0350546098592,171.88205531959142
4482,1657420.6004138042,3852202.942563054,74.0350546098592,172.0734345583199
4483,1656294.2731434654,3853869.5518681747,74.0350546098592,172.26494552222596
4484,1655168.8931768464,3855535.4859892274,74.0350546098592,172.45658822622892
4485,1654044.4595687543,3857200.7444031574,74.0350546098592,172.6483626852033
4486,1652920.9713750838,3858865.3265878805,74.0350546098592,172.8402689139796
4487,1651798.4276528119,3860529.232022234,74.0350546098592,173.032306927343
4488,1650676.827459996,3862192.4601860107,74.0350546098592,173.22447674003433
4489,1649556.1698557814,3863855.010559957,74.0350546098592,173.4167783667497
4490,1648436.4539003868,3865516.8826257554,74.0350546098592,173.6092118221406
4491,1647317.678655112,3867178.075866046,74.0350546098592,173.8017771208143
4492,1646199.8431823356,3868838.5897643995,74.0350546098592,173.99447427733267
4493,1645082.9465455094,3870498.4238053355,74.0350546098592,174.18730330621344
4494,1643966.987809161,3872157.577474333,74.0350546098592,174.38026422193028
4495,1642851.9660388925,3873816.050257793,74.0350546098592,174.5733570389112
4496,1641737.880301373,3875473.8416430764,74.0350546098592,174.7665817715408
4497,1640624.7296643464,3877130.9511184786,74.0350546098592,174.95993843415846
4498,1639512.5131966234,3878787.378173245,74.0350546098592,175.15342704105944
4499,1638401.229968084,3880443.1222975506,74.0350546098592,175.34704760649385
4500,1637290.8790496713,3882098.1829825193,74.0350546098592,175.5408001446679
4501,1636181.4595133953,3883752.5597202256,74.0350546098592,175.73468466974356
4502,1635072.9704323306,3885406.2520036716,74.0350546098592,175.92870119583768
4503,1633965.4108806113,3887059.2593267993,74.0350546098592,176.1228497370227
4504,1632858.7799334307,3888711.5811844976,74.0350546098592,176.31713030732732
4505,1631753.076667047,3890363.217072596,74.0350546098592,176.51154292073517
4506,1630648.3001587724,3892014.1664878535,74.0350546098592,176.70608759118556
4507,1629544.4494869744,3893664.4289279818,74.0350546098592,176.90076433257406
4508,1628441.5237310797,3895314.0038916157,74.0350546098592,177.09557315875082
4509,1627339.5219715652,3896962.8908783426,74.0350546098592,177.2905140835227
4510,1626238.4432899638,3898611.0893886676,74.0350546098592,177.485587120651
4511,1625138.2867688562,3900258.5989240473,74.0350546098592,177.68079228385355
4512,1624039.051491873,3901905.418986872,74.0350546098592,177.87612958680396
4513,1622940.7365436964,3903551.5490804645,74.0350546098592,178.0715990431309
4514,1621843.3410100525,3905196.988709086,74.0350546098592,178.26720066641928
4515,1620746.863977716,3906841.7373779356,74.0350546098592,178.46293447020946
4516,1619651.3045345028,3908485.794593138,74.0350546098592,178.6588004679977
4517,1618556.6617692725,3910129.159861759,74.0350546098592,178.85479867323602
4518,1617462.9347719294,3911771.832691784,74.0350546098592,179.05092909933143
4519,1616370.1226334143,3913413.812592157,74.0350546098592,179.2471917596482
4520,1615278.2244457088,3915055.09907274,74.0350546098592,179.44358666750557
4521,1614187.2393018329,3916695.691644314,74.0350546098592,179.64011383617793
4522,1613097.1662958423,3918335.5898186136,74.0350546098592,179.8367732788966
4523,1612008.0045228256,3919974.793108291,74.0350546098592,180.03356500884823
4524,1610919.7530789077,3921613.3010269273,74.0350546098592,180.23048903917513
4525,1609832.4110612457,3923251.1130890576,74.0350546098592,180.42754538297643
4526,1608745.9775680283,3924888.2288101157,74.0350546098592,180.62473405330573
4527,1607660.451698471,3926524.6477064807,74.0350546098592,180.8220550631736
4528,1606575.8325528188,3928160.369295453,74.0350546098592,181.019508425546
4529,1605492.1192323458,3929795.393095268,74.0350546098592,181.21709415334493
4530,1604409.31083935,3931429.718625082,74.0350546098592,181.41481225944818
4531,1603327.4064771547,3933063.345404992,74.0350546098592,181.6126627566901
4532,1602246.405250105,3934696.2729559946,74.0350546098592,181.8106456578598
4533,1601166.3062635686,3936328.500800054,74.0350546098592,182.0087609757043
4534,1600087.1086239351,3937960.028460024,74.0350546098592,182.2070087229246
4535,1599008.8114386108,3939590.8554596854,74.0350546098592,182.40538891217827
4536,1597931.4138160197,3941220.9813237763,74.0350546098592,182.6039015560803
4537,1596854.914865607,3942850.4055779246,74.0350546098592,182.8025466671996
4538,1595779.3136978261,3944479.1277486966,74.0350546098592,183.00132425806265
4539,1594704.6094241496,3946107.14736358,74.0350546098592,183.2002343411513
4540,1593630.8011570615,3947734.4639509874,74.0350546098592,183.3992769289037
4541,1592557.8880100558,3949361.0770402416,74.0350546098592,183.59845203371373
4542,1591485.8690976386,3950986.9861616055,74.0350546098592,183.79775966793187
4543,1590414.7435353233,3952612.1908462634,74.0350546098592,183.9971998438651
4544,1589344.5104396304,3954236.6906263046,74.0350546098592,184.19677257377566
4545,1588275.168928089,3955860.485034745,74.0350546098592,184.39647786988198
4546,1587206.7181192304,3957483.573605526,74.0350546098592,184.59631574435937
4547,1586139.15713259,3959105.955873493,74.0350546098592,184.7962862093384
4548,1585072.485088707,3960727.631374442,74.0350546098592,184.9963892769072
4549,1584006.7011091195,3962348.5996450526,74.0350546098592,185.1966249591087
4550,1582941.8043163691,3963968.860222935,74.0350546098592,185.39699326794232
4551,1581877.7938339908,3965588.41264663,74.0350546098592,185.59749421536478
4552,1580814.6687865192,3967207.2564555826,74.0350546098592,185.79812781328835
4553,1579752.4282994862,3968825.3911901414,74.0350546098592,185.99889407358063
4554,1578691.0714994173,3970442.8163916045,74.0350546098592,186.1997930080674
4555,1577630.597513829,3972059.5316021577,74.0350546098592,186.40082462852956
4556,1576571.0054712337,3973675.536364907,74.0350546098592,186.60198894670418
4557,1575512.2945011316,3975290.8302238816,74.0350546098592,186.8032859742855
4558,1574454.4637340165,3976905.412724017,74.0350546098592,187.0047157229232
4559,1573397.5123013644,3978519.283411158,74.0350546098592,187.20627820422385
4560,1572341.4393356428,3980132.4418320726,74.0350546098592,187.40797342975046
4561,1571286.2439703054,3981744.887534446,74.0350546098592,187.60980141102246
4562,1570231.925339786,3983356.620066863,74.0350546098592,187.81176215951572
4563,1569178.482579507,3984967.638978815,74.0350546098592,188.01385568666174
4564,1568125.9148258688,3986577.9438207177,74.0350546098592,188.21608200384938
4565,1567074.221216254,3988187.5341438893,74.0350546098592,188.4184411224236
4566,1566023.400889025,3989796.409500567,74.0350546098592,188.6209330536861
4567,1564973.4529835226,3991404.5694438876,74.0350546098592,188.82355780889475
4568,1563924.3766400625,3993012.013527896,74.0350546098592,189.02631539926386
4569,1562876.17099994,3994618.7413075604,74.0350546098592,189.22920583596485
4570,1561828.835205421,3996224.752338736,74.0350546098592,189.43222913012488
4571,1560782.368399744,3997830.046178195,74.0350546098592,189.63538529282835
4572,1559736.7697271267,3999434.6223836285,74.0350546098592,189.83867433511583
4573,1558692.0383327485,4001038.4805136127,74.0350546098592,190.04209626798465
4574,1557648.1733627643,4002641.620127641,74.0350546098592,190.24565110238854
4575,1556605.1739642946,4004244.0407861103,74.0350546098592,190.44933884923796
4576,1555563.039285427,4005845.7420503176,74.0350546098592,190.65315951940002
4577,1554521.7684752173,4007446.7234824775,74.0350546098592,190.85711312369858
4578,1553481.3606836828,4009046.984645693,74.0350546098592,191.061199672914
4579,1552441.8150618055,4010646.525103981,74.0350546098592,191.2654191777835
4580,1551403.1307615312,4012245.344422256,74.0350546098592,191.46977164900062
4581,1550365.3069357611,4013843.442166339,74.0350546098592,191.67425709721655
4582,1549328.342738364,4015440.817902938,74.0350546098592,191.87887553303747
4583,1548292.2373241596,4017037.4711996755,74.0350546098592,192.08362696702775
4584,1547256.9898489309,4018633.4016250893,74.0350546098592,192.28851140970875
4585,1546222.5994694124,4020228.6087485813,74.0350546098592,192.49352887155717
4586,1545189.0653432952,4021823.0921404827,74.0350546098592,192.69867936300784
4587,1544156.386629224,4023416.8513720026,74.0350546098592,192.90396289445138
4588,1543124.5624867976,4025009.88601527,74.0350546098592,193.109379476236
4589,1542093.5920765602,4026602.1956432946,74.0350546098592,193.31492911866664
4590,1541063.4745600135,4028193.7798299943,74.0350546098592,193.52061183200468
4591,1540034.2090996027,4029784.6381501774,74.0350546098592,193.72642762646865
4592,1539005.794858722,4031374.770179552,74.0350546098592,193.93237651223404
4593,1537978.2310017117,4032964.1754947198,74.0350546098592,194.1384584994331
4594,1536951.5166938568,4034552.8536731713,74.0350546098592,194.34467359815477
4595,1535925.651101388,4036140.8042933103,74.0350546098592,194.5510218184455
4596,1534900.6333914779,4037728.0269344226,74.0350546098592,194.75750317030833
4597,1533876.4627322373,4039314.521176684,74.0350546098592,194.9641176637034
4598,1532853.138292723,4040900.2866011704,74.0350546098592,195.1708653085475
4599,1531830.659242927,4042485.3227898516,74.0350546098592,195.3777461147149
4600,1530809.0247537787,4044069.6293255826,74.0350546098592,195.58476009203676
4601,1529788.2339971485,4045653.205792112,74.0350546098592,195.79190725030065
4602,1528768.286145837,4047236.051774089,74.0350546098592,195.9991875992525
4603,1527749.1803735823,4048818.1668570433,74.0350546098592,196.20660114859425
4604,1526730.9158550557,4050399.55062739,74.0350546098592,196.4141479079848
4605,1525713.491765859,4051980.202672445,74.0350546098592,196.62182788704087
4606,1524696.907282525,4053560.1225804137,74.0350546098592,196.8296410953362
4607,1523681.1615825174,4055139.309940371,74.0350546098592,197.03758754240076
4608,1522666.2538442262,4056717.764342317,74.0350546098592,197.24566723772358
4609,1521652.1832469716,4058295.4853770975,74.0350546098592,197.45388019074855
4610,1520638.948970996,4059872.472636469,74.0350546098592,197.66222641087833
4611,1519626.5501974707,4061448.725713067,74.0350546098592,197.87070590747206
4612,1518614.9861084872,4063024.2442004154,74.0350546098592,198.07931868984636
4613,1517604.255887061,4064599.027692917,74.0350546098592,198.288064767275
4614,1516594.35871713,4066173.075785871,74.0350546098592,198.49694414898912
4615,1515585.2937835508,4067746.388075457,74.0350546098592,198.70595684417728
4616,1514577.0602720983,4069318.964158723,74.0350546098592,198.91510286198465
4617,1513569.6573694672,4070890.803633623,74.0350546098592,199.1243822115145
4618,1512563.0842632689,4072461.9060989777,74.0350546098592,199.33379490182688
4619,1511557.3401420272,4074032.2711544987,74.0350546098592,199.54334094193968
4620,1510552.4241951848,4075601.898400772,74.0350546098592,199.75302034082748
4621,1509548.3356130933,4077170.787439268,74.0350546098592,199.96283310742282
4622,1508545.0735870197,4078738.937872334,74.0350546098592,200.17277925061506
4623,1507542.6373091403,4080306.349303203,74.0350546098592,200.38285877925153
4624,1506541.0259725398,4081873.0213359757,74.0350546098592,200.59307170213648
4625,1505540.2387712141,4083438.9535756437,74.0350546098592,200.80341802803193
4626,1504540.2749000653,4085004.145628084,74.0350546098592,201.01389776565782
4627,1503541.1335549026,4086568.597100026,74.0350546098592,201.22451092369025
4628,1502542.8139324374,4088132.3075990914,74.0350546098592,201.43525751076396
4629,1501545.3152302878,4089695.2767337803,74.0350546098592,201.64613753547093
4630,1500548.636646976,4091257.50411346,74.0350546098592,201.85715100636
4631,1499552.777381922,4092818.989348379,74.0350546098592,202.06829793193847
4632,1498557.736635447,4094379.7320496677,74.0350546098592,202.2795783206713
4633,1497563.5136087767,4095939.7318293056,74.0350546098592,202.4909921809793
4634,1496570.1075040274,4097498.9883001777,74.0350546098592,202.70253952124332
4635,1495577.517524219,4099057.5010760217,74.0350546098592,202.91422034980002
4636,1494585.7428732626,4100615.2697714483,74.0350546098592,203.1260346749443
4637,1493594.782755967,4102172.294001954,74.0350546098592,203.337982504929
4638,1492604.6363780354,4103728.573383894,74.0350546098592,203.55006384796397
4639,1491615.3029460611,4105284.1075344947,74.0350546098592,203.76227871221707
4640,1490626.7816675284,4106838.8960718648,74.0350546098592,203.97462710581442
4641,1489639.071750816,4108392.938614963,74.0350546098592,204.18710903683848
4642,1488652.1724051856,4109946.234783621,74.0350546098592,204.39972451333026
4643,1487666.0828407952,4111498.7841985687,74.0350546098592,204.61247354328913
4644,1486680.8022686813,4113050.5864813714,74.0350546098592,204.82535613467147
4645,1485696.3299007718,4114601.641254473,74.0350546098592,205.03837229539147
4646,1484712.6649498772,4116151.9481411777,74.0350546098592,205.25152203332098
4647,1483729.806629692,4117701.5067656683,74.0350546098592,205.4648053562902
4648,1482747.754154792,4119250.3167529805,74.0350546098592,205.67822227208674
4649,1481766.5067406367,4120798.377729029,74.0350546098592,205.89177278845636
4650,1480786.063603565,4122345.6893205815,74.0350546098592,206.1054569131023
4651,1479806.4239607928,4123892.251155273,74.0350546098592,206.31927465368608
4652,1478827.5870304166,4125438.062861607,74.0350546098592,206.53322601782705
4653,1477849.5520314088,4126983.1240689503,74.0350546098592,206.74731101310266
4654,1476872.318183618,4128527.4344075094,74.0350546098592,206.961529647047
4655,1475895.8847077673,4130070.9935083906,74.0350546098592,207.17588192715417
4656,1474920.2508254517,4131613.8010035357,74.0350546098592,207.3903678608752
4657,1473945.4157591427,4133155.856525751,74.0350546098592,207.60498745561858
4658,1472971.378732179,4134697.1597087113,74.0350546098592,207.81974071875206
4659,1471998.1389687732,4136237.710186937,74.0350546098592,208.0346276576
4660,1471025.6956940026,4137777.507595813,74.0350546098592,208.24964827944578
4661,1470054.0481338166,4139316.551571597,74.0350546098592,208.46480259153114
4662,1469083.1955150315,4140854.8417513883,74.0350546098592,208.68009060105484
4663,1468113.1370653263,4142392.37777315,74.0350546098592,208.8955123151747
4664,1467143.8720132466,4143929.1592756957,74.0350546098592,209.11106774100614
4665,1466175.3995882028,4145465.185898701,74.0350546098592,209.32675688562273
4666,1465207.719020467,4147000.4572826894,74.0350546098592,209.54257975605594
4667,1464240.8295411721,4148534.973069062,74.0350546098592,209.75853635929673
4668,1463274.7303823128,4150068.7329000393,74.0350546098592,209.97462670229234
4669,1462309.4207767423,4151601.7364187236,74.0350546098592,210.19085079194963
4670,1461344.899958172,4153133.983269058,74.0350546098592,210.4072086351331
4671,1460381.1671611713,4154665.4730958454,74.0350546098592,210.6237002386658
4672,1459418.2216211634,4156196.205544731,74.0350546098592,210.84032560932883
4673,1458456.062574432,4157726.1802622196,74.0350546098592,211.0570847538613
4674,1457494.689258108,4159255.396895672,74.0350546098592,211.2739776789617
4675,1456534.1009101789,4160783.855093279,74.0350546098592,211.4910043912853
4676,1455574.2967694844,4162311.5545041026,74.0350546098592,211.7081648974468
4677,1454615.276075713,4163838.494778046,74.0350546098592,211.92545920401915
4678,1453657.0380694044,4165364.6755658477,74.0350546098592,212.1428873175327
4679,1452699.5819919463,4166890.0965191224,74.0350546098592,212.3604492444777
4680,1451742.9070855728,4168414.757290311,74.0350546098592,212.578144991302
4681,1450787.0125933676,4169938.6575327115,74.0350546098592,212.79597456441184
4682,1449831.8977592576,4171461.7969004633,74.0350546098592,213.01393797017195
4683,1448877.5618280126,4172984.175048552,74.0350546098592,213.23203521490595
4684,1447924.0040452476,4174505.7916327994,74.0350546098592,213.45026630489488
4685,1446971.2236574206,4176026.6463098954,74.0350546098592,213.66863124637976
4686,1446019.219911831,4177546.7387373545,74.0350546098592,213.8871300455588
4687,1445067.9920566145,4179066.06857354,74.0350546098592,214.10576270858965
4688,1444117.539340749,4180584.6354776495,74.0350546098592,214.32452924158775
4689,1443167.8610140502,4182102.439109749,74.0350546098592,214.54342965062835
4690,1442218.9563271701,4183619.479130712,74.0350546098592,214.76246394174362
4691,1441270.8245315969,4185135.75520228,74.0350546098592,214.9816321209258
4692,1440323.4648796534,4186651.266987022,74.0350546098592,215.20093419412498
4693,1439376.8766244957,4188166.01414835,74.0350546098592,215.4203701672503
4694,1438431.059020115,4189679.996350511,74.0350546098592,215.63994004616885
4695,1437486.0113213304,4191193.213258597,74.0350546098592,215.8596438367074
4696,1436541.7327837937,4192705.664538537,74.0350546098592,216.07948154465092
4697,1435598.2226639881,4194217.3498570947,74.0350546098592,216.29945317574285
4698,1434655.4802192228,4195728.268881875,74.0350546098592,216.51955873568588
4699,1433713.5047076328,4197238.421281312,74.0350546098592,216.73979823014136
